subsidy,deviation,run,solve_time,avg_h2_production,objective_value
30.0,0.1,1,5.558879137039185,0.0,20711651.16111414
30.0,0.1,1,19.021089792251587,0.0,20709029.275514543
30.0,0.1,1,186.59768843650818,0.235790443943677,20701466.20121943
30.0,0.1,1,872.3352906703949,0.09581365774532463,20713604.311906133
30.0,0.1,1,7.38605523109436,0.0,21036637.27273644
30.0,0.1,1,30.652448654174805,0.0032554119136764155,21043545.32173778
30.0,0.1,1,3081.8846118450165,0.07829761187051135,21058363.302726954
