subsidy,deviation,run,solve_time,avg_h2_production,objective_value
30.0,0.05,3,4.140921354293823,0.0,19675391.145647444
30.0,0.05,3,18.531339645385742,0.14700787794889875,19660456.68645645
30.0,0.05,3,84.53505420684814,0.31722063176552473,19673871.834823366
30.0,0.05,3,391.11085200309753,0.1679099470133746,19683074.852590792
30.0,0.05,3,4.218374490737915,0.0,20038779.49899656
30.0,0.05,3,13.724231719970703,0.0,20049795.2737911
30.0,0.05,3,263.8786599636078,0.10574561084326635,20063885.170819815
30.0,0.05,3,705.2295269966125,0.12252458721729688,20072995.091217365
