subsidy,deviation,run,solve_time,avg_h2_production,objective_value
0.0,0.05,3,4.022308111190796,0.0,19675391.14564744
0.0,0.05,3,11.292791604995728,0.0,19684443.092953242
0.0,0.05,3,66.86432337760925,0.11016189992112692,19673199.260916423
0.0,0.05,3,364.5664613246918,0.017680174369426423,19683087.571590964
0.0,0.05,3,6.533581733703613,0.0,20048801.148865107
0.0,0.05,3,24.611862182617188,0.030741690981489475,20033003.144549802
0.0,0.05,3,214.03676104545593,0.031098827488758866,20063248.74768236
0.0,0.05,3,1073.001148700714,0.02002170205840356,20070123.407338023
