subsidy,deviation,run,solve_time,avg_h2_production,objective_value
45.0,0.05,3,4.103050470352173,1.4543410175797078,19715117.70568706
45.0,0.05,3,15.360211849212646,1.409774686723148,19699113.684687626
45.0,0.05,3,75.19882273674011,1.3882000059420836,19693141.980896436
45.0,0.05,3,387.81825065612793,1.5341929528081917,19709384.134592082
45.0,0.05,3,5.513678073883057,1.5423373790116814,20082595.263769336
45.0,0.05,3,46.72370457649231,1.8660410039189366,20089119.911349252
45.0,0.05,3,262.47114634513855,1.7435989204820936,20099111.00346089
45.0,0.05,3,2093.8393008708954,1.7195377281710866,20098835.771731656
