subsidy,deviation,run,solve_time,avg_h2_production,objective_value
45.0,0.2,3,5.360437870025635,1.8558009503604622,19714728.600202855
45.0,0.2,3,17.586231231689453,2.481197219531628,19729104.90487112
45.0,0.2,3,484.933575630188,2.706226491385225,19721155.609527353
45.0,0.2,3,583.5799164772034,2.7695136518037877,19726436.26656447
45.0,0.2,3,11.243288278579712,2.5636915301001233,20092058.3530212
45.0,0.2,3,44.460416078567505,2.522199063573673,20101832.129105352
