density_bounds,homogeneous_splits,stage2_branches,stage3_branches,subsidy,deviation,run,solve_time,avg_h2_production,objective_value
8,25,1,1,70.0,1.0,0,46.14599561691284,8.506849315068493,22881042.32200076
8,25,1,1,70.0,1.0,1,144.39159274101257,7.424020835373426,23628232.567652162
