subsidy,deviation,run,solve_time,avg_h2_production,objective_value
45.0,0.0,0,4.379268169403076,1.771892148752933,21223185.66854208
45.0,0.0,0,21.070144653320312,1.8205892341192675,21221854.856465153
45.0,0.0,0,82.63712310791016,1.8413128751514112,21251872.76432083
45.0,0.0,0,203.57919645309448,1.9404123768818944,21249236.160332546
45.0,0.0,0,4.511475324630737,1.8113565518047978,21733682.37939518
45.0,0.0,0,35.06976127624512,2.1467540839162487,21751861.903859053
45.0,0.0,0,210.06878852844238,1.9093637515614879,21761933.69765289
45.0,0.0,0,1864.126449584961,2.105120700939154,21791312.831843052
