subsidy,deviation,run,solve_time,avg_h2_production,objective_value
30.0,0.1,0,5.045687437057495,0.0,21176982.295885097
30.0,0.1,0,13.530168771743774,0.14625832510234338,21173033.971046995
30.0,0.1,0,120.09768009185791,0.2061739629775364,21192793.871360578
30.0,0.1,0,487.1099588871002,0.2718229365443412,21194481.040896393
30.0,0.1,0,4.957485914230347,0.0,21702127.023155008
30.0,0.1,0,42.83772253990173,0.0128038345056838,21697511.662541885
30.0,0.1,0,576.838764667511,0.1931005045681699,21720990.472579326
30.0,0.1,0,2436.701904296875,0.508263797840712,21732269.669014264
