subsidy,deviation,run,solve_time,avg_h2_production,objective_value
45.0,1.0,3,5.674783945083618,6.407673574445162,19774196.900239054
45.0,1.0,3,12.66047716140747,7.220133367138683,19780488.25220779
45.0,1.0,3,156.48486137390137,7.368352607322319,19791635.72473704
45.0,1.0,3,8.056680679321289,4.331792086046763,20105316.900700156
45.0,1.0,3,53.312546253204346,5.200168762220065,20133979.461804673
45.0,1.0,3,937.836455821991,7.5884648038133005,19789954.543742158
