subsidy,deviation,run,solve_time,avg_h2_production,objective_value
70.0,0.1,0,7.49003791809082,2.4058062722097304,21415257.02684137
70.0,0.1,0,19.00854253768921,2.406995884415963,21401216.450974762
70.0,0.1,0,317.48779296875,2.3201020051973886,21412506.12805833
70.0,0.1,0,770.6446049213409,2.4005011822463214,21422209.001415484
70.0,0.1,0,9.501403331756592,2.585402138351935,21924283.369439226
70.0,0.1,0,84.34526920318604,2.6198502093646456,21935080.205551285
70.0,0.1,0,2526.004445552826,2.6752311697820703,21943578.2111555
