subsidy,deviation,run,solve_time,avg_h2_production,objective_value
45.0,1.0,1,4.627798557281494,7.035480816412271,20824302.127190094
45.0,1.0,1,15.70370626449585,7.29131422616577,20834124.563774478
45.0,1.0,1,562.2280271053314,7.987157993540345,20869046.772572216
45.0,1.0,1,7.602615118026733,5.07012348081269,21115257.089237876
45.0,1.0,1,7487.261157751083,8.190345040684107,20879769.70245902
45.0,1.0,1,87.92553567886353,6.023667881670981,21152555.614044502
