subsidy,deviation,run,solve_time,avg_h2_production,objective_value
70.0,0.1,3,9.328734874725342,2.470798538070375,19881107.121345937
70.0,0.1,3,18.950834035873413,2.473866831064181,19886498.78946561
70.0,0.1,3,112.40968728065491,2.5009276468665522,19886170.58264959
70.0,0.1,3,641.3584203720093,2.500927646866404,19886980.258307494
70.0,0.1,3,10.263141632080078,2.3848634651456035,20259724.53463188
70.0,0.1,3,60.863951206207275,2.634873939964617,20259316.02447023
70.0,0.1,3,1446.8146505355835,2.5807115815389423,20276748.08976685
