subsidy,deviation,run,solve_time,avg_h2_production,objective_value
0.0,1.0,3,5.499461650848389,0.0,19685860.60676601
0.0,1.0,3,14.165597200393677,0.1930212788350743,19652358.47432906
0.0,1.0,3,184.6239833831787,0.2594379554384022,19655683.38275547
0.0,1.0,3,1205.1130652427673,0.19766763111435906,19663548.194030628
0.0,1.0,3,5.694921255111694,0.0,20045880.121600673
0.0,1.0,3,21.489112377166748,0.21149426033374674,20037554.471077103
0.0,1.0,3,493.3850793838501,0.0,20066373.516240407
