subsidy,deviation,run,solve_time,avg_h2_production,objective_value
30.0,1.0,1,5.220916748046875,0.0005448573889105777,20709094.236862734
30.0,1.0,1,15.547296524047852,1.0725431047043164,20675478.98683414
30.0,1.0,1,262.10984659194946,0.8159312006075213,20690172.190193173
30.0,1.0,1,3150.935333251953,0.1703514006535721,20713465.033045057
30.0,1.0,1,5.790894985198975,0.0,21042487.037621684
30.0,1.0,1,28.862916231155396,0.0,21041306.013495483
