subsidy,deviation,run,solve_time,avg_h2_production,objective_value
70.0,0.0,1,4.025485038757324,2.0642808390544607,20911394.18219573
70.0,0.0,1,17.16554069519043,2.0623788407424675,20901438.323791053
70.0,0.0,1,96.13505339622498,2.0652112522185644,20913003.869767636
70.0,0.0,1,711.8052666187286,2.0696243370313656,20903320.605975498
70.0,0.0,1,9.415609359741211,2.181380572050304,21237814.655066207
70.0,0.0,1,61.95827031135559,2.296652759113049,21244864.368608575
70.0,0.0,1,1664.637671470642,2.254772921588625,21261691.331158135
70.0,0.0,1,33544.51180720329,2.1878110579307153,21289280.4481394
