subsidy,deviation,run,solve_time,avg_h2_production,objective_value
70.0,1.0,1,4.844385862350464,7.786174700407116,21339717.66872523
70.0,1.0,1,30.4850492477417,7.953930976538572,21396807.915199067
70.0,1.0,1,1019.7976729869843,8.50684931506849,21455296.984243583
70.0,1.0,1,12.464787006378174,8.325383380435834,21600898.77110102
70.0,1.0,1,71.43349981307983,8.334976052929978,21707533.45181605
70.0,1.0,1,9955.821005105972,8.506849198480861,21467743.34575806
