subsidy,deviation,run,solve_time,avg_h2_production,objective_value
30.0,0.1,3,5.5750603675842285,0.0,19684523.606109384
30.0,0.1,3,15.656781911849976,0.0,19684758.91566596
30.0,0.1,3,135.22155213356018,0.24253617081663545,19678904.17716594
30.0,0.1,3,600.4213116168976,0.1585516762026704,19669152.26749362
30.0,0.1,3,7.7181689739227295,0.0,20042086.070057258
30.0,0.1,3,20.384702920913696,0.0,20061382.78770326
30.0,0.1,3,327.5596921443939,0.11233675668037438,20060770.858475637
