subsidy,deviation,run,solve_time,avg_h2_production,objective_value
0.0,0.1,2,6.745779514312744,0.0,20723650.359478302
0.0,0.1,2,15.173402786254883,0.0,20736206.348390684
0.0,0.1,2,143.7212860584259,0.028139166191879728,20747036.20618161
0.0,0.1,2,625.9230253696442,0.009341411776286867,20750182.310433522
0.0,0.1,2,5.81852650642395,0.0,21137415.72015537
0.0,0.1,2,17.464125871658325,0.0,21151089.93813512
0.0,0.1,2,485.67495918273926,0.0,21165661.565330774
0.0,0.1,2,1286.5317404270172,0.0049043407895495465,21172434.87066102
