subsidy,deviation,run,solve_time,avg_h2_production,objective_value
45.0,1.0,0,5.0302414894104,7.129725971836586,21346021.411932457
45.0,1.0,0,25.441954612731934,7.184913132285922,21349813.610219777
45.0,1.0,0,280.6471936702728,7.720124996839317,21372351.415672604
45.0,1.0,0,4438.80398106575,8.26962181656594,21383499.39960571
45.0,1.0,0,5.4976935386657715,5.516795263221992,21794061.621072616
45.0,1.0,0,103.83932399749756,6.434794833346012,21818261.502697233
