subsidy,deviation,run,solve_time,avg_h2_production,objective_value
70.0,0.2,1,6.501138925552368,3.2874544935601664,21018676.81477212
70.0,0.2,1,50.7243173122406,3.2958135843896095,21026726.59119199
70.0,0.2,1,784.6853487491608,3.2867573300893014,21028052.397058584
70.0,0.2,1,11962.034554719925,3.2865240803961235,21039100.29378902
70.0,0.2,1,61.02433967590332,3.3616779024946375,21341027.619538993
70.0,0.2,1,306.73321866989136,3.467790968037737,21357109.33839351
