subsidy,deviation,run,solve_time,avg_h2_production,objective_value
30.0,0.0,2,4.48003888130188,0.03429198326815416,20736497.896366857
30.0,0.0,2,11.45463752746582,0.04572264435753887,20747383.560244147
30.0,0.0,2,72.56915950775146,0.25629234491533065,20743457.963467527
30.0,0.0,2,469.356892824173,0.6444191216759177,20737727.872368764
30.0,0.0,2,5.427271366119385,0.04572264435753888,21143060.074143134
30.0,0.0,2,14.255403995513916,0.04572264435753899,21156397.06714677
30.0,0.0,2,157.9585030078888,0.2266665734885212,21161158.441374924
30.0,0.0,2,1661.7278108596802,0.15255941308615278,21165624.225852802
