subsidy,deviation,run,solve_time,avg_h2_production,objective_value
0.0,0.1,3,4.83665657043457,0.0,19675405.23749416
0.0,0.1,3,16.43390393257141,0.019514698315709,19683010.900758334
0.0,0.1,3,116.64987087249756,0.047403936170204275,19679289.37118764
0.0,0.1,3,420.2200677394867,0.062153583326222575,19664500.96375145
0.0,0.1,3,6.238246917724609,0.0,20032389.374402106
0.0,0.1,3,32.34229040145874,0.02406457974172639,20035292.495023888
0.0,0.1,3,346.6714696884155,0.038926453250908453,20062255.38451004
0.0,0.1,3,718.6652789115906,0.0,20075937.128855716
