subsidy,deviation,run,solve_time,avg_h2_production,objective_value
30.0,0.05,1,4.048186540603638,0.0,20707991.972057987
30.0,0.05,1,23.6415798664093,0.010749932127053571,20711521.637825597
30.0,0.05,1,116.25634360313416,0.1492966931135714,20707994.9992976
30.0,0.05,1,592.450147151947,0.1141326191581662,20710667.168699227
30.0,0.05,1,3.9658632278442383,0.0,21041565.12897197
30.0,0.05,1,17.977159023284912,0.0,21040168.182117924
30.0,0.05,1,710.876433134079,0.1299019104140347,21053426.552508224
30.0,0.05,1,2664.8727235794067,0.37142278677548124,21079655.714166373
