subsidy,deviation,run,solve_time,avg_h2_production,objective_value
0.0,0.05,2,4.040130853652954,0.0,20740734.75275704
0.0,0.05,2,11.730818271636963,0.0,20750941.733357586
0.0,0.05,2,80.67649269104004,0.0679911242486106,20741434.74863728
0.0,0.05,2,471.37366700172424,0.015457386517512727,20753284.672425024
0.0,0.05,2,5.387039661407471,0.0,21142508.41494353
0.0,0.05,2,12.790871143341064,0.0057415772517472605,21155833.754407935
0.0,0.05,2,221.6144254207611,0.05825089132986859,21155631.804691985
0.0,0.05,2,605.6684038639069,0.007282809142160726,21170071.1764914
