subsidy,deviation,run,solve_time,avg_h2_production,objective_value
45.0,0.2,2,8.308475017547607,3.0808726460347,20811330.35640838
45.0,0.2,2,37.04020595550537,2.8884488392387095,20817162.90602377
45.0,0.2,2,303.6874203681946,2.938707231162064,20821173.340169188
45.0,0.2,2,1172.6268937587738,3.136030822701475,20827235.99428006
45.0,0.2,2,9.936884641647339,2.8416651858619923,21232004.153391875
45.0,0.2,2,31.49054527282715,3.2859634088400016,21228660.67697245
