vol_multiplier,shock_type,correlated,subsidy,deviation,run,termination_condition,feasible,objective,avg_h2_production,std_h2_production,avg_scenario_obj,std_scenario_obj,worst_scenario_obj,best_scenario_obj,obj_range,cvar_5pct,avg_revenue,std_revenue,avg_demand_met,min_demand_met,total_entry_booking,total_exit_booking,n_quality_deviations
1.0,price_lt,0.0,45.0,0.0,1,optimal,True,21396428.658174723,2.0151908689888764,0.4873168256693205,21396428.658174723,683261.5690472651,20279133.450323045,22892655.3095976,2613521.859274555,20292572.41946604,24028967.51241658,669480.4865032632,5.378658857922329,4.542898706727247,76.0779783327626,1197.6972438929365,0.0
2.0,price_lt,0.0,45.0,0.0,1,optimal,True,23004225.549930736,1.8774075058709228,0.6592420671561445,23004225.549930736,1424587.162415756,20629003.99076836,26220007.70290338,5591003.712135017,20640811.251669012,25621319.974514533,1411353.7549538207,5.374201762207663,4.534537286682657,78.30885417493822,936.8905838345814,0.0
4.0,price_lt,0.0,45.0,0.0,1,optimal,True,26424332.526180867,1.9570442593502193,0.4480472802094383,26424332.526180863,2955425.202798985,21447066.857159007,32869917.53862192,11422850.681462914,21480772.111860316,29042800.92886382,2944056.1936515123,5.366672178609146,4.508630054145723,82.32068292598784,887.478235560454,0.0
8.0,price_lt,0.0,45.0,0.0,1,optimal,True,33639473.98148232,1.8875609162585207,0.5383634835254918,33639473.98148233,6015459.394364689,23620870.730203006,46607184.84482352,22986314.11462051,23671748.144762766,36250927.53603034,6001109.474072129,5.3574830387062224,4.508630054145725,81.70134610581574,546.6952182064159,0.0
16.0,price_lt,0.0,45.0,0.0,1,optimal,True,48841277.43385088,1.8275867178034,0.5853643364198934,48841277.43385088,12522097.895469325,29952356.532503203,76831417.85636498,46879061.32386178,30026059.844098747,51445532.092799194,12509981.831945967,5.347502593949739,4.5086300541457245,88.45763193826511,517.4893715043636,0.0
