vol_multiplier,shock_type,correlated,subsidy,deviation,run,termination_condition,feasible,objective,avg_h2_production,std_h2_production,avg_scenario_obj,std_scenario_obj,worst_scenario_obj,best_scenario_obj,obj_range,cvar_5pct,avg_revenue,std_revenue,avg_demand_met,min_demand_met,total_entry_booking,total_exit_booking,n_quality_deviations
1.0,price_st,0.2,45.0,0.0,2,optimal,True,21874330.550478186,1.675982653375749,0.7221663716134805,21874330.550478186,1177121.0627258546,20050076.63063131,24352310.028678957,4302233.398047648,20050076.630631313,24468306.241554312,1179661.4387326858,5.624944995357028,4.655911435978416,75.73972602739725,819.2960715495343,0.0
2.0,price_st,0.2,45.0,0.0,2,optimal,True,21819066.88715056,1.8109644634694715,0.6259308463594336,21819066.88715056,1189014.4017195387,20101982.359247055,24424746.773569506,4322764.414322451,20118125.447160557,24423793.448060848,1190799.704018973,5.628384826559361,4.656277099988277,75.73972602739725,870.6224309085557,0.0
4.0,price_st,0.2,45.0,0.0,2,optimal,True,21764739.5396036,1.9257988906385306,0.5603709506275462,21764739.5396036,1256381.2739312425,20372106.468284197,24585133.384669356,4213026.916385159,20372106.468290754,24380758.913117472,1265547.1797966845,5.631750250626369,4.659425343829036,75.73972602739725,671.9249608391264,0.0
8.0,price_st,0.2,45.0,0.0,2,optimal,True,21922815.731683772,2.054953071290473,0.49252149453849736,21922815.73168377,1380342.0252403442,20729706.844527487,24932953.552202262,4203246.707674775,20729706.84454338,24547729.695499074,1386809.971329794,5.634480262734577,4.6572075749106,75.73972602739725,798.2446653722546,0.0
16.0,price_st,0.2,45.0,0.0,2,optimal,True,22611933.21419015,2.0348088952469077,0.4490578868560493,22611933.214190155,1584464.524431108,20736712.237556424,25691906.584904037,4955194.347347613,20736712.237556424,25239327.398373395,1588638.1587276051,5.630999628424751,4.659370579258841,78.53497455160495,650.5009020134896,0.0
