vol_multiplier,shock_type,correlated,subsidy,deviation,run,termination_condition,feasible,objective,avg_h2_production,std_h2_production,avg_scenario_obj,std_scenario_obj,worst_scenario_obj,best_scenario_obj,obj_range,cvar_5pct,avg_revenue,std_revenue,avg_demand_met,min_demand_met,total_entry_booking,total_exit_booking,n_quality_deviations
1.0,price_st,1.0,70.0,0.0,3,optimal,True,20672049.517953902,1.8904673859760406,0.6428260453285145,20672049.517953902,784221.5577564808,19390795.18082967,21935061.092716124,2544265.9118864536,19390795.180829678,23157514.719953615,777586.0354038215,5.900198906872037,4.7682636462872034,75.73972602739725,727.7132815058545,0.0
2.0,price_st,1.0,70.0,0.0,3,optimal,True,20641437.146662258,1.8984143929318729,0.678785539174986,20641437.146662258,913768.0588383104,19194653.555504147,22053575.90146069,2858922.3459565416,19194653.555504147,23127151.50917908,906990.1640648049,5.9005249229192165,4.7682636462872034,75.73972602739725,695.6143775809301,0.0
4.0,price_st,1.0,70.0,0.0,3,optimal,True,20555359.740211885,1.9416065882310738,0.668771448026909,20555359.74021188,1315482.0402954884,18529725.707436614,22288567.068470392,3758841.3610337786,18529725.707436636,23042162.526527815,1310471.0487290628,5.90171331972033,4.768245996896692,76.73972602739725,878.4603269830565,0.0
8.0,price_st,1.0,70.0,0.0,3,optimal,True,20381273.638370592,1.9387163660860138,0.662960837033631,20381273.638370596,2326988.572537088,16452169.023415474,22757284.078851752,6305115.055436278,16452169.023415474,22868973.725322634,2324465.790632836,5.9015763973693165,4.768245996896717,75.73972602739725,884.9547862957294,0.0
16.0,price_st,1.0,70.0,0.0,3,optimal,True,20031358.873273827,1.9042210126876022,0.6658985764993274,20031358.873273823,4516809.084247332,11759585.34945021,25106180.370661907,13346595.021211697,12115471.486811379,22518490.234974183,4515538.710165368,5.900692328780988,4.768263646287204,75.73972602739727,1031.9603992883733,0.0
