vol_multiplier,shock_type,correlated,subsidy,deviation,run,termination_condition,feasible,objective,avg_h2_production,std_h2_production,avg_scenario_obj,std_scenario_obj,worst_scenario_obj,best_scenario_obj,obj_range,cvar_5pct,avg_revenue,std_revenue,avg_demand_met,min_demand_met,total_entry_booking,total_exit_booking,n_quality_deviations
1.0,price_st,0.6,70.0,0.0,0,optimal,True,21773879.84382197,2.2891626871315323,0.14412941921520986,21773879.843821973,979795.7684476915,20546561.704279557,23470092.432627164,2923530.728347607,20546561.704279564,24265128.576712724,980947.2851652601,4.9877414947119245,3.6049189421784082,77.73972602739755,740.7168810758184,0.0
2.0,price_st,0.6,70.0,0.0,0,optimal,True,21856921.328727942,2.296002708385092,0.1388338604411333,21856921.328727942,1120453.5311181485,20251601.216577366,23797816.465046257,3546215.248468891,20251601.216581877,24348850.032100033,1122273.55124084,4.987602518278649,3.6049189421743217,76.73972602739725,666.9682113821373,0.0
4.0,price_st,0.6,70.0,0.0,0,optimal,True,22013690.589886263,2.2607547814722246,0.15782038897498202,22013690.58988626,1437815.6646882673,19553037.061304513,24451363.680284426,4898326.618979912,19597888.162018314,24505451.094485305,1439697.04776428,4.9867519699763285,3.5860279899231298,75.73972602739764,848.7702954507597,0.0
8.0,price_st,0.6,70.0,0.0,0,optimal,True,22370411.8670204,2.211647061996442,0.23327832738746138,22370411.8670204,2234482.7974403086,18457579.199447293,25898375.766965482,7440796.56751819,18457579.199933145,24859145.881842695,2237069.8160835737,4.979659943478653,3.5860279898005656,79.52044886074319,782.8006962042223,0.0
16.0,price_st,0.6,70.0,0.0,0,optimal,True,23225218.91288528,2.0272498842895104,0.3966873330408751,23225218.91288528,4012603.520085452,16255778.350961266,29189286.637520768,12933508.286559502,16260223.347726243,25710800.708547957,4012933.240680704,4.971233135391232,3.5809805546193885,81.19167450960062,894.4141265020555,0.0
