vol_multiplier,shock_type,correlated,subsidy,deviation,run,termination_condition,feasible,objective,avg_h2_production,std_h2_production,avg_scenario_obj,std_scenario_obj,worst_scenario_obj,best_scenario_obj,obj_range,cvar_5pct,avg_revenue,std_revenue,avg_demand_met,min_demand_met,total_entry_booking,total_exit_booking,n_quality_deviations
1.0,price_st,0.6,45.0,0.0,1,optimal,True,21572265.39566582,2.1185833314090887,0.3312113716286352,21572265.395665817,510810.27822251455,21022228.94376958,22508286.91963951,1486057.9758699276,21022897.73050089,24212212.584367044,496905.0555313372,5.381135734849686,4.565296166185523,75.13698630136986,752.0630751532292,0.0
2.0,price_st,0.6,45.0,0.0,1,optimal,True,21634848.17821664,2.091794813536417,0.34953208915889467,21634848.178216644,469983.89099101804,20962232.911989886,22568528.86653426,1606295.9545443729,21029541.740042616,24271604.127431758,456606.3855087957,5.3805227447900315,4.565373958514348,76.73972602739725,1024.2847194227763,0.0
4.0,price_st,0.6,45.0,0.0,1,optimal,True,21797688.52405574,1.916636037486215,0.47401971612377164,21797688.524055738,494860.9677187861,21098636.542973872,22836064.973612323,1737428.4306384511,21174225.921499446,24420219.611926615,498374.63484941213,5.376222555475288,4.565645828787015,75.73972602739725,884.6254490214432,0.0
8.0,price_st,0.6,45.0,0.0,1,optimal,True,22166569.353130396,1.665138816542084,0.6663755184686253,22166569.353130396,776415.7399981617,20927230.994565655,23450413.96799317,2523182.9734275155,20927575.1508542,24768694.39513506,808345.7926373191,5.369556865856659,4.565645828787015,75.73972602739725,689.5335083860166,0.0
16.0,price_st,0.6,45.0,0.0,1,optimal,True,23068604.10896919,1.5907836429875548,0.7649037374642554,23068604.10896919,1448403.0480024915,20919806.006100915,25510431.01938174,4590625.013280824,20921878.414134804,25661729.18233271,1484347.4253976336,5.339359823814389,4.5329471228451705,89.23346268802348,856.7976554183247,0.0
