vol_multiplier,shock_type,correlated,subsidy,deviation,run,termination_condition,feasible,objective,avg_h2_production,std_h2_production,avg_scenario_obj,std_scenario_obj,worst_scenario_obj,best_scenario_obj,obj_range,cvar_5pct,avg_revenue,std_revenue,avg_demand_met,min_demand_met,total_entry_booking,total_exit_booking,n_quality_deviations
1.0,price_lt,0.4,0.0,0.0,3,optimal,True,20369005.4479491,0.0,0.0,20369005.4479491,1365186.7904193308,18241575.05368456,22003413.284238335,3761838.230553776,18241575.05368456,22843641.752422947,1361633.2912539144,5.85085733558649,4.717680872037334,73.73972602739725,633.1629537526273,0.0
2.0,price_lt,0.4,0.0,0.0,3,optimal,True,21178421.368305728,0.0,0.0,21178421.368305728,2964023.4966297722,16947296.0837006,25177655.1112355,8230359.027534898,16947296.083700847,23654422.2546042,2959190.1956142434,5.849088477531834,4.717654771485199,73.73972602739725,760.2441901643024,0.0
4.0,price_lt,0.4,0.0,0.0,3,optimal,True,23100144.193541612,0.0,0.0,23100144.193541616,6129058.577976611,14868442.807797669,31840084.403397053,16971641.595599383,14868442.807797669,25568936.279102832,6131867.498385496,5.814844618670801,4.355735256573107,98.50273921938432,542.032023516689,0.0
8.0,price_lt,0.4,0.0,0.0,3,optimal,True,27929449.717447143,0.0,0.0,27929449.717447143,11334964.199959386,13657826.432321351,45183522.108532295,31525695.676210944,13776580.997784587,30348621.191504296,11391006.12541536,5.640812852196498,3.6085834768795344,186.83582039460975,598.7777511170779,0.0
16.0,price_lt,0.4,0.0,0.0,3,optimal,True,38771189.54359762,0.4281735072312408,0.863964060796107,38771189.54359762,20901594.47538619,13858591.616246147,72306407.7698615,58447816.153615355,13858591.616246149,41247552.134381294,21010834.474529926,5.529810455253386,3.508413787504391,178.267865390122,517.3694149916788,0.0
