vol_multiplier,shock_type,correlated,subsidy,deviation,run,termination_condition,feasible,objective,avg_h2_production,std_h2_production,avg_scenario_obj,std_scenario_obj,worst_scenario_obj,best_scenario_obj,obj_range,cvar_5pct,avg_revenue,std_revenue,avg_demand_met,min_demand_met,total_entry_booking,total_exit_booking,n_quality_deviations
1.0,price_lt,0.6,70.0,0.0,0,optimal,True,21546426.167332333,2.2185052911279337,0.20541119359800927,21546426.167332333,2222129.0897360253,18392014.812254045,25530069.174049564,7138054.361795519,18392014.812254053,24037046.428610384,2224295.275375299,4.986278229044043,3.604918942178409,75.73972602739762,823.4783382624671,0.0
2.0,price_lt,0.6,70.0,0.0,0,optimal,True,23171512.128198627,2.2345358221448834,0.18833847967329762,23171512.12819863,4571291.156832248,16491384.741747595,31429400.64457798,14938015.902830385,16491384.741747595,25659565.5997995,4572232.06184824,4.978656679449397,3.6049189421784056,84.22426624984229,685.96654836136,0.0
4.0,price_lt,0.6,70.0,0.0,0,optimal,True,26540670.779070776,2.144413206970066,0.262609709612503,26540670.77907078,9267412.448749578,12904753.161622873,43303869.82850256,30399116.666879684,12904753.161622873,29023379.12594728,9269830.919544313,4.964994432296916,3.6047577026277016,80.3013633098138,602.9218397817385,0.0
8.0,price_lt,0.6,70.0,0.0,0,optimal,True,33718016.08456684,2.036553178800909,0.4104970608745474,33718016.08456684,18328262.412602223,6963377.116317137,67075805.07386952,60112427.95755238,6970549.294644476,36199819.35093931,18329079.69545545,4.956009660436884,3.580980554619389,84.30073848244395,556.1094260027536,0.0
16.0,price_lt,0.6,70.0,0.0,0,optimal,True,49517294.28137748,1.7030348778345807,0.7562442964513675,49517294.28137748,35338944.08020157,-639923.4294381605,114614193.54941061,115254116.97884877,-631784.4039975145,51730100.48709026,35700516.04677082,4.553286256590448,1.1441973620417485,363.0310002229302,464.92512845673906,0.0
