vol_multiplier,shock_type,correlated,subsidy,deviation,run,termination_condition,feasible,objective,avg_h2_production,std_h2_production,avg_scenario_obj,std_scenario_obj,worst_scenario_obj,best_scenario_obj,obj_range,cvar_5pct,avg_revenue,std_revenue,avg_demand_met,min_demand_met,total_entry_booking,total_exit_booking,n_quality_deviations
1.0,price_lt,0.4,30.0,0.0,0,optimal,True,21503058.455691103,0.08188127890592897,0.23809080699555896,21503058.455691103,1726210.6296622818,18982726.785814077,24736729.762911096,5754002.97709702,18982726.785814147,23993000.204028264,1745526.6655213223,4.938922752254753,3.5666778175297233,74.73972602739725,803.6456687786205,0.0
2.0,price_lt,0.4,30.0,0.0,0,optimal,True,23301784.23398313,0.7348255830076003,1.0122030774542248,23301784.23398313,3593371.9653182263,17818997.162999775,30023325.153947856,12204327.990948081,17818997.162999775,25862738.68729164,3674471.899246073,4.942269643085928,3.547788321668708,83.95582551640122,678.2460343065845,0.0
4.0,price_lt,0.4,30.0,0.0,0,optimal,True,27036874.26051334,0.6043146001643196,0.941158145055482,27036874.260513335,7304112.401579781,15850261.357420728,40595093.1486326,24744831.791211873,15850261.357420728,29580869.808482766,7378905.269409763,4.933935632419498,3.547788321668721,85.7135916338478,689.241982210399,0.0
8.0,price_lt,0.4,30.0,0.0,0,optimal,True,34844233.86281983,1.3577254626973687,0.9995698440728488,34844233.862819836,14543948.195372399,12854774.573454667,61816428.49685791,48961653.92340325,12854774.573454669,37472937.04815458,14606062.901581403,4.9403617116708745,3.5663762278221536,83.79076330552023,483.4516059626762,0.0
16.0,price_lt,0.4,30.0,0.0,0,optimal,True,51539379.661542036,1.5788826231562796,0.9274976341527574,51539379.661542036,28636759.30791408,8122616.318654473,104307584.76038577,96184968.44173129,8122616.318654474,54155059.208859965,28710473.524210125,4.850367644592122,3.542740886364991,136.07019511714992,475.3058728853689,0.0
