vol_multiplier,shock_type,correlated,subsidy,deviation,run,termination_condition,feasible,objective,avg_h2_production,std_h2_production,avg_scenario_obj,std_scenario_obj,worst_scenario_obj,best_scenario_obj,obj_range,cvar_5pct,avg_revenue,std_revenue,avg_demand_met,min_demand_met,total_entry_booking,total_exit_booking,n_quality_deviations
1.0,price_st,0.0,45.0,0.0,1,optimal,True,21401594.28919102,1.9814286787792799,0.5314644895358072,21401594.289191015,684463.641006752,20279041.25404428,22895449.736391123,2616408.482346844,20292480.223187283,24031126.0151875,667317.9954751759,5.378250725348789,4.563515642426326,76.11180356329864,1068.4805118047216,0.0
2.0,price_st,0.0,45.0,0.0,1,optimal,True,21429233.93535731,2.165539446969055,0.1857811521371143,21429233.93535731,749556.2999827905,20051533.23752515,23122369.70011655,3070836.4625913985,20157879.115587726,24073340.44083427,742007.1982767307,5.382385908348436,4.563515642426328,77.29692565589932,1541.9183182825477,0.0
4.0,price_st,0.0,45.0,0.0,1,optimal,True,21565852.564861137,1.8097379010430503,0.7098383155912372,21565852.564861137,895363.7174153101,20104501.194982257,23574916.53930399,3470415.3443217315,20165021.85971197,24185738.477117702,884636.2628908945,5.37374639738902,4.546589292759202,77.31794975283236,2536.008196801758,0.0
8.0,price_st,0.0,45.0,0.0,1,optimal,True,21980494.432515416,1.9161053010267035,0.5823995957963554,21980494.432515416,1256777.1742180397,19372339.080829985,24413652.059055876,5041312.978225891,19784834.680484418,24609387.00757071,1245638.117088736,5.37619628260255,4.545988569000643,77.95040724888915,3189.0921086081576,0.0
16.0,price_st,0.0,45.0,0.0,1,optimal,True,23043285.33087281,1.656993128761708,0.7906317250916767,23043285.33087281,2078304.7386218952,18674596.4787739,27738972.309280425,9064375.830506526,19031648.534335677,25651539.411036897,2077983.7226600095,5.366608202290461,4.538807307209952,83.30877735007422,3427.2233333933755,0.0
