vol_multiplier,shock_type,correlated,subsidy,deviation,run,termination_condition,feasible,objective,avg_h2_production,std_h2_production,avg_scenario_obj,std_scenario_obj,worst_scenario_obj,best_scenario_obj,obj_range,cvar_5pct,avg_revenue,std_revenue,avg_demand_met,min_demand_met,total_entry_booking,total_exit_booking,n_quality_deviations
1.0,price_lt,0.8,45.0,0.0,0,optimal,True,21095999.861592945,2.193514029117415,0.20261271940440811,21095999.86159294,2687292.346316903,17376275.709798563,25715163.044639297,8338887.334840734,17376275.709798563,23739676.91466569,2684600.0364711797,4.985610693086624,3.6049189421783905,77.73972602739725,681.6316920077705,0.0
2.0,price_lt,0.8,45.0,0.0,0,optimal,True,22408797.367955636,1.4806476847102035,1.0160095020189526,22408797.367955636,5498840.6956581585,14625886.693335528,31966604.48200854,17340717.788673013,14625886.693335528,24997735.241735842,5521110.991276981,4.968265160035478,3.604918942178391,76.95821762184767,530.3351783714353,0.0
4.0,price_lt,0.8,45.0,0.0,0,optimal,True,25114185.779711977,1.162383244365998,1.0547569487468302,25114185.779711977,11119654.016244192,9300279.065438876,44523183.07886716,35222904.013428286,9300279.065438876,27674506.91406891,11173092.335737064,4.95032916759113,3.54778832166871,80.1686153174577,575.7508449647867,0.0
8.0,price_lt,0.8,45.0,0.0,0,optimal,True,31057494.982257288,1.3544334893313101,1.0020562239538453,31057494.98225729,21846810.507968415,664589.1978689695,69654354.14084543,68989764.94297646,664589.1978689713,33496143.06233014,22061355.550745483,4.76023157773718,2.7789992135576043,228.89456304424564,514.9892428865685,0.0
16.0,price_lt,0.8,45.0,0.0,0,optimal,True,46051230.32043615,1.5614376666172842,0.923861893557114,46051230.32043615,40036611.80103229,-618992.7101750976,120024180.23117706,120643172.94135216,-618992.7101750975,48291938.01061181,40437219.000365764,4.2831398578773126,1.1441973620417114,396.2935158255619,421.66247054590787,0.0
