vol_multiplier,shock_type,correlated,subsidy,deviation,run,termination_condition,feasible,objective,avg_h2_production,std_h2_production,avg_scenario_obj,std_scenario_obj,worst_scenario_obj,best_scenario_obj,obj_range,cvar_5pct,avg_revenue,std_revenue,avg_demand_met,min_demand_met,total_entry_booking,total_exit_booking,n_quality_deviations
1.0,price_lt,0.4,45.0,0.0,2,optimal,True,21762644.666048817,1.5859038269713432,0.7740576026668657,21762644.666048817,1324652.2178604438,19119684.78501961,24073969.230184752,4954284.445165142,19657467.592143387,24349211.599568263,1326888.3458995298,5.615965310271783,4.671215020176524,86.22963359872406,864.3422473260567,0.0
2.0,price_lt,0.4,45.0,0.0,2,optimal,True,23989144.514970604,1.75806379742846,0.7553726975917696,23989144.514970604,2827923.137665479,19667373.14590712,28632781.110653043,8965407.964745924,19667373.145911563,26587559.901996896,2836549.222770617,5.61876121384286,4.659467559782058,82.15164449635711,605.6053702825307,0.0
4.0,price_lt,0.4,45.0,0.0,2,optimal,True,28517026.62499023,1.584260296638777,0.7411511941794414,28517026.624990232,5816913.95267703,19328365.030612476,37750506.61183163,18422141.58121915,19328365.03061248,31100836.221717983,5840571.998366178,5.5797590582027805,4.615567937333732,92.5318793117577,641.7547966027331,0.0
8.0,price_lt,0.4,45.0,0.0,2,optimal,True,38258201.42422194,1.6609784678422919,0.7740283275783517,38258201.42422194,11122984.486591492,20226145.089493807,56088166.854503,35862021.765009195,20555614.73294982,40839737.50724195,11137527.429049289,5.52540328753172,4.615567937333733,93.70191990786168,604.7326070400884,0.0
16.0,price_lt,0.4,45.0,0.0,2,optimal,True,58607430.7373297,2.0724575367916085,0.4865345752302981,58607430.73732971,21816701.51710226,24798239.19293157,94518422.89086595,69720183.69793439,24798239.192931574,61217263.58525732,21823241.785758022,5.5227170262915815,4.615567937333732,91.38980988978128,531.7187469176703,0.0
