vol_multiplier,shock_type,correlated,subsidy,deviation,run,termination_condition,feasible,objective,avg_h2_production,std_h2_production,avg_scenario_obj,std_scenario_obj,worst_scenario_obj,best_scenario_obj,obj_range,cvar_5pct,avg_revenue,std_revenue,avg_demand_met,min_demand_met,total_entry_booking,total_exit_booking,n_quality_deviations
1.0,price_lt,0.8,30.0,0.0,0,optimal,True,21055763.89638345,0.2553177294667666,0.5714591698536513,21055763.89638345,2678541.8541859738,17326761.999718525,25678462.4080721,8351700.408353575,17326761.999718577,23566535.21013577,2723229.790561253,4.94345618853165,3.566611501470379,76.73972602739725,780.7165289347267,0.0
2.0,price_lt,0.8,30.0,0.0,0,optimal,True,22352289.401490685,0.8084973992820145,1.048260954912929,22352289.40149068,5471142.932027634,14614761.736948512,31884613.01833773,17269851.281389218,14614761.736948512,24925294.33234146,5569559.966755884,4.9535203833062225,3.566677817529723,77.1233466305355,627.9586035559603,0.0
4.0,price_lt,0.8,30.0,0.0,0,optimal,True,25072566.960527133,0.7992927120937212,1.0404972396086145,25072566.960527137,11081750.615997491,9339312.151617575,44445139.98987048,35105827.8382529,9339312.151617575,27639193.020983763,11182725.394126216,4.942535177396716,3.5665180343733045,81.31172953395728,523.1252629257216,0.0
8.0,price_lt,0.8,30.0,0.0,0,optimal,True,31010211.34283582,0.7701697375899601,1.0077315920988672,31010211.34283582,21820731.214947872,664503.4500837822,69582730.06652367,68918226.6164399,664503.4500840808,33438381.664932024,22086711.219492152,4.750230679493175,2.7789992135576043,229.30651577056628,519.6216508031456,0.0
16.0,price_lt,0.8,30.0,0.0,0,optimal,True,45988847.7005527,0.9767818983191102,0.9889388821245396,45988847.7005527,40017888.57910278,-618982.2962086638,119952652.31860667,120571634.61481534,-618982.2962086638,48226871.475598685,40473486.760385014,4.277308554708041,1.1441973620417485,388.7713786256321,448.0651357700213,0.0
