vol_multiplier,shock_type,correlated,subsidy,deviation,run,termination_condition,feasible,objective,avg_h2_production,std_h2_production,avg_scenario_obj,std_scenario_obj,worst_scenario_obj,best_scenario_obj,obj_range,cvar_5pct,avg_revenue,std_revenue,avg_demand_met,min_demand_met,total_entry_booking,total_exit_booking,n_quality_deviations
1.0,price_st,0.6,30.0,0.0,2,optimal,True,21845950.359060246,0.2996575342465753,0.7928193141032591,21845950.35906025,1164752.390867761,19945504.03317249,24253830.97089261,4308326.93772012,19945504.03317249,24351776.99571433,1234653.7944235802,5.589060952303675,4.6383562235499625,77.48488792449292,613.1578214309438,0.0
2.0,price_st,0.6,30.0,0.0,2,optimal,True,21804924.437858876,0.2996575342465761,0.7928193141032612,21804924.437858876,1187140.286400108,20010890.181215264,24327508.820098598,4316618.638883334,20010890.181215312,24310286.388726957,1258649.3373668427,5.589386899586913,4.638321421496697,76.73972602739725,731.0563015285466,0.0
4.0,price_st,0.6,30.0,0.0,2,optimal,True,21750920.094867118,1.457167719820518e-16,4.922703883563625e-16,21750920.094867118,1309442.8590002717,20161190.476563167,24481421.02058907,4320230.544025902,20161190.476563167,24222412.592262305,1306341.9195771446,5.582991163640422,4.638331077062577,73.73972602739725,655.4745646967417,0.0
8.0,price_st,0.6,30.0,0.0,2,optimal,True,21831841.29414965,4.8320677394392754e-11,3.1896769125347826e-10,21831841.29414965,1679651.5305250648,19778657.823374778,24827081.42739244,5048423.604017664,19778657.82339074,24304806.29554569,1679848.4464244542,5.582930842406018,4.638314931801593,73.73972602732334,770.5055141244937,0.0
16.0,price_st,0.6,30.0,0.0,2,optimal,True,22411944.012645256,0.15220781891121338,0.40270403643862396,22411944.01264526,2469097.4246140784,18877105.973060086,26118175.92036235,7241069.947302263,18877105.973060086,24906487.221873794,2484298.8451300417,5.586800325688087,4.634729604562,75.73972602739725,516.0868262400836,0.0
