vol_multiplier,shock_type,correlated,subsidy,deviation,run,termination_condition,feasible,objective,avg_h2_production,std_h2_production,avg_scenario_obj,std_scenario_obj,worst_scenario_obj,best_scenario_obj,obj_range,cvar_5pct,avg_revenue,std_revenue,avg_demand_met,min_demand_met,total_entry_booking,total_exit_booking,n_quality_deviations
1.0,price_st,0.6,45.0,0.0,3,optimal,True,20633149.164772615,1.7805670181956255,0.737000230663264,20633149.164772615,777821.7087696454,19226325.329524677,21795748.94205261,2569423.612527933,19232560.80130902,23241734.831983004,733280.9554767061,5.896774723895627,4.755635409738768,75.73972602739936,724.2520985758666,0.0
2.0,price_st,0.6,45.0,0.0,3,optimal,True,20667926.92898133,1.799551667597375,0.6800663350601708,20667926.92898133,850977.6568379938,18757433.84283235,21826899.053859293,3069465.211026944,18866725.067462534,23279334.075178023,808922.1709705744,5.897279647149679,4.742512181875084,75.73972602739725,710.2863649240796,0.0
4.0,price_st,0.6,45.0,0.0,3,optimal,True,20808743.873660315,1.608896430698006,0.6532746552615695,20808743.87366031,992000.5685670739,18943854.87193436,22027112.03941825,3083257.1674838886,18943854.871934365,23406381.25675957,981131.251229767,5.893216272717906,4.740747359669763,75.73972602739725,557.0548347876751,0.0
8.0,price_st,0.6,45.0,0.0,3,optimal,True,21129160.623831082,1.768686783185136,0.676814157663436,21129160.623831082,1580478.6407995874,18770274.901619315,23965564.100367002,5195289.198747687,18770274.901619315,23738002.558042116,1595819.1503813749,5.894386835602144,4.732910219073087,75.73972602739725,598.1188480181935,0.0
16.0,price_st,0.6,45.0,0.0,3,optimal,True,21894917.588146158,1.9718123412371606,0.6248180085139964,21894917.588146158,2984341.4076726832,18464886.1542879,27845526.48557226,9380640.33128436,18464886.1542879,24520638.68803553,3010189.4171631457,5.899146652887065,4.73291056456569,77.5649292439205,573.9125449677982,0.0
