vol_multiplier,shock_type,correlated,subsidy,deviation,run,termination_condition,feasible,objective,avg_h2_production,std_h2_production,avg_scenario_obj,std_scenario_obj,worst_scenario_obj,best_scenario_obj,obj_range,cvar_5pct,avg_revenue,std_revenue,avg_demand_met,min_demand_met,total_entry_booking,total_exit_booking,n_quality_deviations
1.0,price_lt,1.0,0.0,0.0,0,optimal,True,20566656.44230528,0.0,0.0,20566656.442305285,2898143.768760803,16437394.593482524,25140210.273675468,8702815.680192944,16437394.604849612,23048766.88558155,2900536.0985057433,4.9333751437681785,3.5667084199878683,84.73972602739725,531.4683180469655,0.0
2.0,price_lt,1.0,0.0,0.0,0,optimal,True,20807853.842943624,0.0,0.0,20807853.842943624,5887998.417768302,12641274.439812412,30054614.70028172,17413340.26046931,12644420.798867399,23290664.445283823,5887376.872763191,4.93049705156511,3.566736941039886,99.576015106798,715.853091670539,0.0
4.0,price_lt,1.0,0.0,0.0,0,optimal,True,21558385.181594256,0.0,0.0,21558385.181594256,12210258.083525958,5089159.883725721,40974505.32014116,35885345.436415434,5089159.883725721,24035822.370586656,12201371.32613077,4.927117525244265,3.5666689243008713,81.62050511383072,608.0830996874026,0.0
8.0,price_lt,1.0,0.0,0.0,0,optimal,True,24506373.357966054,0.21730000300981567,0.3796984239135529,24506373.357966058,23573898.63693363,-618090.7055426628,63218292.9217404,63836383.62728306,-618090.7055426628,26656009.28289276,24033732.312777534,4.406361097394745,1.1441973620417487,352.46273813895016,482.09765377410235,0.0
16.0,price_lt,1.0,0.0,0.0,0,optimal,True,34219974.94100439,0.21730000300981567,0.37969842391355296,34219974.94100438,43224421.667410396,-619537.8337502298,107738081.81438972,108357619.64813995,-619537.8337502298,36255146.39162524,43686419.493300416,4.064586878375046,1.1441973620417485,397.86056289571565,489.27224792284085,0.0
