vol_multiplier,shock_type,correlated,subsidy,deviation,run,termination_condition,feasible,objective,avg_h2_production,std_h2_production,avg_scenario_obj,std_scenario_obj,worst_scenario_obj,best_scenario_obj,obj_range,cvar_5pct,avg_revenue,std_revenue,avg_demand_met,min_demand_met,total_entry_booking,total_exit_booking,n_quality_deviations
1.0,price_st,0.0,70.0,0.0,2,optimal,True,21218337.742471393,2.316993327592199,0.13951321578885664,21218337.742471393,750488.8455191988,19659014.447028454,22332850.624998514,2673836.177970059,19738628.98845054,23708560.975847244,752350.3074759665,5.640723674575764,4.680565103559056,75.73972602739727,990.2543736127938,0.0
2.0,price_st,0.0,70.0,0.0,2,optimal,True,21245993.579582043,2.3137100585782244,0.14546008802424656,21245993.57958204,825650.4469163707,19406729.58594179,22774702.43644337,3367972.8505015783,19551801.005332172,23737080.925269566,826969.0093804261,5.640618240677915,4.680565103559056,75.73972602739761,1566.5105043873548,0.0
4.0,price_st,0.0,70.0,0.0,2,optimal,True,21349504.04020226,2.3138210475705305,0.14229913949192655,21349504.04020226,1032782.8642930819,19147772.95151793,23658406.05933245,4510633.107814521,19367818.569931906,23840058.83966545,1035305.8702138448,5.640534296735896,4.680565103559051,75.73972602739727,2341.449514492824,0.0
8.0,price_st,0.0,70.0,0.0,2,optimal,True,21673873.40760795,2.230588671648573,0.30286898990830735,21673873.40760795,1531478.4315168648,18754879.867204614,25531423.124308992,6776543.257104378,19027900.599926084,24164503.97507427,1533723.8740450277,5.637376854637386,4.675624713888188,75.73972602739725,3343.27459259531,0.0
16.0,price_st,0.0,70.0,0.0,2,optimal,True,22605096.86709257,2.1561371050478035,0.3503393138148976,22605096.86709257,2637390.502017789,17818222.519179378,29674668.108755734,11856445.589576356,18221104.16349588,25096627.619808733,2638885.4143669303,5.6304592224384225,4.652919200366739,92.55467253362143,3666.780922655458,0.0
