vol_multiplier,shock_type,correlated,subsidy,deviation,run,termination_condition,feasible,objective,avg_h2_production,std_h2_production,avg_scenario_obj,std_scenario_obj,worst_scenario_obj,best_scenario_obj,obj_range,cvar_5pct,avg_revenue,std_revenue,avg_demand_met,min_demand_met,total_entry_booking,total_exit_booking,n_quality_deviations
1.0,price_lt,1.0,70.0,0.0,1,optimal,True,21298709.98051771,2.2976327003245207,0.1607060567402975,21298709.98051771,1803915.2120155985,18524137.90919855,24391275.913641974,5867138.004443426,18524137.90919855,23791496.6086706,1803836.783007853,5.385962718208734,4.556285789401206,76.73972602739725,251.09284530305243,0.0
2.0,price_lt,1.0,70.0,0.0,1,optimal,True,22072818.54512922,2.2486049574555715,0.18966417360150406,22072818.545129217,3711399.621413841,16466213.876654007,28602875.699282695,12136661.822628688,16467735.602664009,24568208.870945245,3708792.292572827,5.384967585147281,4.558010795474796,75.73972602739725,493.9008879827229,0.0
4.0,price_lt,1.0,70.0,0.0,1,optimal,True,23798139.932468485,2.0564033730434566,0.5009618452313762,23798139.93246849,7767694.476640416,12376951.673098953,37648437.78375601,25271486.11065706,12376951.673098957,26290193.791018527,7759150.32473701,5.380874742883878,4.537432149786242,75.73972602739725,800.5481286409398,0.0
8.0,price_lt,1.0,70.0,0.0,1,optimal,True,27492454.71293204,1.8701904154003617,0.5568743340588923,27492454.712932035,16240498.82685639,4233546.62962527,56525981.71130522,52292435.081679955,4259553.122598755,29980862.45784058,16228796.840400187,5.376029657224885,4.506987047614728,75.73972602739725,555.5593356711443,0.0
16.0,price_lt,1.0,70.0,0.0,1,optimal,True,36529774.41445382,1.5549028360841577,0.7097284571568607,36529774.41445382,31200138.889528293,-474836.18857960333,94251955.08701326,94726791.27559286,-443169.3632588941,38760157.95069033,31501995.943716623,4.695733752504017,1.108360135510952,444.72210975067327,500.0725948560507,0.0
