vol_multiplier,shock_type,correlated,subsidy,deviation,run,termination_condition,feasible,objective,avg_h2_production,std_h2_production,avg_scenario_obj,std_scenario_obj,worst_scenario_obj,best_scenario_obj,obj_range,cvar_5pct,avg_revenue,std_revenue,avg_demand_met,min_demand_met,total_entry_booking,total_exit_booking,n_quality_deviations
1.0,price_st,0.4,0.0,0.0,1,optimal,True,21511312.951034974,0.0,0.0,21511312.95103497,495550.509908568,20856089.464394353,22311218.96149405,1455129.4970996976,20861496.654346075,23991467.53102871,493305.8782393732,5.330855884584726,4.5168658213063315,74.73972602739725,770.2576256691997,0.0
2.0,price_st,0.4,0.0,0.0,1,optimal,True,21567718.237161893,0.0,0.0,21567718.237161897,448287.3144707452,21049196.8031556,22313543.379796643,1264346.5766410418,21064352.420597106,24047955.044812534,442922.2205339469,5.330928519764414,4.517021405963981,74.7397260273977,776.4819764682807,0.0
4.0,price_st,0.4,0.0,0.0,1,optimal,True,21714554.647208914,0.0,0.0,21714554.647208914,419582.0191467904,21218837.605332945,22464849.851484083,1246012.246151138,21224396.712680865,24194573.227759827,414481.05813420296,5.3309363219050105,4.517215483907824,74.73972602739725,808.8113870580717,0.0
8.0,price_st,0.4,0.0,0.0,1,optimal,True,22066765.159714986,0.021921700774640424,0.11205260729966054,22066765.15971499,514999.36476763163,21104372.154416066,22818706.799497187,1714334.6450811215,21138156.16342713,24549019.282319956,512976.2387111074,5.331664723401192,4.517113296423277,74.73972602739725,622.9981781046891,0.0
16.0,price_st,0.4,0.0,0.0,1,optimal,True,23002267.93613673,0.0,0.0,23002267.93613673,968988.7095239644,21325333.769437328,24382670.51977941,3057336.750342082,21367881.247987907,25475696.626500003,968808.8093123783,5.293073476051399,4.517576268836998,94.75172247548343,863.4592076786212,0.0
