vol_multiplier,shock_type,correlated,subsidy,deviation,run,termination_condition,feasible,objective,avg_h2_production,std_h2_production,avg_scenario_obj,std_scenario_obj,worst_scenario_obj,best_scenario_obj,obj_range,cvar_5pct,avg_revenue,std_revenue,avg_demand_met,min_demand_met,total_entry_booking,total_exit_booking,n_quality_deviations
1.0,price_st,0.8,0.0,0.0,3,optimal,True,20565239.68770632,0.0,0.0,20565239.68770632,799888.4646738941,19177947.100974455,21808202.175482932,2630255.074508477,19177947.100974455,23041960.310447507,795298.9606927517,5.850838255707836,4.717680872037334,74.73972602739725,769.2339207395845,0.0
2.0,price_st,0.8,0.0,0.0,3,optimal,True,20570600.438717782,0.0,0.0,20570600.438717782,880943.0799031088,18877471.00465488,21871680.597707115,2994209.5930522345,18937304.632665444,23047161.423644498,875789.2460507537,5.850846384771883,4.717652330580008,73.73972602739725,847.8781129686179,0.0
4.0,price_st,0.8,0.0,0.0,3,optimal,True,20634211.525317848,0.0,0.0,20634211.525317848,1150325.8132764413,18673797.16296608,21998128.374380007,3324331.2114139274,18698229.27299897,23111823.550335012,1144836.6878173163,5.848318642836398,4.717848380815066,73.73972602739725,705.3030124657568,0.0
8.0,price_st,0.8,0.0,0.0,3,optimal,True,20779295.40958882,0.0,0.0,20779295.409588825,1915089.7191514063,18284599.35029792,23730213.29569467,5445613.945396751,18284599.35029792,23256189.42614326,1911569.9262241903,5.840503965696344,4.718261133030006,104.99103893229805,695.4450043246164,0.0
16.0,price_st,0.8,0.0,0.0,3,optimal,True,21193812.56111376,0.0,0.0,21193812.56111376,3659733.718646046,16173038.518505558,27444458.642077338,11271420.12357178,16173038.51850556,23670020.505400896,3657402.2662629755,5.848135956189164,4.718261478522601,73.73972602739725,724.5305209599902,0.0
