vol_multiplier,shock_type,correlated,subsidy,deviation,run,termination_condition,feasible,objective,avg_h2_production,std_h2_production,avg_scenario_obj,std_scenario_obj,worst_scenario_obj,best_scenario_obj,obj_range,cvar_5pct,avg_revenue,std_revenue,avg_demand_met,min_demand_met,total_entry_booking,total_exit_booking,n_quality_deviations
1.0,price_lt,0.2,45.0,0.0,0,optimal,True,21633526.01234814,1.9484380935939822,0.6911132719205042,21633526.01234814,1274819.690753477,19822899.50887458,23961260.732954472,4138361.224079892,19822899.508874666,24257539.290072117,1278863.3215114726,4.979887271275587,3.6049189421784056,76.95821762184822,649.888279780044,0.0
2.0,price_lt,0.2,45.0,0.0,0,optimal,True,23490683.27315206,1.6869708011956348,0.8267221118994658,23490683.27315206,2649693.08832784,19445782.254677568,28436234.000322152,8990451.745644584,19445782.254677568,26090042.756089296,2642388.2481039576,4.960817770225214,3.586027989923105,78.84650590622464,549.4293589411394,0.0
4.0,price_lt,0.2,45.0,0.0,0,optimal,True,27369342.24160656,1.9256298539368513,0.5731446770853623,27369342.241606556,5436778.04305474,19020523.134242903,37397258.30964221,18376735.175399307,19020523.13424546,29984329.93813224,5417242.876516695,4.953210710119597,3.5860279899231613,81.65114376023172,582.0779592416778,0.0
8.0,price_lt,0.2,45.0,0.0,0,optimal,True,35439577.77315053,1.9117278675221674,0.7080471722022156,35439577.77315054,10955188.494768647,18796764.80579916,55343338.05921309,36546573.25341393,18796764.80579916,38051412.34501413,10953952.122029528,4.953922735973748,3.604757702627701,82.18785119347265,511.37480401283113,0.0
16.0,price_lt,0.2,45.0,0.0,0,optimal,True,52534598.04435548,1.8817083282758773,0.7138173381461088,52534598.04435548,21973103.16333488,19076416.66399767,92057645.05455492,72981228.39055726,19091660.68879753,55142343.74776754,21968752.673935287,4.944087090914266,3.580980554618758,85.83816573516482,586.9228117774309,0.0
