vol_multiplier,shock_type,correlated,subsidy,deviation,run,termination_condition,feasible,objective,avg_h2_production,std_h2_production,avg_scenario_obj,std_scenario_obj,worst_scenario_obj,best_scenario_obj,obj_range,cvar_5pct,avg_revenue,std_revenue,avg_demand_met,min_demand_met,total_entry_booking,total_exit_booking,n_quality_deviations
1.0,price_lt,0.0,70.0,0.0,3,optimal,True,21683125.23093572,2.0529865957810634,0.42831942933132716,21683125.230935715,938380.9159700549,19809976.122804858,23302868.930540938,3492892.80773608,19868689.700615603,24172721.701454297,937859.6893849842,5.9039615163446255,4.767161987590871,76.73972602739725,936.4287394384654,0.0
2.0,price_lt,0.0,70.0,0.0,3,optimal,True,23389619.658223975,2.068769891674818,0.4432660807202832,23389619.658223975,1870558.06486851,19788891.81314554,26367827.548686836,6578935.735541295,19846616.571866017,25877371.421878546,1868799.2972463132,5.900900728748699,4.767161987590872,81.25599826863184,836.668151196809,0.0
4.0,price_lt,0.0,70.0,0.0,3,optimal,True,27022159.89820849,1.9691036974608236,0.5951609325296706,27022159.89820849,3660230.601773545,20062090.221980132,32496924.319296457,12434834.097316325,20143421.346824277,29504910.40281658,3658342.4396798015,5.875211348125309,4.768353507959111,89.37369663969318,639.6129336439375,0.0
8.0,price_lt,0.0,70.0,0.0,3,optimal,True,34869238.87245456,1.7389007152370664,0.8453150067379741,34869238.87245457,7153900.231507194,20914534.304930713,44756468.30013409,23841933.99520338,20981353.51441371,37348573.38060962,7153188.351230556,5.857022123817148,4.7683535079590875,91.8005246471297,676.227177930972,0.0
16.0,price_lt,0.0,70.0,0.0,3,optimal,True,51651771.10531899,1.4881564774439122,0.9136887402206951,51651771.10531899,13962368.510611808,23705700.58178027,69429627.8552954,45723927.273515135,23833549.30225667,54114627.70157128,13965602.260940427,5.783025229202277,4.768353507959109,119.3013282195383,621.5205458991168,0.0
