vol_multiplier,shock_type,correlated,subsidy,deviation,run,termination_condition,feasible,objective,avg_h2_production,std_h2_production,avg_scenario_obj,std_scenario_obj,worst_scenario_obj,best_scenario_obj,obj_range,cvar_5pct,avg_revenue,std_revenue,avg_demand_met,min_demand_met,total_entry_booking,total_exit_booking,n_quality_deviations
1.0,price_lt,0.4,30.0,0.0,1,optimal,True,21632066.29206035,0.32965753424383737,0.7930214453333961,21632066.29206035,700527.2055499366,20842842.32946109,23156963.61707144,2314121.2876103483,20871487.05845997,24152110.798990443,763508.2946832207,5.337806883851902,4.565296166185523,76.73972602739725,908.4197192229335,0.0
2.0,price_lt,0.4,30.0,0.0,1,optimal,True,23401554.059978243,0.7465166442128133,1.030762561565204,23401554.05997824,1611353.5468998905,21771796.406303693,27090761.94177878,5318965.535475086,21867998.33909076,25968122.125342786,1694141.9266925259,5.348397785319941,4.565645828787014,76.73972602739725,628.6184202427689,0.0
4.0,price_lt,0.4,30.0,0.0,1,optimal,True,27222577.12545188,1.1262115046871743,0.8897564495263289,27222577.12545188,3372038.4201533603,24183111.778310955,35019953.35991391,10836841.581602953,24183111.778310955,29831149.779710814,3432328.5739905117,5.350974740155728,4.565645828787012,76.73972602739725,578.5145299280667,0.0
8.0,price_lt,0.4,30.0,0.0,1,optimal,True,35088266.35332295,1.2676453432958779,0.923592791923283,35088266.35332295,6751563.9213082995,29262862.65679096,50878468.75785077,21615606.101059813,29262862.65679096,37709668.37797974,6802610.433210006,5.322463550173441,4.565645828787015,96.71553356909233,493.4062177034082,0.0
16.0,price_lt,0.4,30.0,0.0,1,optimal,True,51133812.99072862,1.454579016290747,0.7984104751741076,51133812.99072862,13622832.76946331,39293756.89886249,83288918.32044849,43995161.421586,39293756.89886253,53762552.15037516,13685766.508429926,5.258253386755309,4.565645828787012,116.58821294105786,510.6698931393966,0.0
