vol_multiplier,shock_type,correlated,subsidy,deviation,run,termination_condition,feasible,objective,avg_h2_production,std_h2_production,avg_scenario_obj,std_scenario_obj,worst_scenario_obj,best_scenario_obj,obj_range,cvar_5pct,avg_revenue,std_revenue,avg_demand_met,min_demand_met,total_entry_booking,total_exit_booking,n_quality_deviations
1.0,price_st,0.6,45.0,0.0,0,optimal,True,21624328.652346946,1.8939301276419203,0.6683089109358659,21624328.652346946,994450.568570926,20379609.89956226,23322776.336599424,2943166.437037166,20379609.89956226,24244494.794200465,1000953.1384601634,4.978308644789351,3.604918942178391,76.06746341907284,630.3694165301746,0.0
2.0,price_st,0.6,45.0,0.0,0,optimal,True,21694819.569092367,1.707868465068119,0.8623616195575663,21694819.569092367,1117618.7906207964,20084961.35489012,23650288.443876736,3565327.0889866166,20084961.35489012,24301101.443922818,1107717.4347546853,4.973721282240687,3.604918942178391,75.95821762184767,662.3539835073848,0.0
4.0,price_st,0.6,45.0,0.0,0,optimal,True,21863276.635203186,1.6496513584728913,0.9335193741823715,21863276.635203186,1437674.8903105524,19495009.1156122,24354088.545993514,4859079.430381313,19495009.1156122,24466140.085536644,1421368.7374333297,4.9736063167538624,3.604918942178391,77.73972602739725,680.4211013908808,0.0
8.0,price_st,0.6,45.0,0.0,0,optimal,True,22212504.0665814,1.7160331166146232,0.8509521195283185,22212504.0665814,2243565.820576858,18290963.644218292,25795131.06104173,7504167.416823439,18290963.64421919,24817482.227771062,2232695.2701893575,4.972590247569483,3.586027989923138,79.82839880399115,894.765852625999,0.0
16.0,price_st,0.6,45.0,0.0,0,optimal,True,23093705.313102677,1.5788746021533235,0.8201524656405266,23093705.313102677,4012944.5116574336,16096581.609897913,29088812.149352733,12992230.53945482,16096581.609897917,25685887.05920004,4013953.4063725034,4.963846652248099,3.5860279899231067,82.40990337849884,756.650069056094,0.0
