vol_multiplier,shock_type,correlated,subsidy,deviation,run,termination_condition,feasible,objective,avg_h2_production,std_h2_production,avg_scenario_obj,std_scenario_obj,worst_scenario_obj,best_scenario_obj,obj_range,cvar_5pct,avg_revenue,std_revenue,avg_demand_met,min_demand_met,total_entry_booking,total_exit_booking,n_quality_deviations
1.0,price_lt,0.2,70.0,0.0,1,optimal,True,21799636.285880376,2.2122051777932183,0.20317541852487023,21799636.285880372,513444.89290374203,21271200.321779497,22981168.294421386,1709967.972641889,21312003.22283706,24290952.246680293,502896.2583709672,5.383178350820248,4.565412854678759,75.73972602739806,855.4324217751487,0.0
2.0,price_lt,0.2,70.0,0.0,1,optimal,True,23540002.31416937,2.2161446648818597,0.20219118578663217,23540002.314169366,1168974.3508047692,22322340.80894386,26437036.87959019,4114696.0706463307,22380926.890798405,26031029.398321368,1159954.3137776305,5.383326018109813,4.565645828787015,75.73972602739725,799.4447326149675,0.0
4.0,price_lt,0.2,70.0,0.0,1,optimal,True,27293542.55142025,2.1540880794997017,0.22681530859958335,27293542.55142025,2480918.8000506754,24857579.968602587,33472357.19447428,8614777.225871693,25012434.06295849,29782192.289852515,2473337.544142601,5.381970268819943,4.565628259151099,75.73972602739767,622.7475819274514,0.0
8.0,price_lt,0.2,70.0,0.0,1,optimal,True,35009548.19872797,1.7758640236590924,0.8041218119751676,35009548.198727965,5022335.184497395,30548962.28261664,47480043.90142344,16931081.618806798,30548962.28261664,37491944.63222635,5015713.011876553,5.33298612588724,4.565628259151099,95.85791966255562,485.48004789434003,0.0
16.0,price_lt,0.2,70.0,0.0,1,optimal,True,51010113.68588241,1.6242707971126673,0.8356028394447225,51010113.685882404,10639138.57520759,41541333.57077491,77395873.83538412,35854540.2646092,41541333.57077491,53486691.81850347,10634776.63655925,5.304721659693817,4.565645828787015,94.20128159826346,510.98808280039225,0.0
