vol_multiplier,shock_type,correlated,subsidy,deviation,run,termination_condition,feasible,objective,avg_h2_production,std_h2_production,avg_scenario_obj,std_scenario_obj,worst_scenario_obj,best_scenario_obj,obj_range,cvar_5pct,avg_revenue,std_revenue,avg_demand_met,min_demand_met,total_entry_booking,total_exit_booking,n_quality_deviations
1.0,price_lt,0.0,70.0,0.0,1,optimal,True,21554030.825450443,2.174120701258199,0.15452247293166577,21554030.825450443,682157.3271736761,20430980.078182694,23033145.631956477,2602165.553773783,20444304.08699302,24046253.36759463,676716.3447663289,5.381928395792045,4.5428987067272235,77.04415310222566,1055.5473576247343,0.0
2.0,price_lt,0.0,70.0,0.0,1,optimal,True,23147149.721220475,2.1625031091848794,0.13792908487708158,23147149.72122048,1423448.6538882116,20780647.855487943,26358461.792697366,5577813.937209424,20792399.346418723,25634925.863450445,1417718.7545779361,5.380680568172416,4.5655807365949945,81.68439352095484,928.9590756092105,0.0
4.0,price_lt,0.0,70.0,0.0,1,optimal,True,26567210.69564517,2.1078434905004944,0.25511360292115215,26567210.69564517,2937764.9922799515,21599603.91349639,33007498.90205196,11407894.98855557,21634348.851059623,29050202.086537328,2932309.813045041,5.372614187572484,4.556801970704147,80.54250902791254,823.7391974367183,0.0
8.0,price_lt,0.0,70.0,0.0,1,optimal,True,33782818.38260044,1.9261619889686985,0.45935652307233665,33782818.38260044,6013342.541611883,23772744.55374333,46745433.8302979,22972689.276554573,23823621.968303308,36263957.47536632,6007243.859042133,5.360915562202066,4.508717083462266,85.46255232126309,609.9885575221128,0.0
16.0,price_lt,0.0,70.0,0.0,1,optimal,True,48942224.35935306,1.843618464355362,0.5794382771037951,48942224.359353065,12503501.92977961,30104230.356044352,76969344.9380778,46865114.582033455,30177933.6676399,51419700.101050645,12498763.756810945,5.3466826103977665,4.508630054145724,86.89277177092,547.7883215739,0.0
