vol_multiplier,shock_type,correlated,subsidy,deviation,run,termination_condition,feasible,objective,avg_h2_production,std_h2_production,avg_scenario_obj,std_scenario_obj,worst_scenario_obj,best_scenario_obj,obj_range,cvar_5pct,avg_revenue,std_revenue,avg_demand_met,min_demand_met,total_entry_booking,total_exit_booking,n_quality_deviations
1.0,price_lt,1.0,30.0,0.0,0,optimal,True,20568556.713744346,0.15684290467068918,0.34904525409114634,20568556.713744346,2928878.376254785,16438243.858281549,25156726.34997241,8718482.49169086,16438243.858281553,23066225.545137577,2955279.856326969,4.931569421122821,3.5667084263000146,90.88918784046406,235.63250472946694,0.0
2.0,price_lt,1.0,30.0,0.0,0,optimal,True,20832060.147675663,0.4657151326913027,0.8068553733076549,20832060.147675663,5904467.72304632,12641383.269121712,30095508.010701343,17454124.74157963,12641383.269121954,23369607.5373179,5986387.951549156,4.945104847163013,3.5667369410398866,75.73972602739725,695.1037927920835,0.0
4.0,price_lt,1.0,30.0,0.0,0,optimal,True,21579337.919304583,0.35043765297062174,0.46506596959963364,21579337.91930458,12233339.660862993,5062395.835084895,41016401.4910268,35954005.6559419,5080157.192553599,24096985.744580686,12274190.77047937,4.935610546013752,3.5666689243008713,98.57601510679764,642.3354855111241,0.0
8.0,price_lt,1.0,30.0,0.0,0,optimal,True,24547609.279495806,0.36563277336338273,0.497604312355179,24547609.279495806,23591355.759718236,-618067.0590248529,63299169.53708577,63917236.59611063,-618067.0590248529,26697309.082846142,24025032.726136874,4.419696634971799,1.1441973620417487,354.46273813895135,404.3465996452638,0.0
16.0,price_lt,1.0,30.0,0.0,0,optimal,True,34244786.21517698,0.361821049526262,0.4862882555908102,34244786.21517697,43253979.90328951,-619540.8245297866,107818931.79244073,108438472.61697051,-619540.8245297866,36278784.91577555,43687489.99580962,4.065425297384017,1.1441973620417483,402.8450636566498,530.9784068912267,0.0
