vol_multiplier,shock_type,correlated,subsidy,deviation,run,termination_condition,feasible,objective,avg_h2_production,std_h2_production,avg_scenario_obj,std_scenario_obj,worst_scenario_obj,best_scenario_obj,obj_range,cvar_5pct,avg_revenue,std_revenue,avg_demand_met,min_demand_met,total_entry_booking,total_exit_booking,n_quality_deviations
1.0,price_st,0.4,45.0,0.0,2,optimal,True,21888822.806136176,1.7265476558600654,0.6432768416309953,21888822.806136176,1171278.460011367,20037431.526788387,24354864.803105026,4317433.276316639,20037431.526791826,24486931.783731252,1167252.8145252746,5.6260820718467635,4.659467559782088,75.73972602739765,640.3336606042594,0.0
2.0,price_st,0.4,45.0,0.0,2,optimal,True,21830225.359677043,1.812114230363612,0.6378005401869217,21830225.359677047,1194474.5627340863,20124421.66039079,24429856.32242129,4305434.662030499,20124421.660390794,24434446.95229049,1196895.6054914538,5.628575080258344,4.659425340655704,75.73972602739725,908.2985539475504,0.0
4.0,price_st,0.4,45.0,0.0,2,optimal,True,21780133.028735165,1.8275361457322519,0.6368336995153879,21780133.02873516,1284744.4229035918,20317997.535069086,24591606.39652802,4273608.861458935,20317997.53506915,24389304.571190804,1296690.577373963,5.629075143128187,4.659425343829037,75.73972602739725,662.9464323353816,0.0
8.0,price_st,0.4,45.0,0.0,2,optimal,True,21905041.300678335,1.8578676462967532,0.6944841649709289,21905041.300678335,1514022.9083979062,20291914.283801377,24945820.44041055,4653906.156609174,20291914.2838216,24515527.433708824,1518741.6584034816,5.628998259072975,4.659425343829037,75.94800973028683,703.9889737321879,0.0
16.0,price_st,0.4,45.0,0.0,2,optimal,True,22586860.17627235,2.0483013761175695,0.4044014004017477,22586860.176272348,1990379.9802102249,19859894.61154487,25704367.77306336,5844473.161518492,19859894.611544874,25215139.51921495,1993616.8646892158,5.633506180624712,4.681660986035424,75.7397260273976,487.3153820388047,0.0
