vol_multiplier,shock_type,correlated,subsidy,deviation,run,termination_condition,feasible,objective,avg_h2_production,std_h2_production,avg_scenario_obj,std_scenario_obj,worst_scenario_obj,best_scenario_obj,obj_range,cvar_5pct,avg_revenue,std_revenue,avg_demand_met,min_demand_met,total_entry_booking,total_exit_booking,n_quality_deviations
1.0,price_st,0.6,70.0,0.0,2,optimal,True,22045033.745052293,2.1530455454193835,0.3192920385555709,22045033.745052297,1174815.2853120193,20185961.836478647,24520623.217563268,4334661.381084621,20185961.836478654,24524753.79596589,1170957.299639932,5.637275969288968,4.666905921432333,75.73972602739725,599.2508646548572,0.0
2.0,price_st,0.6,70.0,0.0,2,optimal,True,22001834.48757065,2.154146209318692,0.26576063125199323,22001834.48757065,1202839.8741388875,20252626.066005945,24594920.45928308,4342294.393277135,20252626.06600595,24481644.819022022,1198656.7664090774,5.637074368128203,4.671303429038636,75.73972602739792,727.4634155049122,0.0
4.0,price_st,0.6,70.0,0.0,2,optimal,True,21956670.179964133,2.131726296650401,0.4184570966971359,21956670.179964133,1323301.6849013274,20405181.48630923,24747361.73680583,4342180.2504966,20405181.48630924,24439597.655176386,1322063.1405225652,5.636770167147402,4.659467559782088,76.73972602739725,697.0452560295812,0.0
8.0,price_st,0.6,70.0,0.0,2,optimal,True,22046583.239976455,2.091883347521898,0.43952883300559326,22046583.23997645,1699475.4658332432,19998644.901308466,25090254.755662974,5091609.854354508,19998644.901308473,24530105.5779097,1700907.5396490076,5.6356975918752585,4.659425343829037,75.73972602739762,576.28868447877,0.0
16.0,price_st,0.6,70.0,0.0,2,optimal,True,22626577.032018546,2.236365339409156,0.15224449867488898,22626577.03201855,2477399.9109725226,19101938.349367917,26322371.474499386,7220433.125131469,19101938.349367917,25113821.194676146,2479170.112856202,5.638658762472045,4.681660986034502,75.73972602739725,592.9863937362805,0.0
