vol_multiplier,shock_type,correlated,subsidy,deviation,run,termination_condition,feasible,objective,avg_h2_production,std_h2_production,avg_scenario_obj,std_scenario_obj,worst_scenario_obj,best_scenario_obj,obj_range,cvar_5pct,avg_revenue,std_revenue,avg_demand_met,min_demand_met,total_entry_booking,total_exit_booking,n_quality_deviations
1.0,price_st,0.0,30.0,0.0,2,optimal,True,20980875.101250302,0.03895612002866292,0.29719520516895337,20980875.101250306,745020.1878785953,19427124.50601209,22070713.958454818,2643589.452442728,19506314.42777886,23463886.505123366,752814.641412045,5.582703427870799,4.63784433256244,80.94217400318657,1030.8942747452654,0.0
2.0,price_st,0.0,30.0,0.0,2,optimal,True,21002797.25289915,0.07204966782384528,0.40148275843725895,21002797.252899148,822898.95653801,19178161.250803404,22507976.823166605,3329815.5723632015,19322383.430882614,23490853.729718696,839145.4712859705,5.584478129006596,4.637844332435587,75.13698630136986,1508.9000332031494,0.0
4.0,price_st,0.0,30.0,0.0,2,optimal,True,21116798.483760167,0.11261844611109578,0.5066590461446231,21116798.483760167,1030606.7208886349,18926302.104732666,23408337.21014019,4482035.105407525,19147469.12170671,23610517.918728348,1057755.5454669015,5.584715136334864,4.637817985043621,76.73972602739767,2403.582034611121,0.0
8.0,price_st,0.0,30.0,0.0,2,optimal,True,21446999.453688875,0.3787370278748192,0.8301547494564241,21446999.453688875,1527849.2031233446,18710196.27684079,25291867.50736926,6581671.23052847,18870420.22443262,23971351.46615145,1581183.450635901,5.59148043194991,4.63216632396482,77.80630432498081,3221.7426947060667,0.0
16.0,price_st,0.0,30.0,0.0,2,optimal,True,22394681.638328914,0.6852024261821841,1.0383757584608442,22394681.63832891,2617901.960178092,17600897.136368867,29432843.835322443,11831946.698953576,18016838.103578303,24954883.24253913,2690407.183804492,5.595067820612281,4.63216632396482,83.12218400624928,3599.2177839320498,0.0
