vol_multiplier,shock_type,correlated,subsidy,deviation,run,termination_condition,feasible,objective,avg_h2_production,std_h2_production,avg_scenario_obj,std_scenario_obj,worst_scenario_obj,best_scenario_obj,obj_range,cvar_5pct,avg_revenue,std_revenue,avg_demand_met,min_demand_met,total_entry_booking,total_exit_booking,n_quality_deviations
1.0,price_lt,0.8,30.0,0.0,1,optimal,True,21450026.214828536,0.3639713608030491,0.7771856237065755,21450026.214828536,1286750.5588857497,19536840.56786128,23499032.97242765,3962192.40456637,19536840.56786128,23972227.956162646,1344983.5971705928,5.338586744259803,4.559162914817817,77.73972602739725,814.8891211602776,0.0
2.0,price_lt,0.8,30.0,0.0,1,optimal,True,22933875.33959803,0.6099729816059829,1.032404380816771,22933875.33959803,2868290.4054721207,18710938.477255568,27822127.337353136,9111188.860097568,18710938.4772556,25484092.257601306,2968879.8105796627,5.344415126989267,4.565645828787015,76.73972602739765,835.5765396875585,0.0
4.0,price_lt,0.8,30.0,0.0,1,optimal,True,26132774.407213654,1.0852572540250922,0.9769874279690051,26132774.40721365,5908087.910965538,17738066.191910874,36483067.72797028,18745001.536059406,17799684.264482547,28737726.395962857,5995899.45241889,5.355389082147139,4.565645828787014,77.73972602739725,689.5936673675313,0.0
8.0,price_lt,0.8,30.0,0.0,1,optimal,True,32842066.948549356,1.1220308196543483,1.030448102490633,32842066.94854936,11729308.599836625,17047218.81750718,53804278.03306544,36757059.21555826,17047218.81750718,35444867.93925361,11824549.637803352,5.316063663109206,4.565645828787015,96.7517224754834,522.4655749757881,0.0
16.0,price_lt,0.8,30.0,0.0,1,optimal,True,46558519.38525403,1.3501491167989892,1.002958794548991,46558519.385254025,23230818.347911846,16488856.468625465,88447157.37505716,71958300.90643169,16488856.46862547,49174887.72456731,23339512.975401357,5.25508288869354,4.565645828787015,117.04189622580442,540.813940177104,0.0
