vol_multiplier,shock_type,correlated,subsidy,deviation,run,termination_condition,feasible,objective,avg_h2_production,std_h2_production,avg_scenario_obj,std_scenario_obj,worst_scenario_obj,best_scenario_obj,obj_range,cvar_5pct,avg_revenue,std_revenue,avg_demand_met,min_demand_met,total_entry_booking,total_exit_booking,n_quality_deviations
1.0,price_lt,1.0,30.0,0.0,3,optimal,True,19971760.785854638,0.0,0.0,19971760.785854638,2896083.472802194,15133178.033504488,23892434.65300322,8759256.619498732,15134509.753143882,22452347.480783362,2895544.02999876,5.851108377669098,4.7176974736652735,82.73972602739725,224.06135282443017,0.0
2.0,price_lt,1.0,30.0,0.0,3,optimal,True,19514692.724568404,0.2997603353004655,0.6246316516287036,19514692.7245684,5756559.208230208,9797998.856826201,27133136.053412862,17335137.19658666,9797998.856826222,22030494.724473625,5799350.756309324,5.8594804622857435,4.717767257482241,76.73972602739725,475.6916837829888,0.0
4.0,price_lt,1.0,30.0,0.0,3,optimal,True,18948248.85930345,0.623160713610658,0.7533538424629513,18948248.85930345,11464679.090344548,142186.28288006404,34447618.96031168,34305432.67743162,144310.60827542547,21322579.1774655,11830582.347504327,5.5722613641722845,2.8839287369825546,288.5833114699674,765.6843376788513,0.0
8.0,price_lt,1.0,30.0,0.0,3,optimal,True,21963182.10440034,0.6617700740035547,0.7352117394421621,21963182.104400337,18237941.905848745,-523756.49077277136,49979170.17768899,50502926.66846176,-488691.32807114907,24008614.08021836,18932183.169754382,4.639093993297944,1.1044353307895431,394.11386772130135,520.7545648758238,0.0
16.0,price_lt,1.0,30.0,0.0,3,optimal,True,31150599.969999112,0.5272759346036932,0.5331706148345084,31150599.969999112,29581560.798912738,-531034.7593011059,81140748.77073193,81671783.53003304,-531034.7593011059,32930721.90541252,30443964.049691893,4.202448549103117,1.1044353307895431,374.88841988919063,496.75545569370036,0.0
