vol_multiplier,shock_type,correlated,subsidy,deviation,run,termination_condition,feasible,objective,avg_h2_production,std_h2_production,avg_scenario_obj,std_scenario_obj,worst_scenario_obj,best_scenario_obj,obj_range,cvar_5pct,avg_revenue,std_revenue,avg_demand_met,min_demand_met,total_entry_booking,total_exit_booking,n_quality_deviations
1.0,price_lt,0.0,30.0,0.0,1,optimal,True,21346068.334673174,0.0,0.0,21346068.334673174,683275.0602960809,20223607.817385644,22825085.371085357,2601477.553699713,20240639.466028992,23826762.942251995,678618.6694990576,5.33040962977263,4.494468361848063,75.0779783327631,1096.158051469893,0.0
2.0,price_lt,0.0,30.0,0.0,1,optimal,True,22938114.77863641,0.626639989550928,0.8976984852543309,22938114.77863641,1413923.55305243,20576258.98889331,26137105.02903073,5560846.040137418,20592414.58880431,25487223.785452724,1473895.053564889,5.341977615642419,4.531005739082389,81.75034685906796,918.7183762602049,0.0
4.0,price_lt,0.0,30.0,0.0,1,optimal,True,26350154.755911905,0.8480082479977789,0.9582894618248385,26350154.7559119,2954566.0557851237,21378691.192141827,32787016.609617464,11408325.417475637,21421196.86419657,28922035.84052302,3016594.701480264,5.344604966408458,4.546647776264935,82.7343416677869,921.0963127942448,0.0
8.0,price_lt,0.0,30.0,0.0,1,optimal,True,33573086.57088819,1.585910341772311,0.7959601531536015,33573086.57088819,6022083.16368678,23531696.515355203,46524237.42615437,22992540.910799164,23581227.682897937,36228304.773601234,6039662.186161029,5.351117728183876,4.508630054145729,84.00257207742003,583.6885714858532,0.0
16.0,price_lt,0.0,30.0,0.0,1,optimal,True,48733702.7073016,1.828258018915714,0.5637901359081802,48733702.7073016,12523311.137041057,29861224.984184943,76748148.77343781,46886923.78925287,29934922.45996814,51415138.11123768,12508475.940895237,5.349157979328382,4.5086300541457245,90.23597242771504,618.5860150269916,0.0
