vol_multiplier,shock_type,correlated,subsidy,deviation,run,termination_condition,feasible,objective,avg_h2_production,std_h2_production,avg_scenario_obj,std_scenario_obj,worst_scenario_obj,best_scenario_obj,obj_range,cvar_5pct,avg_revenue,std_revenue,avg_demand_met,min_demand_met,total_entry_booking,total_exit_booking,n_quality_deviations
1.0,price_lt,0.0,30.0,0.0,0,optimal,True,20855204.36059754,0.01329472439202003,0.04616652325972988,20855204.360597543,1172183.5734914213,19289867.580495823,23543414.99171817,4253547.411222346,19370072.931188386,23338212.272859246,1175599.5686301694,4.934770540670312,3.542740886364989,78.70349107436843,1173.426833870974,0.0
2.0,price_lt,0.0,30.0,0.0,0,optimal,True,21826453.73864374,0.6581047668655644,0.8771989452231496,21826453.738643743,2369631.267281089,18683060.759711556,26946797.223045446,8263736.46333389,18706758.050298598,24382833.9597833,2431335.7680921652,4.950890133636964,3.542740886364987,79.64392941676229,773.0539470879355,0.0
4.0,price_lt,0.0,30.0,0.0,0,optimal,True,23886151.47392043,0.9319226910528524,1.084153108626657,23886151.473920435,4760619.258363742,17373055.239999853,33763504.64763018,16390449.407630324,17388695.0158281,26471308.44497496,4841749.067178213,4.9404352876211775,3.542740886364991,88.52357671181852,626.5703776075762,0.0
8.0,price_lt,0.0,30.0,0.0,0,optimal,True,28388961.594933074,1.5124990391879742,1.0678880547755822,28388961.594933078,9319469.233012091,15571021.858224267,47382327.16898967,31811305.310765408,15573225.262759924,31034533.661143474,9369053.425424905,4.921482463224241,3.58098055461939,110.63161045644827,673.8373789740092,0.0
16.0,price_lt,0.0,30.0,0.0,0,optimal,True,38742256.50281719,1.5426190008208702,0.9611867687115679,38742256.50281719,17940089.27876733,14794473.047149356,75966726.00193006,61172252.9547807,14816577.81286853,41341904.41602707,18039495.817841053,4.747973077466041,3.2521770105730736,179.0366667598498,700.0554625396815,0.0
