vol_multiplier,shock_type,correlated,subsidy,deviation,run,termination_condition,feasible,objective,avg_h2_production,std_h2_production,avg_scenario_obj,std_scenario_obj,worst_scenario_obj,best_scenario_obj,obj_range,cvar_5pct,avg_revenue,std_revenue,avg_demand_met,min_demand_met,total_entry_booking,total_exit_booking,n_quality_deviations
1.0,price_st,0.4,30.0,0.0,2,optimal,True,21825465.066321053,0.2996575342465754,0.7928193141032592,21825465.06632105,1159548.8099613814,19922558.59894534,24254307.03035186,4331748.43140652,19922558.59894535,24332161.041156646,1230957.1893983146,5.5890927774217625,4.6382127777403825,77.48488792449409,789.7204190930397,0.0
2.0,price_st,0.4,30.0,0.0,2,optimal,True,21777620.14996075,0.25100101684213816,0.6640862693887523,21777620.14996075,1178833.9601944895,20005644.330210272,24314423.155785084,4308778.825574812,20005644.330210354,24278427.293171834,1239294.938517626,5.588496776389962,4.638314931801522,76.73972602739761,785.7113042972635,0.0
4.0,price_st,0.4,30.0,0.0,2,optimal,True,21708471.017840818,2.688821387764051e-17,1.5608414871508897e-16,21708471.017840814,1271517.7949954635,20239440.006071106,24492574.289353635,4253134.28328253,20239440.006071106,24179985.557378754,1269000.3562711256,5.581267631009974,4.638362587710752,78.38181403151434,825.2007920582134,0.0
8.0,price_st,0.4,30.0,0.0,2,optimal,True,21861151.749729518,3.37403716077489e-16,1.4331564218642584e-15,21861151.74972952,1501307.0160575954,20232360.139310442,24850656.09884654,4618295.959536098,20232360.139310442,24335162.651024707,1500294.9553308124,5.5828604686710825,4.638362587711131,73.73972602739725,585.6537436173921,0.0
16.0,price_st,0.4,30.0,0.0,2,optimal,True,22528753.175613504,0.028513345491904454,0.07543922121804379,22528753.175613504,1987556.9640870749,19788909.50156066,25616606.340493992,5827696.838933334,19788909.501561105,25008373.971899472,1992128.6939822398,5.583205292605316,4.634729604562,75.0762869670655,448.5981340690216,0.0
