vol_multiplier,shock_type,correlated,subsidy,deviation,run,termination_condition,feasible,objective,avg_h2_production,std_h2_production,avg_scenario_obj,std_scenario_obj,worst_scenario_obj,best_scenario_obj,obj_range,cvar_5pct,avg_revenue,std_revenue,avg_demand_met,min_demand_met,total_entry_booking,total_exit_booking,n_quality_deviations
1.0,price_lt,0.6,30.0,0.0,1,optimal,True,21598241.841723572,0.2996575342465763,0.7928193141032589,21598241.841723576,986670.6197608643,20285446.684823312,23454766.21102408,3169319.5262007676,20292193.298729055,24113577.406599518,1043122.5480460513,5.336983221998489,4.565373958514377,76.73972602739725,862.3880556519103,0.0
2.0,price_lt,0.6,30.0,0.0,1,optimal,True,23317026.558395598,0.6149627287746624,1.0176767532763482,23317026.558395598,2197077.2174071446,20627840.05628073,27700057.600691445,7072217.544410717,20627840.056280732,25868393.09504816,2297178.5762646617,5.3445467405681395,4.565645828787015,77.73972602739725,592.2291827641691,0.0
4.0,price_lt,0.6,30.0,0.0,1,optimal,True,26968678.739906035,1.0008754106008266,0.9359631419936605,26968678.739906035,4565246.649323955,21375004.237520058,36238613.29151116,14863609.053991105,21407426.46299977,29561715.771834455,4648807.99023519,5.334900737527052,4.565645828787011,94.52997184200576,755.5674616521005,0.0
8.0,price_lt,0.6,30.0,0.0,1,optimal,True,34564923.56807262,0.8949933163783599,0.9401694419296799,34564923.56807262,9116811.49428868,24337312.816032883,53316125.35734062,28978812.541307736,24337312.816032883,37142503.11326069,9214042.140897421,5.313455281293398,4.565645828787015,96.75172247548345,498.99043067399117,0.0
16.0,price_lt,0.6,30.0,0.0,1,optimal,True,50020632.91506062,1.3728315392905786,0.9737959150694844,50020632.91506061,18023494.86266656,30699433.465629403,87470589.10940523,56771155.643775836,30699433.46562941,52639535.87778863,18120670.180560637,5.255660266734788,4.565645828787014,117.04189622580482,523.6001009010386,0.0
