vol_multiplier,shock_type,correlated,subsidy,deviation,run,termination_condition,feasible,objective,avg_h2_production,std_h2_production,avg_scenario_obj,std_scenario_obj,worst_scenario_obj,best_scenario_obj,obj_range,cvar_5pct,avg_revenue,std_revenue,avg_demand_met,min_demand_met,total_entry_booking,total_exit_booking,n_quality_deviations
1.0,price_st,1.0,30.0,0.0,2,optimal,True,21904278.868618395,0.2996575342465754,0.7928193141032591,21904278.868618395,1161517.6342778308,19809523.168024983,24213145.43424191,4403622.266216926,19823185.984771192,24410437.948886387,1229831.4320370255,5.589003909846506,4.6383562235499625,77.40209215814947,651.2828895932738,0.0
2.0,price_st,1.0,30.0,0.0,2,optimal,True,21917862.96450319,0.2996575342465753,0.7928193141032591,21917862.964503188,1218594.1249385083,19340022.558938842,24247661.660939798,4907639.1020009555,19659957.721606378,24423668.341447733,1283754.5553297147,5.588983243845643,4.6383562235499625,77.40209215814896,615.7650123140216,0.0
4.0,price_st,1.0,30.0,0.0,2,optimal,True,21954871.223098427,0.2996575342465753,0.7928193141032591,21954871.223098427,1363648.0464131178,19720945.775174625,24315256.327094086,4594310.55191946,19748167.635034885,24460927.802208923,1423412.1449684543,5.588176667146719,4.638362587711131,77.31929639180545,706.6769318028848,0.0
8.0,price_st,1.0,30.0,0.0,2,optimal,True,22004048.09549565,0.33265951579428726,0.8230425988405723,22004048.09549565,1967928.5081483775,18848156.643054947,24689871.044342678,5841714.401287731,19112084.075044397,24513406.481617823,2013803.6358241576,5.582018296405361,4.638321424590889,87.57078573043489,778.8291760584813,0.0
16.0,price_st,1.0,30.0,0.0,2,optimal,True,22178757.695046633,0.5976931476632035,0.8489185011633428,22178757.695046633,3393554.5313871615,18181517.131942295,27008011.57573929,8826494.443796996,18181517.131942306,24718686.92389863,3454274.20949874,5.597569210846862,4.6383562235499625,76.92986952079859,516.7432412021807,0.0
