vol_multiplier,shock_type,correlated,subsidy,deviation,run,termination_condition,feasible,objective,avg_h2_production,std_h2_production,avg_scenario_obj,std_scenario_obj,worst_scenario_obj,best_scenario_obj,obj_range,cvar_5pct,avg_revenue,std_revenue,avg_demand_met,min_demand_met,total_entry_booking,total_exit_booking,n_quality_deviations
1.0,price_lt,0.6,30.0,0.0,2,optimal,True,21531603.75033958,0.0,0.0,21531603.750339583,1475909.591157168,19834818.55925663,23595802.95767285,3760984.398416221,19834818.559256684,24002773.411533218,1475309.3016058714,5.582784755101198,4.638373260328586,74.65047945718196,573.2512339078196,0.0
2.0,price_lt,0.6,30.0,0.0,2,optimal,True,23494798.8205649,0.5832798267340422,0.8650726649747693,23494798.820564896,3186720.4038796388,19404294.814325392,27771162.64086203,8366867.826536637,19437176.171071116,26031767.561702497,3263558.1953531723,5.588936381761339,4.638357446503316,81.72739596120799,502.7978537653938,0.0
4.0,price_lt,0.6,30.0,0.0,2,optimal,True,27560040.117362097,1.161808425526161,1.041033193803987,27560040.117362097,6530904.36473573,18947320.53905851,36187867.256799504,17240546.717740994,18947320.53905851,30161092.41662909,6599024.256379254,5.57077227039189,4.602060267698824,97.40428011599172,734.4108497644934,0.0
8.0,price_lt,0.6,30.0,0.0,2,optimal,True,36338361.73547377,1.623944593990029,0.9877304891081655,36338361.73547377,12586163.878775334,19621716.815529864,53025488.29564608,33403771.480116215,19621716.815529864,38985665.222023904,12629204.158272978,5.533695553571183,4.602060267698824,96.93568393415825,608.2584990786513,0.0
16.0,price_lt,0.6,30.0,0.0,2,optimal,True,54761018.88090641,1.5203029522497757,0.9700091060055042,54761018.8809064,24509357.631713163,22544246.795551088,86728322.02306744,64184075.22751635,22544246.79555109,57390818.69249143,24526143.29210427,5.513259740373294,4.602060267698823,92.84625864670251,546.3297205316422,0.0
