vol_multiplier,shock_type,correlated,subsidy,deviation,run,termination_condition,feasible,objective,avg_h2_production,std_h2_production,avg_scenario_obj,std_scenario_obj,worst_scenario_obj,best_scenario_obj,obj_range,cvar_5pct,avg_revenue,std_revenue,avg_demand_met,min_demand_met,total_entry_booking,total_exit_booking,n_quality_deviations
1.0,price_lt,0.2,30.0,0.0,1,optimal,True,21588269.320297156,0.32295107791270705,0.7863843954028642,21588269.320297156,505496.73482531565,21088851.305521343,22714170.75334248,1625319.4478211366,21088851.305521514,24105463.889295027,574997.9642652693,5.3376671289132025,4.565373958514376,76.73972602739725,711.9445406363744,0.0
2.0,price_lt,0.2,30.0,0.0,1,optimal,True,23330855.940832313,0.6909363620942734,0.993545422177627,23330855.940832313,1128641.6579221378,22290368.68827851,26200528.73686082,3910160.048582308,22298985.364139006,25890559.632976152,1203245.619729695,5.346626090006323,4.565628259151099,76.73972602739764,618.1030609284285,0.0
4.0,price_lt,0.2,30.0,0.0,1,optimal,True,27088626.33286977,1.1050009295699288,0.9453195705116655,27088626.33286977,2452684.0690809763,24932193.055400513,33205444.475510497,8273251.4201099835,24932193.0554014,29693026.272684887,2496943.0740613802,5.337646424410696,4.5656282591511,94.52997184200574,551.7930573474606,0.0
8.0,price_lt,0.2,30.0,0.0,1,optimal,True,34819799.25658805,1.2331830165507078,0.8954399566259603,34819799.25658804,5000695.911024585,30434498.413078047,47213467.92279982,16778969.50972177,30434498.41307805,37437249.862150446,5029531.07318315,5.321284838837949,4.5656282591511,96.88098510603021,519.9875940134302,0.0
16.0,price_lt,0.2,30.0,0.0,1,optimal,True,50820231.65109536,1.4240315028959225,0.8302073702540056,50820231.65109536,10633726.9476999,41129458.27024993,77182654.5037876,36053196.233537674,41129458.27024993,53447940.50168767,10674737.31611654,5.268330311819432,4.5656282591511,124.92910345192135,584.9723851747675,0.0
