vol_multiplier,shock_type,correlated,subsidy,deviation,run,termination_condition,feasible,objective,avg_h2_production,std_h2_production,avg_scenario_obj,std_scenario_obj,worst_scenario_obj,best_scenario_obj,obj_range,cvar_5pct,avg_revenue,std_revenue,avg_demand_met,min_demand_met,total_entry_booking,total_exit_booking,n_quality_deviations
1.0,price_lt,0.8,0.0,0.0,1,optimal,True,21446582.284533467,0.0,0.0,21446582.284533463,1276186.7800077992,19539212.09597017,23505284.674431507,3966072.578461338,19539212.09597017,23927378.771806456,1268515.6929298718,5.330943378094457,4.516865821306334,75.73972602739725,1037.553573131408,0.0
2.0,price_lt,0.8,0.0,0.0,1,optimal,True,22926029.649979122,0.0,0.0,22926029.649979122,2834413.022835435,18902747.6774851,27757013.599659793,8854265.922174692,18902747.677485105,25406064.329850726,2827676.214960793,5.330876757160992,4.51719791427191,73.73972602739767,686.0242913453869,0.0
4.0,price_lt,0.8,0.0,0.0,1,optimal,True,26088304.12276804,0.0,0.0,26088304.12276804,5857919.91158382,17765193.4501543,36309844.05487347,18544650.604719166,17765193.4501543,28566773.631902806,5853170.472820274,5.327367968693462,4.517197914271911,74.73972602739725,765.0900411399152,0.0
8.0,price_lt,0.8,0.0,0.0,1,optimal,True,32787313.818609685,0.5993150684937643,1.038044148372821,32787313.81860968,11697826.45152633,16995763.931285035,53604470.28615953,36608706.35487449,17012884.021483775,35381058.10167613,11883460.198316248,5.309866100023334,4.565645828787012,98.97482650452729,582.6634780456371,0.0
16.0,price_lt,0.8,0.0,0.0,1,optimal,True,46451103.743513785,0.6701443112986294,0.99510573822916,46451103.743513785,23137131.22935064,16488917.064480204,88247286.46414232,71758369.39966212,16488917.064506657,49045343.693122596,23335895.36392645,5.243185738253382,4.565645828786888,117.36629835752807,590.9564339065297,0.0
