vol_multiplier,shock_type,correlated,subsidy,deviation,run,termination_condition,feasible,objective,avg_h2_production,std_h2_production,avg_scenario_obj,std_scenario_obj,worst_scenario_obj,best_scenario_obj,obj_range,cvar_5pct,avg_revenue,std_revenue,avg_demand_met,min_demand_met,total_entry_booking,total_exit_booking,n_quality_deviations
1.0,price_lt,0.4,70.0,0.0,3,optimal,True,20527909.05949159,1.898541485953289,0.6087236818065165,20527909.05949159,1335437.6824357114,18432925.013510488,22079062.36254406,3646137.349033572,18432925.013510488,23012570.2199293,1329682.5031928595,5.900636544842797,4.768263646287204,75.73972602739725,693.2056128491562,0.0
2.0,price_lt,0.4,70.0,0.0,3,optimal,True,21340997.274559025,1.905122568522793,0.6856431536895997,21340997.274559025,2937398.074265339,17122627.052564684,25255003.533343676,8132376.480778992,17122627.052564688,23825471.82662723,2929019.9613011754,5.900747781679234,4.7682316664258835,75.73972602739767,679.3794263576183,0.0
4.0,price_lt,0.4,70.0,0.0,3,optimal,True,23243025.200090073,1.8167670025809144,0.6901653082611519,23243025.200090073,6132857.801028256,14980163.35906831,31920206.998661984,16940043.639593676,14980163.359068312,25720797.4953816,6133504.998929528,5.862933970153914,4.4570315694219556,106.04380031604961,631.4485240943469,0.0
8.0,price_lt,0.4,70.0,0.0,3,optimal,True,28081882.701892454,1.3601475757024795,0.9033469115700756,28081882.701892454,11370609.932781618,13837656.617892722,45275936.05806021,31438279.440167487,13837656.617892722,30506085.589950774,11425169.050742986,5.681224276539314,3.617732000459391,173.95989369239877,580.1254777589745,0.0
16.0,price_lt,0.4,70.0,0.0,3,optimal,True,38964717.08700416,1.2179450546104684,0.8388016025815441,38964717.08700416,20948582.80690834,13860075.606118409,72421803.63931324,58561728.033194825,13860075.606118409,41357947.44472511,21027644.1998621,5.544326123485678,3.509119399804174,174.37402836863117,478.5587292303507,0.0
