vol_multiplier,shock_type,correlated,subsidy,deviation,run,termination_condition,feasible,objective,avg_h2_production,std_h2_production,avg_scenario_obj,std_scenario_obj,worst_scenario_obj,best_scenario_obj,obj_range,cvar_5pct,avg_revenue,std_revenue,avg_demand_met,min_demand_met,total_entry_booking,total_exit_booking,n_quality_deviations
1.0,price_lt,1.0,0.0,0.0,2,optimal,True,20537302.531207353,0.0,0.0,20537302.531207357,1989344.1415795742,17578988.178136002,23303811.605693303,5724823.427557301,17581334.031370487,23018102.056129735,1989137.5115233464,5.582917142497829,4.637717902314883,74.73972602739725,246.69772701953235,0.0
2.0,price_lt,1.0,0.0,0.0,2,optimal,True,20738695.029386174,0.0,0.0,20738695.029386178,3985570.2185527403,15007074.073857257,26224598.966467172,11217524.892609915,15007074.07385726,23219055.63202062,3984918.628748608,5.582986782884339,4.637817662394434,73.73972602739725,263.6505664929626,0.0
4.0,price_lt,1.0,0.0,0.0,2,optimal,True,21266314.023762286,3.5860950224667733e-12,6.7262416364020845e-12,21266314.02376229,8206549.6914351,9873569.89314814,32642658.210350435,22769088.317202296,9891116.181957498,23747193.430345684,8203165.757817629,5.578086471769105,4.511781257865079,73.7397260296194,611.4776877204813,0.0
8.0,price_lt,1.0,0.0,0.0,2,optimal,True,22873762.221447147,0.26409929307096114,0.4637632513926497,22873762.22144715,16909656.40637575,401224.3783836581,46567987.73253584,46166763.35415218,401224.37838365854,25266756.134194575,17160284.964725893,5.376700530793201,3.916579233909623,208.2838183101513,670.7405353697411,0.0
16.0,price_lt,1.0,0.0,0.0,2,optimal,True,29998154.461634062,0.3698975015645109,0.4782377942057439,29998154.461634062,30304848.348277062,-463522.78501689876,74658500.55425175,75122023.33926864,-463522.78501689876,31798402.719417203,31146471.181539107,3.9962410762279275,1.0844272913534077,343.84880325372035,422.4239871161738,0.0
