vol_multiplier,shock_type,correlated,subsidy,deviation,run,termination_condition,feasible,objective,avg_h2_production,std_h2_production,avg_scenario_obj,std_scenario_obj,worst_scenario_obj,best_scenario_obj,obj_range,cvar_5pct,avg_revenue,std_revenue,avg_demand_met,min_demand_met,total_entry_booking,total_exit_booking,n_quality_deviations
1.0,price_lt,1.0,30.0,0.0,1,optimal,True,21069279.24972464,0.09255909788661593,0.2326234862899988,21069279.249724645,1804556.0987784092,18372586.47715422,24174532.35211019,5801945.874955967,18372586.47715735,23558131.36108055,1822612.6679393332,5.324543490572587,4.517096857540483,99.30549835589254,187.4354938473985,0.0
2.0,price_lt,1.0,30.0,0.0,1,optimal,True,21852422.048921384,0.47896833396375377,0.849411976899525,21852422.048921384,3646241.5967663666,16326785.613200393,28371532.081421107,12044746.468220714,16328824.058776803,24391540.675263286,3728998.689709455,5.341942357827513,4.530624284794758,80.73972602739725,778.5269108601871,0.0
4.0,price_lt,1.0,30.0,0.0,1,optimal,True,23654614.730808485,0.24859980728015638,0.4311170493029408,23654614.730808485,7814291.141355881,12255398.367678918,37536807.02743137,25281408.65975245,12255398.367678918,26161410.59323336,7849221.175378776,5.336932940703488,4.537472767259902,75.73972602739725,422.85691916548933,0.0
8.0,price_lt,1.0,30.0,0.0,1,optimal,True,27327247.497489836,0.452847288575816,0.5495104178101937,27327247.497489836,16248513.75658271,4195547.283261767,56410107.95655355,52214560.67329178,4210094.957310819,29857969.968650658,16284942.721399693,5.33686201616233,4.537472767259904,75.73972602739725,529.4657648553394,0.0
16.0,price_lt,1.0,30.0,0.0,1,optimal,True,36403570.29637206,0.6532129168915712,0.53704822502338,36403570.29637207,31183046.051870584,-430294.5357606936,94136229.72415681,94566524.25991751,-427669.05682922463,38699084.45271021,31527313.603733383,4.67234347958605,1.112902997969443,440.9233825253245,506.1550172602432,0.0
