vol_multiplier,shock_type,correlated,subsidy,deviation,run,termination_condition,feasible,objective,avg_h2_production,std_h2_production,avg_scenario_obj,std_scenario_obj,worst_scenario_obj,best_scenario_obj,obj_range,cvar_5pct,avg_revenue,std_revenue,avg_demand_met,min_demand_met,total_entry_booking,total_exit_booking,n_quality_deviations
1.0,price_st,0.2,30.0,0.0,1,optimal,True,21494413.890115574,0.35057825337696275,0.7849811131480202,21494413.89011557,517453.03673467913,20724521.246836137,22244207.764591176,1519686.517755039,20742057.52765173,24016129.600156624,575544.7436811196,5.338444242455189,4.565296166185524,76.73972602739725,764.8889994674422,0.0
2.0,price_st,0.2,30.0,0.0,1,optimal,True,21545254.126678165,0.3505782546546971,0.7849811132404549,21545254.12667816,468969.44199246453,20883407.18407992,22184780.130964313,1301372.9468843937,20897896.616402764,24067696.306578808,522824.1632280629,5.338484330539808,4.565529543172042,76.73972602739725,933.8307222160684,0.0
4.0,price_st,0.2,30.0,0.0,1,optimal,True,21664246.0337895,0.06065390959029252,0.249949652352435,21664246.0337895,435159.26004413504,21065584.460977264,22209108.60642927,1143524.1454520077,21065584.460977267,24152258.603089772,440280.2957201868,5.332745775702925,4.517215483907824,75.73972602739725,844.5772584344111,0.0
8.0,price_st,0.2,30.0,0.0,1,optimal,True,21989700.920045003,0.02897874430751083,0.23001165223380546,21989700.920045003,437747.67028711305,21037657.19631884,22539238.472244814,1501581.2759259753,21189504.571122542,24470428.166698836,441414.097815986,5.3318926931186486,4.517056306549885,75.73972602739725,738.5219702531398,0.0
16.0,price_st,0.2,30.0,0.0,1,optimal,True,22909756.870980322,0.599315068493151,1.0380441483717588,22909756.870980322,670864.6738525063,21755581.39129216,23620086.89636635,1864505.5050741918,21755581.39129216,25451241.195589066,699402.5505303293,5.3037109628038905,4.517622484368986,107.42865644822916,585.3979474804752,0.0
