vol_multiplier,shock_type,correlated,subsidy,deviation,run,termination_condition,feasible,objective,avg_h2_production,std_h2_production,avg_scenario_obj,std_scenario_obj,worst_scenario_obj,best_scenario_obj,obj_range,cvar_5pct,avg_revenue,std_revenue,avg_demand_met,min_demand_met,total_entry_booking,total_exit_booking,n_quality_deviations
1.0,price_st,0.2,70.0,0.0,2,optimal,True,22018869.797460016,2.1859849700664062,0.26936951379258856,22018869.797460016,1185371.3081731,20133568.828003094,24519095.858335797,4385527.030332703,20133568.828003097,24499173.150067434,1180982.2126632219,5.637934251665351,4.671303429038636,76.07747521910247,825.1195584582215,0.0
2.0,price_st,0.2,70.0,0.0,2,optimal,True,21969330.67951152,2.1383343073845946,0.3592982472316859,21969330.67951152,1190926.6330743318,20317627.377871983,24591691.677316114,4274064.299444132,20317627.37787203,24450546.348946955,1187260.3870151709,5.636855391797717,4.659467559782088,75.73972602739725,774.3536321185355,0.0
4.0,price_st,0.2,70.0,0.0,2,optimal,True,21912308.190454718,2.1379781047003017,0.4318006194149891,21912308.19045472,1262385.052536615,20538763.047463022,24751789.963903643,4213026.916440621,20538763.0474631,24395560.69591076,1259985.8529819865,5.636977472947178,4.660153243489336,75.73972602739777,710.5866023161823,0.0
8.0,price_st,0.2,70.0,0.0,2,optimal,True,22074274.367825676,2.1443327342686116,0.44636240850975517,22074274.367825672,1384202.4580753043,20872760.969397746,25099555.118183922,4226794.148786176,20887943.857919782,24556255.331699006,1384484.069783474,5.637012344762963,4.659425343829038,75.73972602739727,597.0192742021577,0.0
16.0,price_st,0.2,70.0,0.0,2,optimal,True,22774171.58848025,2.2195528725486438,0.18010690775400995,22774171.588480253,1597023.1858535805,20903416.39088913,25859222.47499611,4955806.084106978,20903416.390889134,25261344.21450393,1602465.2854598805,5.638030753051506,4.681660986035418,75.73972602739725,509.45428595130187,0.0
