vol_multiplier,shock_type,correlated,subsidy,deviation,run,termination_condition,feasible,objective,avg_h2_production,std_h2_production,avg_scenario_obj,std_scenario_obj,worst_scenario_obj,best_scenario_obj,obj_range,cvar_5pct,avg_revenue,std_revenue,avg_demand_met,min_demand_met,total_entry_booking,total_exit_booking,n_quality_deviations
1.0,price_lt,0.8,70.0,0.0,1,optimal,True,21660781.794780288,2.2547499343544453,0.16392390207595883,21660781.794780288,1337300.7084984204,19656048.354070142,23787464.46183533,4131416.1077651866,19660624.2675661,24152636.186832644,1325629.2861500962,5.384566562580183,4.565529543171995,75.73972602739758,941.6570513978855,0.0
2.0,price_lt,0.8,70.0,0.0,1,optimal,True,23140652.07395202,2.158513396015652,0.27220725737996226,23140652.07395202,2902554.8894603574,18987174.34950875,28088696.544817545,9101522.195308793,18990520.847296253,25630432.831255462,2895662.2250356157,5.382076099551772,4.565645828787015,75.73972602739725,810.4418698199133,0.0
4.0,price_lt,0.8,70.0,0.0,1,optimal,True,26355763.670343745,2.1839988111918123,0.19811239231907304,26355763.67034374,5942463.2205814095,18001342.04401733,36749502.97765176,18748160.93363443,18001342.04401733,28844234.331903175,5936010.7817635555,5.382662954828485,4.565645828787015,75.73972602739725,598.3513120415005,0.0
8.0,price_lt,0.8,70.0,0.0,1,optimal,True,33047699.611189593,1.9545908705529527,0.6898786802663499,33047699.611189596,11821939.305887528,17060244.703518394,54070984.615584955,37010739.912066564,17060244.703518394,35530793.717339836,11823385.462497627,5.338310924394975,4.565645828787015,95.91717401242127,539.3838819350883,0.0
16.0,price_lt,0.8,70.0,0.0,1,optimal,True,46725157.33798891,1.7193376181781632,0.8071968136753318,46725157.337988906,23295826.22243877,16498865.180814087,88713729.19064167,72214864.00982758,16498865.180814093,49192856.14059149,23313200.78713235,5.264308630041675,4.565645828787014,116.24714798850722,521.2491742142997,0.0
