vol_multiplier,shock_type,correlated,subsidy,deviation,run,termination_condition,feasible,objective,avg_h2_production,std_h2_production,avg_scenario_obj,std_scenario_obj,worst_scenario_obj,best_scenario_obj,obj_range,cvar_5pct,avg_revenue,std_revenue,avg_demand_met,min_demand_met,total_entry_booking,total_exit_booking,n_quality_deviations
1.0,price_st,0.8,45.0,0.0,1,optimal,True,21586334.688138794,2.0249900228992317,0.3836223819785734,21586334.688138794,524988.9948061494,20965761.52230139,22613691.353943724,1647929.8316423334,21008566.023684885,24218639.693189267,520530.2863239278,5.37912850170736,4.565296166185542,75.73972602739725,774.3768962280955,0.0
2.0,price_st,0.8,45.0,0.0,1,optimal,True,21651252.60099626,2.043776204223838,0.39311047736681265,21651252.60099626,502492.83973278844,21106217.193068393,22738451.866184685,1632234.6731162928,21106217.193068422,24284853.038470812,498092.75167637516,5.379158859827529,4.565296166185524,76.73972602739725,791.2944364403634,0.0
4.0,price_st,0.8,45.0,0.0,1,optimal,True,21820058.381581634,2.047666725493892,0.2993638176044606,21820058.38158163,573446.1995779064,21267631.6272795,23130283.61473577,1862651.9874562696,21271179.485568594,24452326.630872495,568652.545426538,5.3796444542533415,4.56081028089689,75.73972602739725,788.9873816006202,0.0
8.0,price_st,0.8,45.0,0.0,1,optimal,True,22181910.32996666,1.8652038306490573,0.548083561742111,22181910.329966664,1051646.3562711466,20744163.94877173,24015219.748091806,3271055.7993200757,20744163.94877173,24800024.302993447,1069043.703631173,5.374392027347002,4.565645828787015,75.73972602739725,683.7822280486155,0.0
16.0,price_st,0.8,45.0,0.0,1,optimal,True,22998193.45919342,1.6167907537247705,0.7439169673493492,22998193.45919342,2042304.6418032616,20336933.954962786,26408368.562284548,6071434.607321762,20338643.7196833,25593019.71700819,2086026.058120078,5.342925080717059,4.548208493330865,89.23346268802388,794.4995275423004,0.0
