vol_multiplier,shock_type,correlated,subsidy,deviation,run,termination_condition,feasible,objective,avg_h2_production,std_h2_production,avg_scenario_obj,std_scenario_obj,worst_scenario_obj,best_scenario_obj,obj_range,cvar_5pct,avg_revenue,std_revenue,avg_demand_met,min_demand_met,total_entry_booking,total_exit_booking,n_quality_deviations
1.0,price_st,0.4,70.0,0.0,0,optimal,True,21783641.66239946,2.3238926041333814,0.1107699466640909,21783641.662399456,949222.6678213478,20611840.194070756,23379016.182430144,2767175.988359388,20611840.194071386,24274979.056124423,950905.3219616275,4.988009261748521,3.6049189421760235,76.73972602739725,703.053641035803,0.0
2.0,price_st,0.4,70.0,0.0,0,optimal,True,21860197.16218115,2.2534642806978606,0.1558159071441219,21860197.162181146,1045748.0045736067,20356335.371506553,23614556.41935232,3258221.047845766,20356335.371506553,24352240.053735167,1046775.8297142007,4.985954702587186,3.6048528687966805,80.09664758468693,859.1419054819144,0.0
4.0,price_st,0.4,70.0,0.0,0,optimal,True,22043684.85404201,2.2665706023656926,0.1521510081637107,22043684.85404201,1293841.0110552192,19823021.563308936,24117727.96912542,4294706.405816484,19823021.563308936,24535538.703003198,1295777.4373717436,4.9864153159414535,3.586027989923107,79.97788725668543,875.9187598434954,0.0
8.0,price_st,0.4,70.0,0.0,0,optimal,True,22437718.72645624,2.1728343648351895,0.29466471093240953,22437718.72645624,1913570.6168818471,19031416.452585105,25279420.708896283,6248004.256311178,19031416.452585112,24925504.256887443,1914624.7634104758,4.979487133302599,3.6047577026277193,83.72254907124385,968.7475525024453,0.0
16.0,price_st,0.4,70.0,0.0,0,optimal,True,23435860.556454394,2.0562272361886094,0.5243555636321166,23435860.556454394,3385705.183601812,17339700.039197996,28123117.386922203,10783417.347724207,17346008.933381245,25920413.204839244,3385389.022336341,4.9719591912598275,3.5809805546193862,83.39179970488334,734.8839019507951,0.0
