vol_multiplier,shock_type,correlated,subsidy,deviation,run,termination_condition,feasible,objective,avg_h2_production,std_h2_production,avg_scenario_obj,std_scenario_obj,worst_scenario_obj,best_scenario_obj,obj_range,cvar_5pct,avg_revenue,std_revenue,avg_demand_met,min_demand_met,total_entry_booking,total_exit_booking,n_quality_deviations
1.0,price_st,0.8,45.0,0.0,0,optimal,True,21617518.77988502,1.9170303922879575,0.6836618736103458,21617518.779885024,1020914.6772551166,20322419.147507437,23410106.12524968,3087686.9777422436,20322419.147507437,24238818.291886978,1021407.5300068045,4.9790764889813435,3.604918942178391,75.95821762184767,559.9140191168282,0.0
2.0,price_st,0.8,45.0,0.0,0,optimal,True,21673725.9018053,2.004287577214195,0.6143214666496166,21673725.901805304,1194756.8654193012,19968860.700250365,23824660.294111162,3855799.5938607976,19968860.70025037,24300814.975342207,1197849.9206517956,4.981107773426737,3.6049189421784176,77.03104815333211,572.1533298240674,0.0
4.0,price_st,0.8,45.0,0.0,0,optimal,True,21807030.152220998,1.7533710885136284,0.8691060717685262,21807030.152220994,1596987.7798300895,19233082.151585005,24653501.489159353,5420419.337574348,19252872.612037893,24417904.136286806,1599245.9272183052,4.975267200715857,3.604767368857028,77.73972602739725,758.1102636503999,0.0
8.0,price_st,0.8,45.0,0.0,0,optimal,True,22087794.57623424,1.6149455538360975,0.8980628527296655,22087794.57623424,2550429.210524311,17793681.65972655,26385902.20664498,8592220.54691843,17812464.38554593,24685625.126055144,2540651.2842810643,4.9716920252282115,3.586027989923107,75.73972602739725,856.5795388755263,0.0
16.0,price_st,0.8,45.0,0.0,0,optimal,True,22741463.168508284,1.5936791240902641,0.8748226475935968,22741463.168508284,4616090.703972198,15103353.43593217,30080642.42202707,14977288.9860949,15115735.98540338,25335835.661741078,4618547.635997921,4.966591913781016,3.586027989923107,81.5908720150664,869.0310737348177,0.0
