vol_multiplier,shock_type,correlated,subsidy,deviation,run,termination_condition,feasible,objective,avg_h2_production,std_h2_production,avg_scenario_obj,std_scenario_obj,worst_scenario_obj,best_scenario_obj,obj_range,cvar_5pct,avg_revenue,std_revenue,avg_demand_met,min_demand_met,total_entry_booking,total_exit_booking,n_quality_deviations
1.0,price_st,1.0,70.0,0.0,0,optimal,True,21721598.8841021,2.243560888825257,0.18471935043302026,21721598.8841021,1042595.3818272739,20465488.433329377,23626219.696653616,3160731.2633242384,20465488.433329493,24211610.62765187,1044036.9792594175,4.985719047222167,3.6049189421783905,76.73972602739725,627.0030746790096,0.0
2.0,price_st,1.0,70.0,0.0,0,optimal,True,21740948.618318703,2.2062356070649853,0.20457000915980636,21740948.618318703,1256248.8800712842,20088968.04070937,24108507.022299338,4019538.9815899692,20088968.040709373,24230668.02803004,1257726.962250348,4.983746064388875,3.6049189421784082,76.73972602739758,616.6968285136612,0.0
4.0,price_st,1.0,70.0,0.0,0,optimal,True,21790056.341071222,2.228151198564495,0.17527568769641547,21790056.341071222,1759161.8365883762,19335905.749639712,25075244.426353604,5739338.676713891,19335905.749639712,24280118.527273223,1761006.965000012,4.984888228346417,3.604918942178391,80.78608613874441,598.544808284454,0.0
8.0,price_st,1.0,70.0,0.0,0,optimal,True,21867372.670805566,2.2280020443595614,0.17739229632950723,21867372.67080557,2852190.5046148812,17829614.976231314,27006398.40065109,9176783.424419776,17829614.976231318,24357570.75751063,2853890.5534436535,4.9856121385495555,3.6049189421784056,76.39152387592091,613.9309675723578,0.0
16.0,price_st,1.0,70.0,0.0,0,optimal,True,22032211.413475785,2.2291073295791604,0.17456462639131468,22032211.41347578,5121618.759472422,14817661.038199466,30868810.105419006,16051149.06721954,14817661.038199464,24522196.21634128,5122881.613717977,4.985082834899517,3.6049189421784087,80.15590193473257,604.3778158320853,0.0
