vol_multiplier,shock_type,correlated,subsidy,deviation,run,termination_condition,feasible,objective,avg_h2_production,std_h2_production,avg_scenario_obj,std_scenario_obj,worst_scenario_obj,best_scenario_obj,obj_range,cvar_5pct,avg_revenue,std_revenue,avg_demand_met,min_demand_met,total_entry_booking,total_exit_booking,n_quality_deviations
1.0,price_lt,0.6,70.0,0.0,3,optimal,True,20367775.977597333,2.0260826097581814,0.5559905248179259,20367775.977597333,1865366.4402977263,17123762.56690613,22478891.243194815,5355128.676288683,17129321.56046514,22853434.13033554,1862555.2697486514,5.903981952341186,4.7682636462872034,75.73972602739725,732.4810346978297,0.0
2.0,price_lt,0.6,70.0,0.0,3,optimal,True,20914553.030890577,1.9198769298249168,0.6869702840497753,20914553.030890577,3874738.159145127,14534534.773504427,25105722.868201233,10571188.094696807,14534534.773504427,23399548.13662754,3870442.258257267,5.9011846496414195,4.7682636462872034,75.73972602739725,642.1638516668291,0.0
4.0,price_lt,0.6,70.0,0.0,3,optimal,True,22413558.81888454,1.8721719527369791,0.67317375374173,22413558.81888454,7903304.08071737,10157334.523977324,31620321.97338716,21462987.449409835,10157334.523977324,24891998.681279045,7901699.95572083,5.8700429186868615,4.4795209558303215,99.97854972522265,632.738736762221,0.0
8.0,price_lt,0.6,70.0,0.0,3,optimal,True,26626263.022750847,1.3678459158485063,0.9343477896721301,26626263.022750847,14541763.688596003,5004613.8240327155,44668427.8796495,39663814.05561678,5004613.824032872,29047320.13424445,14604327.147332523,5.65797575287997,3.5362204299835067,179.31495980528342,547.2564427760221,0.0
16.0,price_lt,0.6,70.0,0.0,3,optimal,True,36827379.97425091,1.1223068455195553,0.9139500357342766,36827379.97425091,25891654.017618697,-461699.82361235295,71093231.08286224,71554930.90647459,-461699.8236123528,38949242.10535079,26374437.456060592,4.937743550706573,1.1159818388575669,403.230068015008,458.09141098332265,0.0
