vol_multiplier,shock_type,correlated,subsidy,deviation,run,termination_condition,feasible,objective,avg_h2_production,std_h2_production,avg_scenario_obj,std_scenario_obj,worst_scenario_obj,best_scenario_obj,obj_range,cvar_5pct,avg_revenue,std_revenue,avg_demand_met,min_demand_met,total_entry_booking,total_exit_booking,n_quality_deviations
1.0,price_lt,0.4,45.0,0.0,3,optimal,True,20402376.794833735,1.7179834019158158,0.7440389322521584,20402376.79483373,1364397.9769956304,18278874.669646762,22026164.608671483,3747289.9390247203,18278874.669646762,23004782.40897473,1325820.9894307833,5.894543030468698,4.76806662378318,75.73972602739725,726.4791339553211,0.0
2.0,price_lt,0.4,45.0,0.0,3,optimal,True,21211358.550547704,1.8683361671861984,0.6950469569920423,21211358.550547704,2964188.5350533132,16970670.22886998,25202358.957570106,8231688.728700127,16970670.22886998,23826777.066731416,2936091.9458546117,5.896700003445792,4.63765213747419,77.70232425383374,749.8478023331681,0.0
4.0,price_lt,0.4,45.0,0.0,3,optimal,True,23136090.504836157,1.2948927859432167,0.9443972626428235,23136090.504836157,6157533.043437111,14868692.742552003,31870387.03280506,17001694.290253058,14868692.742552003,25702090.835546024,6176238.90919781,5.853943711812651,4.426954636309372,103.67315657822485,594.8705263987833,0.0
8.0,price_lt,0.4,45.0,0.0,3,optimal,True,27995998.977599278,1.0857305399196586,0.9755542936664411,27995998.977599278,11364225.09593184,13787438.761875063,45225625.20924044,31438186.447365373,13803646.467007294,30496895.78270496,11432816.027717639,5.673823032112528,3.6085834768795326,182.09186966273242,605.8880111147954,0.0
16.0,price_lt,0.4,45.0,0.0,3,optimal,True,38886803.70208238,0.8760623523420917,0.9984719364544041,38886803.70208237,20933430.569772642,13858591.61624645,72371919.50290303,58513327.88665658,13858591.616246453,41341564.24256477,21039817.433465432,5.537284277573157,3.5084137875043884,174.219940952909,515.9719632413423,0.0
