vol_multiplier,shock_type,correlated,subsidy,deviation,run,termination_condition,feasible,objective,avg_h2_production,std_h2_production,avg_scenario_obj,std_scenario_obj,worst_scenario_obj,best_scenario_obj,obj_range,cvar_5pct,avg_revenue,std_revenue,avg_demand_met,min_demand_met,total_entry_booking,total_exit_booking,n_quality_deviations
1.0,price_st,1.0,0.0,0.0,1,optimal,True,21542295.969895013,0.0,0.0,21542295.969895013,550070.7060753322,20978434.755240954,22687842.600855872,1709407.8456149176,20978434.755241025,24024793.05109109,545847.7562721607,5.330892047548762,4.515025686331942,74.73972602739725,685.6189064148346,0.0
2.0,price_st,1.0,0.0,0.0,1,optimal,True,21615755.326481927,0.0,0.0,21615755.326481923,601766.3132483792,20766376.11201941,22999887.807556342,2233511.695536934,20931877.5165222,24098456.66440418,595502.4704024148,5.3303831698727855,4.516865821306333,74.73972602739725,773.3662480197826,0.0
4.0,price_st,1.0,0.0,0.0,1,optimal,True,21756935.17519032,0.0,0.0,21756935.175190322,828867.7925463424,20994823.024765573,23622347.245409623,2627524.2206440493,20994823.024765577,24239808.848106377,822416.596975291,5.330888153172506,4.51686582130633,74.73972602739725,709.5603402326557,0.0
8.0,price_st,1.0,0.0,0.0,1,optimal,True,22045655.931433078,0.0,0.0,22045655.931433074,1466788.7392618372,20159029.454601213,24867328.989099387,4708299.534498174,20159029.45460157,24528214.22675382,1461435.5412277076,5.330892660295083,4.516865821306333,74.73972602739725,687.242736374735,0.0
16.0,price_st,1.0,0.0,0.0,1,optimal,True,22620317.270327505,0.0,0.0,22620317.27032751,2882248.6653946456,18486561.168238252,27357313.294913355,8870752.126675103,18486561.168238252,25102917.16714589,2877433.8903443655,5.330878317299817,4.5168658213063315,73.73972602739725,802.8164918808151,0.0
