vol_multiplier,shock_type,correlated,subsidy,deviation,run,termination_condition,feasible,objective,avg_h2_production,std_h2_production,avg_scenario_obj,std_scenario_obj,worst_scenario_obj,best_scenario_obj,obj_range,cvar_5pct,avg_revenue,std_revenue,avg_demand_met,min_demand_met,total_entry_booking,total_exit_booking,n_quality_deviations
1.0,price_st,0.0,0.0,0.0,1,optimal,True,21343346.8274632,0.0,0.0,21343346.827463195,684678.0854016417,20223584.832977347,22824994.931565214,2601410.098587867,20240616.481620792,23824180.609373078,680612.5874990419,5.329283779190586,4.487864901277915,78.32946095023071,1093.7561254781806,0.0
2.0,price_st,0.0,0.0,0.0,1,optimal,True,21375948.36862325,0.0,0.0,21375948.36862325,747198.9934452792,20148139.462885216,23049634.50725033,2901495.0443651155,20179764.62789707,23858855.50491271,742667.1797856769,5.3289509505681885,4.494468361848053,80.06616315308446,1637.6584288959086,0.0
4.0,price_st,0.0,0.0,0.0,1,optimal,True,21508715.164045066,0.0,0.0,21508715.164045066,894414.311202543,20053769.529607747,23497812.53865076,3444043.009043012,20120485.65050721,23994105.520542003,891542.6755116737,5.329991623624962,4.494468361848059,79.67489787444543,2602.046561678602,0.0
8.0,price_st,0.0,0.0,0.0,1,optimal,True,21917275.6601037,0.0,0.0,21917275.660103697,1252832.9512377153,19337615.856778916,24397902.283448584,5060286.426669668,19708102.798357155,24402902.948895764,1251021.5215234116,5.329108807305762,4.494468361848063,79.6413194001596,3075.2456444393424,0.0
16.0,price_st,0.0,0.0,0.0,1,optimal,True,22991791.910824977,0.0,0.0,22991791.910824977,2066574.5818840933,18649429.133056182,27694921.158093702,9045492.02503752,18937371.815493464,25475415.327681385,2066780.186668165,5.32560335771346,4.515025686331943,91.96672420995544,3348.709908545434,0.0
