vol_multiplier,shock_type,correlated,subsidy,deviation,run,termination_condition,feasible,objective,avg_h2_production,std_h2_production,avg_scenario_obj,std_scenario_obj,worst_scenario_obj,best_scenario_obj,obj_range,cvar_5pct,avg_revenue,std_revenue,avg_demand_met,min_demand_met,total_entry_booking,total_exit_booking,n_quality_deviations
1.0,price_st,0.0,45.0,0.0,0,optimal,True,20918377.47978077,1.9554159627854624,0.5332922206376576,20918377.47978077,1164913.3486495423,19433350.427198768,23592690.17994865,4159339.7527498826,19472136.323226728,23544453.88606984,1163182.3419125532,4.979770668114827,3.586027989923107,77.01244583699803,1227.1137468188113,0.0
2.0,price_st,0.0,45.0,0.0,0,optimal,True,20941882.173068345,1.886779012698065,0.6094794556156224,20941882.173068345,1188924.3550057136,19324073.213938043,23904661.184071243,4580587.9701332,19384399.157694276,23563449.4130627,1189414.7547954447,4.97556367928677,3.5809805546193862,81.54186223395517,1677.0687485376084,0.0
4.0,price_st,0.0,45.0,0.0,0,optimal,True,21037414.47854972,1.9060725652161497,0.6358342222742943,21037414.47854972,1245963.8198421896,19107630.734836154,24536320.89729263,5428690.162456475,19211066.485431846,23662414.56048204,1251863.9359047806,4.978466932706144,3.5809805546193885,80.35221661245072,2298.349204316369,0.0
8.0,price_st,0.0,45.0,0.0,0,optimal,True,21318631.368130773,1.813405475700459,0.7430150592979534,21318631.368130773,1507569.5713359003,18588636.340783853,25786910.949485734,7198274.608701881,19074021.253037363,23938811.493897937,1510316.5302405213,4.976015537426447,3.580980554619389,81.17417270971596,2831.8763338239823,0.0
16.0,price_st,0.0,45.0,0.0,0,optimal,True,22115089.949572235,1.7305021201314954,0.8041523727093308,22115089.949572235,2214594.6908293325,18188605.825664498,28290984.343499824,10102378.517835326,18528730.5818798,24730009.278832216,2224309.3736311235,4.969613181430987,3.5809805546194013,93.15177442365137,3376.8114031896744,0.0
