vol_multiplier,shock_type,correlated,subsidy,deviation,run,termination_condition,feasible,objective,avg_h2_production,std_h2_production,avg_scenario_obj,std_scenario_obj,worst_scenario_obj,best_scenario_obj,obj_range,cvar_5pct,avg_revenue,std_revenue,avg_demand_met,min_demand_met,total_entry_booking,total_exit_booking,n_quality_deviations
1.0,price_st,0.8,70.0,0.0,3,optimal,True,20726075.602591943,1.9120294159261888,0.6790801471582403,20726075.602591943,762963.5734210892,19363663.391300447,21881582.12529884,2517918.733998392,19366218.88193899,23213135.086195033,754511.2227959124,5.900262531704865,4.755635409738746,77.89858407647566,941.2944404449335,0.0
2.0,price_st,0.8,70.0,0.0,3,optimal,True,20743735.770445284,1.8744323595216987,0.6777858669827569,20743735.770445287,840283.2266291454,19177087.711905133,21946726.88800924,2769639.176104106,19183265.2629305,23229451.609734096,833475.5457552462,5.89917257375474,4.755721163155164,79.05839524689546,762.609600808743,0.0
4.0,price_st,0.8,70.0,0.0,3,optimal,True,20790957.249319132,1.88499824293539,0.6797002684984677,20790957.249319132,1157730.6010070147,18669826.710422155,22133926.843082696,3464100.1326605417,18742308.870259132,23278376.689762197,1150346.1063566257,5.899954535908529,4.763313212031867,76.73972602739725,860.7013666819423,0.0
8.0,price_st,0.8,70.0,0.0,3,optimal,True,20970713.071938504,1.9605374976494334,0.5262504962250573,20970713.071938504,1938834.2638967244,18393499.814562816,24011910.8573428,5618411.042779982,18399369.697459545,23458258.881826635,1933531.269293995,5.901644700715609,4.748573929543409,75.73972602739725,786.9237600524007,0.0
16.0,price_st,0.8,70.0,0.0,3,optimal,True,21396466.306662228,2.1265060912732716,0.33636224695628203,21396466.30666223,3715149.447392632,16335125.371602755,27769682.266383197,11434556.894780442,16335125.371602753,23883230.426594846,3710997.525893426,5.906572144796461,4.748574275036012,75.73972602739725,760.0610889587607,0.0
