vol_multiplier,shock_type,correlated,subsidy,deviation,run,termination_condition,feasible,objective,avg_h2_production,std_h2_production,avg_scenario_obj,std_scenario_obj,worst_scenario_obj,best_scenario_obj,obj_range,cvar_5pct,avg_revenue,std_revenue,avg_demand_met,min_demand_met,total_entry_booking,total_exit_booking,n_quality_deviations
1.0,price_lt,0.8,45.0,0.0,3,optimal,True,20007579.085417937,1.6578051121856219,0.8023734194956466,20007579.085417937,2365448.146951539,15893414.267327871,22911473.13625418,7018058.868926309,15893414.267327935,22606216.99576027,2378874.6679138215,5.894758191975232,4.768263646287203,75.73972602739725,753.8323716047266,0.0
2.0,price_lt,0.8,45.0,0.0,3,optimal,True,20163337.34802785,1.3744784912978738,0.8558720287637305,20163337.348027848,4864658.11509344,11695850.02234706,25542078.85977038,13846228.83742332,11695850.022347098,22739287.49950037,4883037.392081417,5.887029850298836,4.761193373175061,76.73972868726281,639.2122467132205,0.0
4.0,price_lt,0.8,45.0,0.0,3,optimal,True,21069209.40077185,0.9974889263618979,0.9700149486547301,21069209.40077185,9818299.974930553,4689455.054443442,31441444.06154758,26751989.00710414,4689455.054443442,23612006.123707943,9879316.524281817,5.850715328076419,4.521980736966221,96.14030713714585,555.6593774648952,0.0
8.0,price_lt,0.8,45.0,0.0,3,optimal,True,24776368.929679718,0.9967303726324024,1.0044585455062593,24776368.92967972,17214967.549649213,-481997.5230196721,43563689.2737852,44045686.796804875,-469583.5256344832,26921570.013989087,17831472.061928898,4.907763236749858,1.11942027971192,389.5393793121848,559.2665515158767,0.0
16.0,price_lt,0.8,45.0,0.0,3,optimal,True,35744810.346845925,0.8611163648973132,0.8825059059241797,35744810.34684593,27720354.199519034,-482376.2455188353,67706266.98184992,68188643.22736876,-478687.4554857943,37725772.178602666,28482884.166275218,4.472037812068853,1.11942027971192,367.28625176018306,435.79819828245473,0.0
