vol_multiplier,shock_type,correlated,subsidy,deviation,run,termination_condition,feasible,objective,avg_h2_production,std_h2_production,avg_scenario_obj,std_scenario_obj,worst_scenario_obj,best_scenario_obj,obj_range,cvar_5pct,avg_revenue,std_revenue,avg_demand_met,min_demand_met,total_entry_booking,total_exit_booking,n_quality_deviations
1.0,price_lt,0.2,0.0,0.0,3,optimal,True,20517528.756075203,0.0,0.0,20517528.756075203,949252.6526560569,18904358.072332416,21899641.153553568,2995283.081221152,18904358.07234669,22992681.124916017,944696.9692213543,5.850856948190848,4.7176547714852335,73.73972602739767,603.6358812694112,0.0
2.0,price_lt,0.2,0.0,0.0,3,optimal,True,21501511.01699352,0.0,0.0,21501511.016993515,2197764.746227584,17906612.22399877,25005795.899303205,7099183.675304435,17948501.872172546,23977940.48322714,2190604.8676417368,5.850874535694256,4.7176547714852,75.15258539741451,711.2046313123923,0.0
4.0,price_lt,0.2,0.0,0.0,3,optimal,True,23697146.242771823,0.0,0.0,23697146.242771827,4701232.428828963,16697269.337065563,31497894.52030703,14800625.183241468,16700903.771028226,26166618.446226276,4702171.429844865,5.816313828969191,4.4494406615760544,98.50273921938465,557.1246975139711,0.0
8.0,price_lt,0.2,0.0,0.0,3,optimal,True,28858369.143370867,0.0,0.0,28858369.143370867,9000676.27645888,16781293.547339495,44532874.055386804,27751580.50804731,16781293.547339514,31287558.292485423,9042880.312079193,5.670285762243878,3.6085834768795153,172.9193745658672,516.1169885306327,0.0
16.0,price_lt,0.2,0.0,0.0,3,optimal,True,40469200.64348924,0.47957988898752557,0.8856259342687766,40469200.64348924,17001758.194572303,20524788.161535345,71198014.35660808,50673226.19507273,20524788.16153535,42974711.899493575,17033682.909461506,5.612612760329979,3.5084137875043884,199.68190396678762,559.5401645834505,0.0
