vol_multiplier,shock_type,correlated,subsidy,deviation,run,termination_condition,feasible,objective,avg_h2_production,std_h2_production,avg_scenario_obj,std_scenario_obj,worst_scenario_obj,best_scenario_obj,obj_range,cvar_5pct,avg_revenue,std_revenue,avg_demand_met,min_demand_met,total_entry_booking,total_exit_booking,n_quality_deviations
1.0,price_st,1.0,0.0,0.0,2,optimal,True,21900127.649805788,0.0,0.0,21900127.649805788,1158600.0584279106,19809488.03550741,24210296.606098764,4400808.570591353,19836813.66899955,24371592.243659265,1157727.66061724,5.582417094227565,4.6382127777403825,75.31929834744203,740.6310250836623,0.0
2.0,price_st,1.0,0.0,0.0,2,optimal,True,21910666.703466494,0.0,0.0,21910666.70346649,1200302.8955432558,19779973.948729545,24243992.02598838,4464018.0772588365,19807264.991011184,24382059.636197187,1199304.662498488,5.581153931554953,4.6382127777403825,75.48488792438904,805.979163076114,0.0
4.0,price_st,1.0,0.0,0.0,2,optimal,True,21950524.925682858,0.0,0.0,21950524.925682858,1375493.3674443078,19480986.29221542,24311382.865768634,4830396.573553212,19640514.320088383,24422057.96212198,1373768.7108199461,5.582493429002007,4.638384358098302,75.37040157590971,762.0134154449763,0.0
8.0,price_st,1.0,0.0,0.0,2,optimal,True,22022092.768145602,0.0,0.0,22022092.768145606,1925418.8516710156,19643872.425417077,24686632.94886717,5042760.5234500915,19643872.42541708,24494214.051956132,1924724.3009342086,5.581697734611748,4.638261714762371,75.3192963918059,744.8511505837686,0.0
16.0,price_st,1.0,0.0,0.0,2,optimal,True,22157848.92579721,0.0,0.0,22157848.92579721,3378109.2468952197,18178851.903164547,26997944.40996713,8819092.506802581,18178851.90316456,24628542.48682036,3376652.5834842864,5.578912309310825,4.638138554367353,80.61018595592485,677.0772194153329,0.0
