vol_multiplier,shock_type,correlated,subsidy,deviation,run,termination_condition,feasible,objective,avg_h2_production,std_h2_production,avg_scenario_obj,std_scenario_obj,worst_scenario_obj,best_scenario_obj,obj_range,cvar_5pct,avg_revenue,std_revenue,avg_demand_met,min_demand_met,total_entry_booking,total_exit_booking,n_quality_deviations
1.0,price_lt,0.4,70.0,0.0,0,optimal,True,21709761.842219975,2.2717392425494696,0.16922532634753826,21709761.84221997,1729445.404866304,19202928.255793713,24885125.454770748,5682197.198977035,19202928.255794685,24201144.126219146,1731531.0351360496,4.987432997723676,3.6049189421751007,76.73972602739725,798.3357626248428,0.0
2.0,price_lt,0.4,70.0,0.0,0,optimal,True,23498676.424039993,2.201148772733813,0.17067058328653978,23498676.424039993,3598680.7243897044,18034344.022652157,30155438.29046391,12121094.267811753,18034344.022652175,25983229.95185738,3600471.601111423,4.970254342348518,3.586027989923107,83.15479696374722,556.3237124048879,0.0
4.0,price_lt,0.4,70.0,0.0,0,optimal,True,27229315.28532451,2.1607535742014656,0.18600554234502198,27229315.285324514,7320212.387818586,16055093.758759037,40778528.23240509,24723434.473646052,16055093.758759037,29711296.118594587,7320943.172837263,4.960533711398002,3.586027989923107,83.65172350472956,588.2195465484815,0.0
8.0,price_lt,0.4,70.0,0.0,0,optimal,True,35029636.26866194,2.0245935361102365,0.5175266742261717,35029636.26866194,14552957.561183957,13016471.467898771,62024402.96741093,49007931.49951216,13016471.467898771,37511347.03753044,14553730.80169914,4.956439056911686,3.604615896076565,80.88056899127183,581.2793401235285,0.0
16.0,price_lt,0.4,70.0,0.0,0,optimal,True,51731671.54293855,1.9047908889424483,0.6698983343481735,51731671.542938545,28662285.939327747,8254269.955912167,104515714.50646085,96261444.55054867,8254269.955912168,54172795.43257326,28683693.92967533,4.8552039236807225,3.5809805546193894,134.84752759907659,475.8231696508871,0.0
