vol_multiplier,shock_type,correlated,subsidy,deviation,run,termination_condition,feasible,objective,avg_h2_production,std_h2_production,avg_scenario_obj,std_scenario_obj,worst_scenario_obj,best_scenario_obj,obj_range,cvar_5pct,avg_revenue,std_revenue,avg_demand_met,min_demand_met,total_entry_booking,total_exit_booking,n_quality_deviations
1.0,price_lt,0.6,45.0,0.0,3,optimal,True,20222404.409735743,1.9481592355741242,0.6324988095104849,20222404.40973574,1889171.6956381819,16904999.089372404,22312272.924270324,5407273.8348979205,16963679.51863281,22843471.48389253,1871162.8134936607,5.901235235611675,4.742512181875088,77.89858407647557,746.6515852619086,0.0
2.0,price_lt,0.6,45.0,0.0,3,optimal,True,20782504.649838865,1.745758072346736,0.7250810207271363,20782504.649838865,3896127.353679134,14382854.695803499,25053770.40532538,10670915.70952188,14382854.695803499,23386453.10391815,3865099.683490224,5.896575012662982,4.761193373175131,75.73972602739725,571.9895606396051,0.0
4.0,price_lt,0.6,45.0,0.0,3,optimal,True,22298027.84794887,0.991537780643384,0.9455897941337145,22298027.847948875,7911133.483450191,10047207.732957749,31568524.453335628,21521316.720377877,10047207.732957749,24840280.354380324,7962825.619052822,5.842974081180637,4.325526334323303,103.63750717043702,672.8781675419801,0.0
8.0,price_lt,0.6,45.0,0.0,3,optimal,True,26551238.16755202,0.8756296337239069,1.0155723431325037,26551238.16755202,14506427.270416135,5003408.897874292,44618532.064208075,39615123.16633378,5003408.89787437,29029598.527308285,14614057.598608164,5.639570780403626,3.524573434635063,180.6864179324645,556.414379954872,0.0
16.0,price_lt,0.6,45.0,0.0,3,optimal,True,36723346.69178017,0.9681879942480083,0.9640752302272698,36723346.69178018,25836984.761921905,-575508.9014025587,71043362.77267468,71618871.67407724,-575508.9014025587,38905801.80093035,26372204.39150614,4.934927572239074,1.11942027971192,393.6094247524459,461.1423941674517,0.0
