vol_multiplier,shock_type,correlated,subsidy,deviation,run,termination_condition,feasible,objective,avg_h2_production,std_h2_production,avg_scenario_obj,std_scenario_obj,worst_scenario_obj,best_scenario_obj,obj_range,cvar_5pct,avg_revenue,std_revenue,avg_demand_met,min_demand_met,total_entry_booking,total_exit_booking,n_quality_deviations
1.0,price_st,0.8,45.0,0.0,2,optimal,True,21918967.751248937,1.791423364437394,0.6434745806789521,21918967.75124894,1171810.821204417,19992131.72943511,24347201.98316103,4355070.25372592,19992131.72943511,24521345.195786536,1171253.5397786845,5.627781276547847,4.666905921432333,75.73972602739725,561.6104206231001,0.0
2.0,price_st,0.8,45.0,0.0,2,optimal,True,21892043.958234206,1.7644440798869518,0.6470633899295198,21892043.958234206,1204191.167598042,20031443.818571076,24414809.652342618,4383365.833771542,20031443.81857366,24492863.309795775,1204012.3574571523,5.627374563229992,4.650175326484563,75.73972602789286,767.007859093528,0.0
4.0,price_st,0.8,45.0,0.0,2,optimal,True,21853778.55595316,1.780860161663122,0.6709591623821464,21853778.55595316,1351279.6583009572,20119199.924360294,24550063.88914107,4430863.964780778,20119199.924360294,24457430.490603153,1362839.362581118,5.627891174481547,4.659425343829037,75.73972602739725,882.9137688064792,0.0
8.0,price_st,0.8,45.0,0.0,2,optimal,True,21854810.1454033,1.8569453193779126,0.5027894368346106,21854810.145403296,1890254.6243365144,19393688.284341924,24847077.94327567,5453389.658933748,19394694.189891778,24465540.34874572,1905072.9932123397,5.629602243946662,4.659425343829036,75.73972602739725,984.2318088345415,0.0
16.0,price_st,0.8,45.0,0.0,2,optimal,True,22247882.417430557,2.0436343332502958,0.46204688817651807,22247882.41743056,3006847.5882078107,17944606.145928513,26772155.521538638,8827549.375610124,17944606.145928513,24872594.20465066,3012885.885249666,5.6337403223847975,4.666905921432333,75.73972602739725,726.3114026682679,0.0
