vol_multiplier,shock_type,correlated,subsidy,deviation,run,termination_condition,feasible,objective,avg_h2_production,std_h2_production,avg_scenario_obj,std_scenario_obj,worst_scenario_obj,best_scenario_obj,obj_range,cvar_5pct,avg_revenue,std_revenue,avg_demand_met,min_demand_met,total_entry_booking,total_exit_booking,n_quality_deviations
1.0,price_lt,0.6,70.0,0.0,2,optimal,True,21732579.09744437,2.1469659742939706,0.25131621962413275,21732579.09744437,1485682.8478367918,20058594.58955958,23791398.36389722,3732803.774337638,20058594.589559734,24212809.63119981,1483013.477477164,5.636739803870395,4.674152246888117,77.73972602739725,623.2289145173058,0.0
2.0,price_lt,0.6,70.0,0.0,2,optimal,True,23687578.814581774,2.0619965672943623,0.47340794999712354,23687578.814581774,3200282.131093995,19748001.164431516,27999840.264158797,8251839.09972728,19748001.164431553,26165551.60245525,3197750.340586398,5.628817741069444,4.659425343829015,82.62569550021087,597.0826563453161,0.0
4.0,price_lt,0.6,70.0,0.0,2,optimal,True,27749907.647648174,1.9463027692634682,0.494122541919046,27749907.647648174,6567140.101266811,19080122.85136104,36415314.605003245,17335191.753642205,19086379.139853634,30225676.081558608,6564752.116904074,5.608222452737088,4.615567937333733,91.45194940922948,722.2218235831222,0.0
8.0,price_lt,0.6,70.0,0.0,2,optimal,True,36537197.05450271,1.9835098367878907,0.5273331178246623,36537197.05450271,12589634.544926735,19886453.174092375,53290674.43723393,33404221.263141558,19886453.174092375,39004620.833765164,12596954.927471977,5.534297470084891,4.615567937333733,92.6483647848914,639.1161340118216,0.0
16.0,price_lt,0.6,70.0,0.0,2,optimal,True,54950592.92087,1.8813423207641518,0.6443570019868815,54950592.92086999,24579790.0181901,22010700.623349115,87073305.31798124,65062604.69463213,22013357.12118413,57413494.74830207,24581672.607862785,5.521660920983798,4.615567937333732,94.77241028273134,646.2492556929171,0.0
