vol_multiplier,shock_type,correlated,subsidy,deviation,run,termination_condition,feasible,objective,avg_h2_production,std_h2_production,avg_scenario_obj,std_scenario_obj,worst_scenario_obj,best_scenario_obj,obj_range,cvar_5pct,avg_revenue,std_revenue,avg_demand_met,min_demand_met,total_entry_booking,total_exit_booking,n_quality_deviations
1.0,price_st,1.0,45.0,0.0,2,optimal,True,21954326.13733734,1.7820173933980317,0.6501848298563744,21954326.13733734,1175467.3229583271,19922948.973673858,24313668.074477084,4390719.100803226,19922948.973673858,24555806.408837475,1172883.2627379377,5.627377567245972,4.6713085236317635,75.73972602739725,691.2022749432883,0.0
2.0,price_st,1.0,45.0,0.0,2,optimal,True,21980479.268188823,1.6693246824278982,0.7145209311657847,21980479.268188823,1206922.320986548,19893013.411096558,24347190.20746862,4454176.796372063,19893013.4111165,24574557.93983635,1203849.554283007,5.6239209079797385,4.6713085236317635,77.57967197802108,612.1485929629148,0.0
4.0,price_st,1.0,45.0,0.0,2,optimal,True,22010171.437363803,1.737064842056708,0.6856031889042142,22010171.4373638,1367529.5867329098,19833261.71768686,24415256.339888453,4581994.622201592,19833261.71768686,24608426.22338554,1365612.0527520475,5.626242326735266,4.671308523631751,75.73972602739725,569.520204931894,0.0
8.0,price_st,1.0,45.0,0.0,2,optimal,True,22069905.453184485,1.790794134937241,0.6371271254302504,22069905.45318449,1955734.5531838234,18898965.88813322,24753784.03186017,5854818.143726949,19433608.364468068,24673185.66157282,1960794.7124183453,5.624829838907612,4.6713085236317635,75.73972602739725,903.7364473021146,0.0
16.0,price_st,1.0,45.0,0.0,2,optimal,True,22227132.088478208,1.7438823917212853,0.6790984960844055,22227132.088478208,3402267.4856766514,18187667.48574785,27082219.038658813,8894551.552910961,18187667.48574785,24826192.26828228,3400243.1629376044,5.626205915437964,4.6713085236317635,76.76632663382024,646.9333614787074,0.0
