vol_multiplier,shock_type,correlated,subsidy,deviation,run,termination_condition,feasible,objective,avg_h2_production,std_h2_production,avg_scenario_obj,std_scenario_obj,worst_scenario_obj,best_scenario_obj,obj_range,cvar_5pct,avg_revenue,std_revenue,avg_demand_met,min_demand_met,total_entry_booking,total_exit_booking,n_quality_deviations
1.0,price_lt,1.0,45.0,0.0,0,optimal,True,20629525.99025888,1.9450909084598984,0.276926692213001,20629525.99025888,2931943.326520848,16443870.533057524,25215526.626217116,8771656.093159592,16443870.533057526,23254433.47780711,2930624.665556347,4.98032467127711,3.587606484615362,81.73972602746474,301.81235805653375,0.0
2.0,price_lt,1.0,45.0,0.0,0,optimal,True,20857917.30219865,1.3998198719731436,0.7348036228072738,20857917.30219865,5932540.421977604,12641127.560498131,30169889.62059578,17528762.06009765,12641689.279769992,23443313.699186444,5968402.275966253,4.962241471755791,3.56666076594612,100.52116165904741,741.2405539628816,0.0
4.0,price_lt,1.0,45.0,0.0,0,optimal,True,21630120.648997877,0.8801728560165931,0.6053578883100592,21630120.648997877,12239216.157801876,5115185.090837594,41084406.485303335,35969221.394465744,5115185.090837594,24172642.5783869,12253749.944039656,4.956983234847476,3.566668924300872,76.73972602739725,443.3944708949088,0.0
8.0,price_lt,1.0,45.0,0.0,0,optimal,True,24564938.493251022,0.6144828364036405,0.6960210310529816,24564938.493251022,23602270.026308212,-618080.3804095939,63339217.366760135,63957297.747169726,-618080.3804095929,26717919.478742912,24018407.16319158,4.4251207688786955,1.1441973620417487,352.57291114720203,458.35631164481686,0.0
16.0,price_lt,1.0,45.0,0.0,0,optimal,True,34253455.92672673,0.43355324831154674,0.6148818004333819,34253455.926726736,43273021.27889097,-619427.6080067963,107859471.49337462,108478899.1013814,-619427.6080067963,36278666.93732146,43691236.982644625,4.072891951145731,1.1441973620417487,371.49511936590227,502.9538933310032,0.0
