vol_multiplier,shock_type,correlated,subsidy,deviation,run,termination_condition,feasible,objective,avg_h2_production,std_h2_production,avg_scenario_obj,std_scenario_obj,worst_scenario_obj,best_scenario_obj,obj_range,cvar_5pct,avg_revenue,std_revenue,avg_demand_met,min_demand_met,total_entry_booking,total_exit_booking,n_quality_deviations
1.0,price_st,0.4,45.0,0.0,3,optimal,True,20657907.405442394,1.729685147243128,0.7425917911962889,20657907.405442394,767375.4496469804,19243985.684280958,21766439.566702202,2522453.882421244,19260256.30334437,23263097.487560194,724249.7823153787,5.895334506707915,4.750325077892644,75.73972602739767,828.4544383473902,0.0
2.0,price_st,0.4,45.0,0.0,3,optimal,True,20708498.898883402,1.6805317755684213,0.6619623838054456,20708498.898883402,794665.958546668,18994141.418046255,21768280.303159192,2774138.8851129375,19081977.356730882,23310682.448822867,771736.2740818069,5.892221813138666,4.714316867430955,75.73972602739725,700.1138746218664,0.0
4.0,price_st,0.4,45.0,0.0,3,optimal,True,20893661.030608237,1.6370375636828656,0.6801132978221232,20893661.030608237,862265.96407857,19134414.45218869,21961068.16784495,2826653.715656262,19134414.452188697,23493639.503358223,852173.4074014124,5.893961905148233,4.740747359669763,75.73972602739725,654.7568997223696,0.0
8.0,price_st,0.4,45.0,0.0,3,optimal,True,21329763.39198294,1.839656900780564,0.6615764993253173,21329763.391982943,1269280.38219881,19166455.698423095,23833707.188507784,4667251.490084689,19166455.698423095,23944118.879987113,1289632.2164541243,5.8989976217607865,4.732910219073115,75.73972602739767,618.0413153122882,0.0
16.0,price_st,0.4,45.0,0.0,3,optimal,True,22332322.08970856,2.0701265679206164,0.49733658645695433,22332322.08970856,2344339.1006473405,19262525.94601105,27581815.99846508,8319290.052454028,19262525.94601105,24964161.790851265,2361574.704829709,5.900484451398785,4.7485742750360105,77.94406874940687,654.4621143191163,0.0
