vol_multiplier,shock_type,correlated,subsidy,deviation,run,termination_condition,feasible,objective,avg_h2_production,std_h2_production,avg_scenario_obj,std_scenario_obj,worst_scenario_obj,best_scenario_obj,obj_range,cvar_5pct,avg_revenue,std_revenue,avg_demand_met,min_demand_met,total_entry_booking,total_exit_booking,n_quality_deviations
1.0,price_lt,0.4,30.0,0.0,2,optimal,True,21720203.363988772,1.3851680219501006e-13,1.0740321396984421e-12,21720203.36398877,1303420.1975054026,19841735.035776727,23974550.680286586,4132815.6445098594,19863624.331494316,24192102.3667606,1302378.3371144421,5.581860906561255,4.637859553943646,75.48488792449572,842.74367121146,0.0
2.0,price_lt,0.4,30.0,0.0,2,optimal,True,23925490.22174608,0.5057399226040595,0.8574651463382549,23925490.22174608,2825147.2514602058,19585270.264683876,28532801.621900346,8947531.35721647,19585270.264703225,26453495.488236696,2888035.5011657216,5.5857641986699385,4.638362587696336,82.24232290962232,639.8523260991741,0.0
4.0,price_lt,0.4,30.0,0.0,2,optimal,True,28455807.685044795,1.1151366385352857,0.966373999316089,28455807.685044795,5802053.162323128,19276365.417297687,37650522.50173599,18374157.084438305,19276365.41731384,31051416.045759894,5828929.419318197,5.568200233397062,4.602060267698823,95.04748027478361,648.6927615520772,0.0
8.0,price_lt,0.4,30.0,0.0,2,optimal,True,38194211.61515635,1.5909266207618482,0.9173260743670709,38194211.61515635,11121168.966857018,20412061.748628706,55988201.10107834,35576139.35244963,20551633.79649636,40836540.55073854,11143590.044518694,5.524963602155298,4.602060267698824,93.97886703509795,539.059237890172,0.0
16.0,price_lt,0.4,30.0,0.0,2,optimal,True,58494259.44055813,1.8369934241332344,0.7882469330393076,58494259.44055813,21757817.84809368,24698970.233716935,94417436.43784012,69718466.20412318,24698970.233716935,61163309.84737511,21782877.353731338,5.520400650707588,4.615567937333733,91.58124248340016,539.209282143151,0.0
