vol_multiplier,shock_type,correlated,subsidy,deviation,run,termination_condition,feasible,objective,avg_h2_production,std_h2_production,avg_scenario_obj,std_scenario_obj,worst_scenario_obj,best_scenario_obj,obj_range,cvar_5pct,avg_revenue,std_revenue,avg_demand_met,min_demand_met,total_entry_booking,total_exit_booking,n_quality_deviations
1.0,price_st,0.8,70.0,0.0,2,optimal,True,22039082.265279505,2.156028615982623,0.34162942059392365,22039082.26527951,1186196.6924559304,20158867.32208863,24513937.575818192,4355070.253729563,20158867.32208908,24517999.6826721,1182256.132155084,5.633407629455691,4.671308523630758,82.52093344956972,632.3400369933937,0.0
2.0,price_st,0.8,70.0,0.0,2,optimal,True,22038511.940651853,2.158059246084357,0.2911038993786077,22038511.940651856,1209600.2047448845,20198206.689087372,24581572.52285508,4383365.833767708,20198206.689087372,24518305.767508484,1204763.8178322527,5.637363417892036,4.671308523630991,75.73972602739725,602.3481453990138,0.0
4.0,price_st,0.8,70.0,0.0,2,optimal,True,22003031.205339145,2.1676229644556457,0.2984936049196002,22003031.20533915,1356255.0209498424,20285848.480535436,24716712.44531621,4430863.964780774,20285848.480535436,24484931.99909673,1353981.2620615931,5.637502780717363,4.659467559782088,75.73972602739725,788.1868455222841,0.0
8.0,price_st,0.8,70.0,0.0,2,optimal,True,22001405.65497312,2.1571088733156025,0.4092747756664133,22001405.65497312,1902723.8144990306,19542793.79551303,25014246.611997914,5471452.816484883,19558976.89248098,24484936.979068547,1903727.9322360551,5.636969212609561,4.659425340655704,75.73972602739772,925.1427103197475,0.0
16.0,price_st,0.8,70.0,0.0,2,optimal,True,22413740.514332615,2.1787703260373483,0.3631137536412488,22413740.514332615,3016960.1509253895,18111273.900134385,26939100.879934646,8827826.979800262,18111273.900134385,24897115.87876464,3017796.213496155,5.637706603279227,4.660153243489335,75.7397260274012,732.3271977055173,0.0
