vol_multiplier,shock_type,correlated,subsidy,deviation,run,termination_condition,feasible,objective,avg_h2_production,std_h2_production,avg_scenario_obj,std_scenario_obj,worst_scenario_obj,best_scenario_obj,obj_range,cvar_5pct,avg_revenue,std_revenue,avg_demand_met,min_demand_met,total_entry_booking,total_exit_booking,n_quality_deviations
1.0,price_lt,0.6,45.0,0.0,1,optimal,True,21640517.865192402,1.863037910880887,0.5830923804320455,21640517.865192402,1011593.6662324214,20316702.60845478,23555021.9303709,3238319.321916122,20316702.60845478,24257823.932357587,1028513.83484641,5.374146424377374,4.565490647007583,75.73972602739725,796.7399385676366,0.0
2.0,price_lt,0.6,45.0,0.0,1,optimal,True,23361275.219903544,2.072348042934715,0.5039171007236188,23361275.219903544,2229876.0481168884,20466023.60648733,27799714.58973139,7333690.9832440615,20509789.814419147,25996076.47559347,2241823.6589519447,5.3792964272613935,4.5656282591511,76.73972602739725,786.2424000116769,0.0
4.0,price_lt,0.6,45.0,0.0,1,optimal,True,27038648.957660332,1.879963776804645,0.6203013703483247,27038648.957660332,4598676.358326573,21454261.616995983,36338890.2174781,14884628.600482114,21454261.616995983,29656738.413632892,4608916.205572,5.375087384604096,4.565645828787015,75.73972602739725,499.8357958555389,0.0
8.0,price_lt,0.6,45.0,0.0,1,optimal,True,34623068.62369117,1.6592783969046956,0.8406990288023083,34623068.62369117,9137110.25384426,24341556.551949214,53416095.89807625,29074539.346127037,24341556.551949214,37220360.91172771,9170458.540486608,5.330475078160112,4.565645828787015,95.85791966255556,533.6427513857526,0.0
16.0,price_lt,0.6,45.0,0.0,1,optimal,True,50087735.31870199,1.6242707971558878,0.8356028394656964,50087735.31870199,18044780.150396142,30702574.01707038,87570551.99397917,56867977.97690879,30702574.017070383,52668182.16916728,18092890.33075733,5.261755901831387,4.565645828787014,116.24714968381778,524.6033235735333,0.0
