vol_multiplier,shock_type,correlated,subsidy,deviation,run,termination_condition,feasible,objective,avg_h2_production,std_h2_production,avg_scenario_obj,std_scenario_obj,worst_scenario_obj,best_scenario_obj,obj_range,cvar_5pct,avg_revenue,std_revenue,avg_demand_met,min_demand_met,total_entry_booking,total_exit_booking,n_quality_deviations
1.0,price_lt,0.8,45.0,0.0,2,optimal,True,21208622.73237277,1.794380854754397,0.6405921163054773,21208622.73237277,1698847.3027548941,19359199.048945855,23691749.406937324,4332550.357991468,19363579.91772041,23813991.42307251,1699547.8613947604,5.627555878322546,4.658461696606147,82.73972602739725,844.1874323519553,0.0
2.0,price_lt,0.8,45.0,0.0,2,optimal,True,22728724.11658145,1.7376103433599495,0.6943304573339104,22728724.116581455,3633328.292462445,18595002.23554513,27842161.03632521,9247158.80078008,18595002.235545143,25326980.311029628,3638541.9079550277,5.625168085234691,4.659425343829037,78.71261428765513,872.2236718910973,0.0
4.0,price_lt,0.8,45.0,0.0,2,optimal,True,25950657.66939729,1.6451379814975489,0.8934040895705169,25950657.669397287,7452576.309982063,17434814.254455056,36243270.120194905,18808455.86573985,17434814.254455056,28541014.44709952,7473872.123107754,5.614986285766199,4.637807768335181,82.5912411774377,771.5921435168536,0.0
8.0,price_lt,0.8,45.0,0.0,2,optimal,True,32941652.84481859,1.4769929903602335,0.9228042485140412,32941652.844818585,14611800.539438961,16700858.032018313,53061372.74276627,36360514.71074796,16700858.032018313,35507780.04664796,14628622.315681338,5.531937255560521,4.602060267698823,93.6998536952108,506.8832846650192,0.0
16.0,price_lt,0.8,45.0,0.0,2,optimal,True,47807375.5467484,1.5124333114972355,1.0177803063014828,47807375.5467484,28279728.04085768,15972652.605834858,86694048.45596737,70721395.85013251,15972652.605834866,50373515.379058346,28297816.719201814,5.513084417063879,4.602060267698823,92.65826845037361,570.5641293017436,0.0
