vol_multiplier,shock_type,correlated,subsidy,deviation,run,termination_condition,feasible,objective,avg_h2_production,std_h2_production,avg_scenario_obj,std_scenario_obj,worst_scenario_obj,best_scenario_obj,obj_range,cvar_5pct,avg_revenue,std_revenue,avg_demand_met,min_demand_met,total_entry_booking,total_exit_booking,n_quality_deviations
1.0,price_lt,0.6,30.0,0.0,0,optimal,True,21351286.05878083,0.11167542731424793,0.23473693403940904,21351286.058780834,2226319.1063839425,18149720.437144496,25356107.197944652,7206386.760800157,18149720.43714452,23843770.66471825,2247140.655745733,4.939843865429433,3.566534944564195,74.73972602739725,680.0939507168916,0.0
2.0,price_lt,0.6,30.0,0.0,0,optimal,True,22963916.01348203,0.6407109073370442,0.9605270694847295,22963916.01348203,4552148.872587981,16270514.647835169,31258404.70301015,14987890.05517498,16270514.64783517,25515415.078337856,4617998.408545951,4.9403173928809405,3.5665349445641956,94.41468557208606,742.9403737059605,0.0
4.0,price_lt,0.6,30.0,0.0,0,optimal,True,26359454.13696377,0.7630556817383898,0.9999472036686905,26359454.13696377,9222413.888404818,12685958.799472017,43095739.47780421,30409780.678332187,12685958.79947202,28922004.0174516,9317762.220716115,4.941084443544493,3.5477883216687247,80.194093804631,603.0025711784722,0.0
8.0,price_lt,0.6,30.0,0.0,0,optimal,True,33534344.395402227,1.068437456558116,1.012661127535605,33534344.395402223,18283489.552124605,6877048.695072742,66866890.070269756,59989841.375197016,6877048.695073548,36123095.62103284,18382452.221498664,4.920300551607569,3.566376227822156,107.56850742262918,558.9469007888254,0.0
16.0,price_lt,0.6,30.0,0.0,0,optimal,True,49328581.03860317,1.588525713301806,0.9344447909672945,49328581.03860318,35290243.46034968,-687163.4476712897,114405708.41589452,115092871.86356582,-671171.6308846651,51724635.20450501,35696959.89417136,4.567154399446785,1.1441973620417487,374.5460999907208,537.4329252190367,0.0
