vol_multiplier,shock_type,correlated,subsidy,deviation,run,termination_condition,feasible,objective,avg_h2_production,std_h2_production,avg_scenario_obj,std_scenario_obj,worst_scenario_obj,best_scenario_obj,obj_range,cvar_5pct,avg_revenue,std_revenue,avg_demand_met,min_demand_met,total_entry_booking,total_exit_booking,n_quality_deviations
1.0,price_st,0.0,30.0,0.0,0,optimal,True,20860821.89417507,0.013294724391645517,0.04616652325728431,20860821.89417507,1167840.4482022158,19409931.51709817,23543416.283005364,4133484.7659071945,19440504.613750853,23343861.024975315,1170847.6886348608,4.934743382295844,3.542740886364991,78.66492512867411,1164.2247526871981,0.0
2.0,price_st,0.0,30.0,0.0,0,optimal,True,20885367.645034004,0.015184281410522513,0.05281276850375643,20885367.645034004,1184146.7207505992,19313062.977631267,23854475.225893926,4541412.248262659,19352511.129488524,23370209.943313584,1189875.880061105,4.933874041118912,3.542740886364099,80.82275772493651,1801.197152143992,0.0
4.0,price_st,0.0,30.0,0.0,0,optimal,True,20980736.66552189,0.06965800369234555,0.3344758015730426,20980736.66552189,1235954.5558943665,19009487.554606084,24474828.60537909,5465341.050773006,19265393.343969345,23472979.92758232,1253933.487275054,4.936457226419069,3.542740886364992,81.89526887147635,2257.3371186324025,0.0
8.0,price_st,0.0,30.0,0.0,0,optimal,True,21262709.952378757,0.21893404321244625,0.6218849868030956,21262709.952378757,1493542.7404035344,18595388.541247174,25721008.842389822,7125620.301142648,19049687.374951914,23774057.841157302,1531915.215607389,4.939318180729089,3.5427408863649927,84.50518777450046,2834.291106184775,0.0
16.0,price_st,0.0,30.0,0.0,0,optimal,True,22060175.28210145,0.534118537854993,0.897040286702566,22060175.282101445,2205461.4036161974,18176425.23319379,28215728.9658859,10039303.732692111,18515472.555366,24609111.642494984,2271044.2306962744,4.945549433014244,3.547788321669104,88.73534341709143,3352.6826972815475,0.0
