vol_multiplier,shock_type,correlated,subsidy,deviation,run,termination_condition,feasible,objective,avg_h2_production,std_h2_production,avg_scenario_obj,std_scenario_obj,worst_scenario_obj,best_scenario_obj,obj_range,cvar_5pct,avg_revenue,std_revenue,avg_demand_met,min_demand_met,total_entry_booking,total_exit_booking,n_quality_deviations
1.0,price_lt,0.8,30.0,0.0,3,optimal,True,19969612.59057862,0.0,0.0,19969612.590578616,2347728.7757644225,15892523.962383937,22814812.804173492,6922288.841789555,15892523.962383935,22445203.58898275,2343937.4841043553,5.8508050809516785,4.717680872037335,73.73972602739725,633.3469291506349,0.0
2.0,price_lt,0.8,30.0,0.0,3,optimal,True,20132071.055333633,0.3326648476681894,0.823054127678012,20132071.055333633,4838528.956476515,11706069.527161842,25442443.62264036,13736374.095478518,11706069.527166946,22645687.781096876,4878708.447976828,5.860404695844684,4.7176808720256265,76.73972602739727,668.0554324516385,0.0
4.0,price_lt,0.8,30.0,0.0,3,optimal,True,21026517.97389341,0.6205890035607835,0.9075214963178941,21026517.973893415,9785378.738104919,4689436.988676331,31341460.242274936,26652023.253598604,4689436.988676331,23567137.206050508,9854687.384287447,5.8414856693197885,4.5219807369662,96.43657888647421,554.9695611483066,0.0
8.0,price_lt,0.8,30.0,0.0,3,optimal,True,24746361.41030872,0.9421701842871393,1.058096194882104,24746361.410308715,17167131.226234466,-463390.97200753586,43463682.56542178,43927073.53742932,-463390.9720075356,26923504.08196506,17818949.381397814,4.896910747528847,1.1194202797119177,377.6733585699973,535.8766341242717,0.0
16.0,price_lt,0.8,30.0,0.0,3,optimal,True,35700551.673471525,0.8395721232804862,0.8117029563949928,35700551.67347153,27696246.558957342,-515493.4319184873,67637163.6210156,68152657.05293408,-504403.7228641824,37717386.92847668,28481838.72649473,4.477715764828755,1.11942027971192,371.52165443365595,469.32305953421206,0.0
