vol_multiplier,shock_type,correlated,subsidy,deviation,run,termination_condition,feasible,objective,avg_h2_production,std_h2_production,avg_scenario_obj,std_scenario_obj,worst_scenario_obj,best_scenario_obj,obj_range,cvar_5pct,avg_revenue,std_revenue,avg_demand_met,min_demand_met,total_entry_booking,total_exit_booking,n_quality_deviations
1.0,price_st,0.0,30.0,0.0,3,optimal,True,21469827.348326486,0.5750242733672851,1.0135883328825017,21469827.34832649,924986.6009076842,19579617.512740172,23036209.36881563,3456591.856075458,19632566.28478859,24016205.80122833,992385.6496498737,5.859040904092826,4.767161987590891,87.18189499496948,717.7489855079444,0.0
2.0,price_st,0.0,30.0,0.0,3,optimal,True,21500818.06005003,0.5205439994395875,0.9725758358808426,21500818.06005003,964390.1314140061,19362085.816010542,23288052.961758334,3925967.145747792,19490078.227111414,24041814.010710865,1024201.6442974613,5.859718712273403,4.767161987590873,76.9184011157515,1173.7484789190169,0.0
4.0,price_st,0.0,30.0,0.0,3,optimal,True,21586943.51693149,0.5582082864740776,0.9912004047139721,21586943.51693149,1150662.9851273764,19016667.447849058,24198677.74272871,5182010.294879653,19211221.112988554,24133676.48583128,1219786.618707676,5.8604851233234765,4.76716198759089,83.13255081529518,2225.329806436172,0.0
8.0,price_st,0.0,30.0,0.0,3,optimal,True,21926434.60061772,0.6185364372272706,1.036477345674487,21926434.60061772,1577203.5247858719,18517497.723261856,25818441.603442237,7300943.880180381,18821304.25947347,24481710.012675762,1653904.8525051405,5.862187381185993,4.7176073693490475,88.12439684460254,2996.05504526352,0.0
16.0,price_st,0.0,30.0,0.0,3,optimal,True,22841534.383304577,0.6359785099509188,1.0266191801948112,22841534.383304577,2520918.1753906365,17590401.086669344,29060839.34292187,11470438.256252527,18023868.75378717,25399919.633446153,2592297.6458339314,5.860385477049283,4.7165814990049535,94.3554371449106,3402.8895715704366,0.0
