vol_multiplier,shock_type,correlated,subsidy,deviation,run,termination_condition,feasible,objective,avg_h2_production,std_h2_production,avg_scenario_obj,std_scenario_obj,worst_scenario_obj,best_scenario_obj,obj_range,cvar_5pct,avg_revenue,std_revenue,avg_demand_met,min_demand_met,total_entry_booking,total_exit_booking,n_quality_deviations
1.0,price_st,0.2,45.0,0.0,3,optimal,True,20647355.93394192,1.650356519725769,0.7916719955810146,20647355.933941916,773262.3716168507,19243400.444103945,21740314.6258089,2496914.1817049533,19270408.54546635,23246386.962624487,738707.9406503877,5.892455517305702,4.755721163155161,79.07614301233768,782.4291609070603,0.0
2.0,price_st,0.2,45.0,0.0,3,optimal,True,20732170.268077075,1.7789380697113666,0.6816672057408929,20732170.268077075,772595.4657717731,19077736.838538464,21714934.4158922,2637197.5773537345,19146046.29697569,23341099.445175126,733461.4350364945,5.894549408143941,4.755721163155181,75.73972602739725,791.2702502831464,0.0
4.0,price_st,0.2,45.0,0.0,3,optimal,True,20963838.86989236,1.6431597260218256,0.6633178262541091,20963838.86989236,779376.4299185547,19308486.18830984,21814240.49397968,2505754.3056698404,19308486.18830985,23564255.237386752,773509.1657722169,5.894086673928524,4.740747359669763,75.73972602739725,553.4823222914936,0.0
8.0,price_st,0.2,45.0,0.0,3,optimal,True,21476288.063910574,1.7879207640874013,0.665537572499193,21476288.063910574,1056070.4933028053,19522026.115867276,23540503.606457025,4018477.490589749,19522026.115867276,24085925.510642245,1079603.9498053908,5.897538137217351,4.732910219073124,75.7397260273978,508.4710688870796,0.0
16.0,price_st,0.2,45.0,0.0,3,optimal,True,22627013.549060922,2.0812606693810523,0.47671354078985767,22627013.54906092,1861682.419664519,19977134.126653228,26995417.749109626,7018283.622456398,19977134.126653228,25259638.417025104,1874170.5960870136,5.9024480818521345,4.748574275036011,78.17333039251564,648.7338175789731,0.0
