vol_multiplier,shock_type,correlated,subsidy,deviation,run,termination_condition,feasible,objective,avg_h2_production,std_h2_production,avg_scenario_obj,std_scenario_obj,worst_scenario_obj,best_scenario_obj,obj_range,cvar_5pct,avg_revenue,std_revenue,avg_demand_met,min_demand_met,total_entry_booking,total_exit_booking,n_quality_deviations
1.0,price_st,0.2,70.0,0.0,0,optimal,True,21781093.112806115,2.295383692253683,0.1452163117170044,21781093.11280612,920562.5293583998,20681453.414803598,23285347.11566928,2603893.700865682,20681453.41480362,24272770.79596225,921810.1522552978,4.98795100693796,3.6049189421783865,76.73972602739725,728.8899682756863,0.0
2.0,price_st,0.2,70.0,0.0,0,optimal,True,21876318.67061366,2.3069568107607337,0.12441000809025698,21876318.67061366,979142.3698769327,20521786.271185793,23427143.835629817,2905357.564444024,20521786.271185793,24368273.742721416,980622.7828348923,4.987648058861948,3.6049189421783905,75.73972602739741,682.740887102931,0.0
4.0,price_st,0.2,70.0,0.0,0,optimal,True,22050307.200166695,2.2323980645655617,0.1834967355341035,22050307.200166695,1148083.6191615476,20104990.94366279,23751508.24443252,3646517.3007697314,20123601.01180053,24541331.88478788,1150154.772645476,4.9863076777340405,3.586027989923155,75.73972602739997,927.3547892499842,0.0
8.0,price_st,0.2,70.0,0.0,0,optimal,True,22465600.89561719,2.1579857659831547,0.32896033926822277,22465600.89561719,1626546.3934291897,19561587.658930454,24606690.820156086,5045103.161225632,19585700.17749,24952479.05619619,1625168.0332469996,4.978597165964001,3.5860279899231067,85.70718555894985,939.9179291169111,0.0
16.0,price_st,0.2,70.0,0.0,0,optimal,True,23536163.706536397,2.1153445154381165,0.41141958559545316,23536163.706536397,2795388.4502339414,18483902.207740743,26977822.835811704,8493920.628070962,18483902.207740743,26020903.957455035,2794661.356148807,4.972694545893945,3.5809805546193862,84.34822189819829,653.5914027207422,0.0
