vol_multiplier,shock_type,correlated,subsidy,deviation,run,termination_condition,feasible,objective,avg_h2_production,std_h2_production,avg_scenario_obj,std_scenario_obj,worst_scenario_obj,best_scenario_obj,obj_range,cvar_5pct,avg_revenue,std_revenue,avg_demand_met,min_demand_met,total_entry_booking,total_exit_booking,n_quality_deviations
1.0,price_lt,0.0,70.0,0.0,0,optimal,True,21054979.30415689,2.1133308178323946,0.34664036358254613,21054979.30415689,1171904.8365247068,19452888.682843857,23724974.86377276,4272086.180928905,19570326.718964804,23547123.216967963,1174591.4015065692,4.982340352129901,3.580980554619006,82.28961156381061,1213.580816694492,0.0
2.0,price_lt,0.0,70.0,0.0,0,optimal,True,22025448.65541082,2.1410695439884,0.41626529178075466,22025448.65541082,2384159.2625115197,18788235.635964807,27142469.405360315,8354233.769395508,18828120.672509383,24514630.267547637,2385621.5633398467,4.98131391415286,3.5809805546193885,80.98704611567918,820.4912365031961,0.0
4.0,price_lt,0.0,70.0,0.0,0,optimal,True,24087786.881482895,2.1193316998407408,0.5258991778501636,24087786.881482895,4783957.316338465,17452579.33841311,33992134.882754356,16539555.544341248,17467574.623149116,26573358.98737281,4786744.201346673,4.962151082633148,3.5809805546193885,85.04683570596409,572.1766982580949,0.0
8.0,price_lt,0.0,70.0,0.0,0,optimal,True,28587180.06936869,2.0967267696965317,0.521219318062386,28587180.06936869,9353884.19885144,15619594.949755562,47689755.29650227,32070160.346746705,15621801.65414323,31066195.172100894,9363097.448286721,4.9281601872364735,3.5809805546193885,109.49968148177256,645.6745459113528,0.0
16.0,price_lt,0.0,70.0,0.0,0,optimal,True,38925205.84756405,1.8327341534799988,0.7851083944961698,38925205.84756404,17974516.530598693,14801262.947745414,76202918.12999147,61401655.18224606,14823375.299600871,41355261.87472272,18037894.78978913,4.753809825515324,3.2529617827052686,182.42971888016817,717.5718549105062,0.0
