vol_multiplier,shock_type,correlated,subsidy,deviation,run,termination_condition,feasible,objective,avg_h2_production,std_h2_production,avg_scenario_obj,std_scenario_obj,worst_scenario_obj,best_scenario_obj,obj_range,cvar_5pct,avg_revenue,std_revenue,avg_demand_met,min_demand_met,total_entry_booking,total_exit_booking,n_quality_deviations
1.0,price_st,0.8,0.0,0.0,2,optimal,True,21852364.730258387,0.0,0.0,21852364.730258387,1166494.953719288,19792753.25603261,24244635.91453723,4451882.65850462,19848993.998280402,24324347.630332172,1164702.6283862125,5.581992286992825,4.638384358098302,75.56768369083689,764.6181423327488,0.0
2.0,price_st,0.8,0.0,0.0,2,optimal,True,21833200.087331045,0.0,0.0,21833200.087331045,1189885.1122189218,19957278.9542468,24312638.73784108,4355359.7835942805,19957278.954246808,24304524.489823855,1187823.5060008701,5.582305816238364,4.63827294926907,74.23650062546176,703.2700888457066,0.0
4.0,price_st,0.8,0.0,0.0,2,optimal,True,21784306.64301412,0.0,0.0,21784306.643014126,1341521.2944610796,20043286.229370065,24449171.275389433,4405885.046019368,20043286.229370065,24254857.117787786,1338674.2080383287,5.580692392225828,4.638321421496697,76.38181403151434,626.989554195456,0.0
8.0,price_st,0.8,0.0,0.0,2,optimal,True,21796606.505760588,0.0,0.0,21796606.505760588,1870017.1590155282,19365922.89773674,24748334.02185326,5382411.124116521,19373668.172296852,24269757.254805066,1868095.276048247,5.582611809326762,4.638331077062577,75.73972602739725,775.9262504031075,0.0
16.0,price_st,0.8,0.0,0.0,2,optimal,True,22186694.86100468,0.0,0.0,22186694.86100468,2979906.051885193,17903141.568505783,26696350.253909796,8793208.685404014,17903141.56850587,24659635.27500397,2980290.5984362415,5.582497548980169,4.638362587711131,73.73972602739725,544.0938049131663,0.0
