vol_multiplier,shock_type,correlated,subsidy,deviation,run,termination_condition,feasible,objective,avg_h2_production,std_h2_production,avg_scenario_obj,std_scenario_obj,worst_scenario_obj,best_scenario_obj,obj_range,cvar_5pct,avg_revenue,std_revenue,avg_demand_met,min_demand_met,total_entry_booking,total_exit_booking,n_quality_deviations
1.0,price_st,1.0,45.0,0.0,0,optimal,True,21571320.596945416,1.884420450524631,0.7013194592274833,21571320.596945416,1055943.612653839,20264554.715247344,23478229.24630141,3213674.5310540646,20275848.05014019,24190144.19663829,1052052.6181948923,4.975439730317821,3.6047673688570545,81.07017743354056,535.8032795436023,0.0
2.0,price_st,1.0,45.0,0.0,0,optimal,True,21600759.527675908,1.804730886867909,0.7164347590713125,21600759.527675908,1266358.5040739744,19922355.929975692,23961601.66343606,4039245.7334603667,19922355.929975692,24213969.661423415,1272573.3984202347,4.976138784189452,3.6049189421784105,77.95821762184836,523.2741705774476,0.0
4.0,price_st,1.0,45.0,0.0,0,optimal,True,21641864.629966512,1.8295295230252688,0.707803420045807,21641864.629966512,1760537.8619789635,19169284.592135537,24927735.1249291,5758450.532793563,19169284.592135537,24256862.267448865,1771954.8429063875,4.976622741870463,3.6049189421784003,76.99463288759023,537.3742107914748,0.0
8.0,price_st,1.0,45.0,0.0,0,optimal,True,21725344.24612707,1.8198758009545137,0.7057238935316822,21725344.246127073,2847874.142301061,17663220.48060214,26859115.76115709,9195895.28055495,17663220.480603766,24339416.021316152,2860468.958312235,4.9763943591745,3.604918942169305,76.99463288758969,505.6988410002532,0.0
16.0,price_st,1.0,45.0,0.0,0,optimal,True,21889124.194453645,1.6092794534541521,0.8143748521438103,21889124.194453645,5126403.33951777,14651299.631649127,30721842.115602285,16070542.483953157,14651299.63164913,24488152.763720647,5145027.879150461,4.971542282691965,3.599663232895425,78.03104815333113,471.859756146478,0.0
