vol_multiplier,shock_type,correlated,subsidy,deviation,run,termination_condition,feasible,objective,avg_h2_production,std_h2_production,avg_scenario_obj,std_scenario_obj,worst_scenario_obj,best_scenario_obj,obj_range,cvar_5pct,avg_revenue,std_revenue,avg_demand_met,min_demand_met,total_entry_booking,total_exit_booking,n_quality_deviations
1.0,price_st,0.6,30.0,0.0,0,optimal,True,21562380.724540107,0.0008549707791980216,0.00678612017995524,21562380.724540107,985855.8100286007,20312362.213325504,23206906.196462233,2894543.9831367284,20312362.21332551,24042257.277431305,987537.6711159636,4.936916853272007,3.566677817529741,73.73972602739725,603.4735996880918,0.0
2.0,price_st,0.6,30.0,0.0,0,optimal,True,21648783.252919734,0.10467379233392354,0.348595272483515,21648783.25291973,1116861.4508146036,20019711.104632925,23650138.812258333,3630427.7076254077,20019711.10463293,24141609.504342433,1140151.4242600205,4.939162807327437,3.566677817529743,76.95551261666334,774.5864077828409,0.0
4.0,price_st,0.6,30.0,0.0,0,optimal,True,21814636.47143816,0.04718118266740343,0.18117811632863287,21814636.471438155,1445527.7637099253,19433546.93789677,24312251.498493355,4878704.560596585,19433546.937896773,24301281.311992854,1455203.7348302403,4.938316314574637,3.5666778175297216,73.7086698982899,831.3019409116405,0.0
8.0,price_st,0.6,30.0,0.0,0,optimal,True,22172660.505265407,0.1873850697136404,0.5538708200959873,22172660.505265407,2226772.851663139,18238317.9328847,25763475.503881093,7525157.5709963925,18238317.9328847,24673431.631657187,2249019.0569309406,4.938786204374452,3.547788321668708,83.0936256375969,852.1973524876216,0.0
16.0,price_st,0.6,30.0,0.0,0,optimal,True,23050466.820007183,0.4879561176696553,0.847396213441396,23050466.820007183,4015333.5591044645,16054405.033482349,29033023.397358775,12978618.363876427,16054405.03348405,25582920.561735675,4066303.0673629325,4.939412478479926,3.54274088636497,81.14228367970765,731.5530226704959,0.0
