vol_multiplier,shock_type,correlated,subsidy,deviation,run,termination_condition,feasible,objective,avg_h2_production,std_h2_production,avg_scenario_obj,std_scenario_obj,worst_scenario_obj,best_scenario_obj,obj_range,cvar_5pct,avg_revenue,std_revenue,avg_demand_met,min_demand_met,total_entry_booking,total_exit_booking,n_quality_deviations
1.0,price_st,0.6,30.0,0.0,3,optimal,True,20577136.633124687,0.0,0.0,20577136.633124687,786919.7298039328,19154807.651413612,21774803.056233224,2619995.4048196115,19166070.600488562,23054814.47658006,780642.2101270269,5.850839819093428,4.717446502368458,74.73972602739725,895.1382196364757,0.0
2.0,price_st,0.6,30.0,0.0,3,optimal,True,20643932.537042048,0.0,0.0,20643932.537042048,821208.0981688688,19049504.553333294,21804723.695886716,2755219.1425534226,19059483.798869792,23120961.963916574,815494.9409980942,5.850838507060223,4.717843653994571,74.73972602739725,657.449322016403,0.0
4.0,price_st,0.6,30.0,0.0,3,optimal,True,20749733.25197346,7.164407955784213e-16,2.8267067534294958e-15,20749733.251973465,994409.5864592745,18925029.54354931,21932958.002806414,3007928.4592571035,18930135.71628997,23226528.028827004,989412.1692562484,5.8405329732868,4.718201946113439,103.99103895026272,660.1140912270872,0.0
8.0,price_st,0.6,30.0,0.0,3,optimal,True,21067419.947616074,0.2996575342465754,0.792819314103259,21067419.947616074,1561658.8372664936,18759046.713084105,23865186.801464558,5106140.088380452,18759046.713084105,23578971.487505242,1620974.758886995,5.849017480491359,4.718261133029978,106.99103889750404,653.3521296905158,0.0
16.0,price_st,0.6,30.0,0.0,3,optimal,True,21834002.087578468,0.5943478257868979,1.0294885662566875,21834002.087578468,2965989.15159116,18457260.46605974,27745536.275564622,9288275.809504882,18457260.466059748,24380329.026320964,3050103.137720514,5.857478501045694,4.718261478522603,79.60501090223038,642.1172667861917,0.0
