vol_multiplier,shock_type,correlated,subsidy,deviation,run,termination_condition,feasible,objective,avg_h2_production,std_h2_production,avg_scenario_obj,std_scenario_obj,worst_scenario_obj,best_scenario_obj,obj_range,cvar_5pct,avg_revenue,std_revenue,avg_demand_met,min_demand_met,total_entry_booking,total_exit_booking,n_quality_deviations
1.0,price_st,0.4,30.0,0.0,0,optimal,True,21568018.987417046,0.00847607391057907,0.06727675098478483,21568018.98741705,953163.2035537406,20376773.39063022,23158073.368633885,2781299.978003666,20376773.39063022,24048906.492210418,956674.5137917802,4.937360828272824,3.566677817529723,74.95551261666213,780.7789237597262,0.0
2.0,price_st,0.4,30.0,0.0,0,optimal,True,21671865.009115867,0.027722255848074362,0.09507945407379012,21671865.009115867,1058866.793689395,20148536.779873274,23474734.402764503,3326197.6228912286,20148536.779873274,24155347.74534197,1065658.2711652191,4.9377473011175175,3.566677817529723,74.97948890429907,597.6474284381986,0.0
4.0,price_st,0.4,30.0,0.0,0,optimal,True,21850751.733400363,0.03317316774529872,0.11852948634146479,21850751.73340036,1304406.2017543502,19611297.645435702,23986527.415788498,4375229.770352796,19614433.57451618,24334361.373053424,1312177.5278478358,4.937986483940851,3.5664720447953564,76.73972602739725,749.0174487474847,0.0
8.0,price_st,0.4,30.0,0.0,0,optimal,True,22235080.918420594,0.10470931403299472,0.47139825872113184,22235080.918420594,1933533.7206015277,18771058.59521189,25131834.700460415,6360776.105248526,18771058.59521192,24725060.89306054,1944046.7822060292,4.936780537378697,3.54778832166871,79.051450334282,943.2041935565319,0.0
16.0,price_st,0.4,30.0,0.0,0,optimal,True,23238416.09215126,0.8154242810578123,1.0634054956454027,23238416.09215126,3379328.2278423696,17126191.71012999,27858684.594092295,10732492.883962303,17126191.71012999,25807849.90168523,3470819.775262703,4.948908527496391,3.547788321668708,82.58468670387545,698.1119319827069,0.0
