vol_multiplier,shock_type,correlated,subsidy,deviation,run,termination_condition,feasible,objective,avg_h2_production,std_h2_production,avg_scenario_obj,std_scenario_obj,worst_scenario_obj,best_scenario_obj,obj_range,cvar_5pct,avg_revenue,std_revenue,avg_demand_met,min_demand_met,total_entry_booking,total_exit_booking,n_quality_deviations
1.0,price_st,0.2,45.0,0.0,1,optimal,True,21546962.871603843,2.035265289842133,0.5054432607571384,21546962.871603843,508306.4441517135,20869214.396428403,22344287.35721317,1475072.9607847668,20869214.396428403,24180433.244003877,495527.0263413736,5.3790880828305525,4.565296166185523,75.73972602739725,783.6136106453024,0.0
2.0,price_st,0.2,45.0,0.0,1,optimal,True,21597366.08836159,2.0316079024658986,0.3738939198077446,21597366.088361595,461191.1063580765,21008310.17153493,22284182.383725945,1275872.2121910155,21008310.17153493,24228098.31508527,451651.38128293946,5.3792020415748745,4.565490647007583,75.73972602739725,800.2833042279739,0.0
4.0,price_st,0.2,45.0,0.0,1,optimal,True,21717635.923222393,1.8964424772780235,0.5727320546494182,21717635.923222393,429579.93597699335,21023445.5965625,22307904.46886801,1284458.8723055087,21115245.85030866,24339623.01236575,409279.3158976312,5.375499731572816,4.565645828787015,75.73972602739725,980.9589697277046,0.0
8.0,price_st,0.2,45.0,0.0,1,optimal,True,22044400.59054318,1.6487582265491836,0.6426559957644634,22044400.59054318,447933.32611677155,21254648.50371948,22554340.78763271,1299692.2839132324,21254648.503719483,24643956.507551096,457558.2420827572,5.368979187618962,4.564321169731124,75.73972602739725,737.4478732787296,0.0
16.0,price_st,0.2,45.0,0.0,1,optimal,True,22971380.335761074,1.5995995969705188,0.7735083882559998,22971380.33576107,690097.6107321621,21671904.512197398,23598505.30167887,1926600.7894814722,21725655.442732166,25563253.201025978,692636.708245234,5.332732629728541,4.531969478459215,98.14507778722063,754.0808530727436,0.0
