vol_multiplier,shock_type,correlated,subsidy,deviation,run,termination_condition,feasible,objective,avg_h2_production,std_h2_production,avg_scenario_obj,std_scenario_obj,worst_scenario_obj,best_scenario_obj,obj_range,cvar_5pct,avg_revenue,std_revenue,avg_demand_met,min_demand_met,total_entry_booking,total_exit_booking,n_quality_deviations
1.0,price_lt,0.8,0.0,0.0,2,optimal,True,21173237.45893317,0.0,0.0,21173237.458933175,1688765.3130369205,19354678.7577277,23639405.685862325,4284726.928134624,19354678.7577277,23645939.75097149,1687507.7364179182,5.583146525860942,4.638072251376537,73.73972602739725,534.7636383961757,0.0
2.0,price_lt,0.8,0.0,0.0,2,optimal,True,22674794.754031904,0.0,0.0,22674794.754031904,3622378.5116644334,18585549.622595858,27769419.021903194,9183869.399307337,18586478.459798004,25146296.274481706,3621573.409646205,5.5820604343236315,4.63830655263537,77.95674483784343,699.5804257656887,0.0
4.0,price_lt,0.8,0.0,0.0,2,optimal,True,25871970.319151938,0.0,0.0,25871970.319151938,7424679.676212976,17434118.950241372,36113238.762722924,18679119.812481552,17434118.950241376,28342345.100381985,7424115.1446577385,5.569699261801192,4.637807768335177,82.46714732596436,645.0834322048236,0.0
8.0,price_lt,0.8,0.0,0.0,2,optimal,True,32827187.35526996,0.1262137037731869,0.33393007223222715,32827187.355269957,14544845.45250733,16635555.445308631,52828236.65418759,36192681.20887896,16635555.445308631,35310297.634415925,14578161.454184072,5.497609422988765,4.602060267698822,93.71233921474887,480.05152434339414,0.0
16.0,price_lt,0.8,0.0,0.0,2,optimal,True,47664373.19079525,0.7017865430185757,0.9458564807788774,47664373.19079524,28207976.794305112,15972652.60583487,86440029.7158253,70467377.10999043,15972652.605834877,50258812.12932421,28355876.188231796,5.496380295215586,4.602060267698824,93.17624845791251,568.8416942614622,0.0
