vol_multiplier,shock_type,correlated,subsidy,deviation,run,termination_condition,feasible,objective,avg_h2_production,std_h2_production,avg_scenario_obj,std_scenario_obj,worst_scenario_obj,best_scenario_obj,obj_range,cvar_5pct,avg_revenue,std_revenue,avg_demand_met,min_demand_met,total_entry_booking,total_exit_booking,n_quality_deviations
1.0,price_st,1.0,30.0,0.0,0,optimal,True,21528544.828827806,0.14629662750559483,0.5111609638594748,21528544.828827806,1058357.6236155184,20212737.12408928,23441046.046224374,3228308.922135096,20226561.275554966,24024806.23776092,1091244.7948383137,4.939740206136897,3.566677817519182,76.93153632895358,554.3606621681618,0.0
2.0,price_st,1.0,30.0,0.0,0,optimal,True,21546972.347814485,0.1982521035516662,0.6163908392995352,21546972.347814493,1258053.7692331749,19860934.293731786,23873033.5061926,4012099.212460812,19860934.293732632,24049676.663301874,1303908.0998307178,4.940828928843091,3.5666778175244582,77.9315363289666,538.7611834583571,0.0
4.0,price_st,1.0,30.0,0.0,0,optimal,True,21572121.063954238,0.1211179838615787,0.32044806459527175,21572121.06395424,1726628.2685883702,19115628.48840245,24774212.50127329,5658584.012870841,19115628.48840245,24066436.413341515,1755130.0921315684,4.939424076894224,3.566677817529723,78.93153632896637,636.7364181722177,0.0
8.0,price_st,1.0,30.0,0.0,0,optimal,True,21656702.96971983,0.3845303268060331,0.7285045221516835,21656702.969719827,2817264.2573837303,17593975.48646317,26769955.91542717,9175980.428964,17593975.48646317,24181236.588751987,2885230.8681381326,4.945270583201543,3.566534944564195,76.90756004126993,692.5050670544177,0.0
16.0,price_st,1.0,30.0,0.0,0,optimal,True,21832152.96080816,0.5207646489858399,0.8872800138614345,21832152.960808165,5100449.361906774,14617815.964283215,30633335.522528093,16015519.558244878,14617815.964283215,24372255.833001662,5193279.533211003,4.947077988982267,3.566534944564195,77.07539405514262,568.114134502095,0.0
