vol_multiplier,shock_type,correlated,subsidy,deviation,run,termination_condition,feasible,objective,avg_h2_production,std_h2_production,avg_scenario_obj,std_scenario_obj,worst_scenario_obj,best_scenario_obj,obj_range,cvar_5pct,avg_revenue,std_revenue,avg_demand_met,min_demand_met,total_entry_booking,total_exit_booking,n_quality_deviations
1.0,price_st,0.4,0.0,0.0,3,optimal,True,20596372.163919546,0.0,0.0,20596372.163919546,780256.3320666077,19222954.646319736,21745404.555159777,2522449.9088400416,19227894.194386516,23072612.88474246,774772.6928544882,5.850663725931904,4.705140674574347,73.73972602739725,776.6321681467695,0.0
2.0,price_st,0.4,0.0,0.0,3,optimal,True,20658396.17389562,0.0,0.0,20658396.173895616,802316.1165958645,18864497.41803825,21746112.046297416,2881614.628259167,18946402.411420584,23134229.367360506,797048.0513134293,5.84953241655289,4.648103470950778,75.1126187583864,754.8082976650584,0.0
4.0,price_st,0.4,0.0,0.0,3,optimal,True,20845826.653220706,0.0,0.0,20845826.653220706,858242.0646875591,19115016.469599936,21867079.394031044,2752062.924431108,19115016.469599936,23323222.6383664,853055.62140991,5.843138321053214,4.718201946113439,105.77052794572349,594.8766930867108,0.0
8.0,price_st,0.4,0.0,0.0,3,optimal,True,21286731.371157832,0.0,0.0,21286731.37115783,1242061.995152758,19154577.202499412,23717784.539109413,4563207.336610001,19154577.202514026,23764100.937868204,1236759.3105016795,5.850752945379341,4.718261133030005,74.73972602739725,557.0155583954887,0.0
16.0,price_st,0.4,0.0,0.0,3,optimal,True,22255485.6082626,0.0,0.0,22255485.6082626,2311025.1939647454,19250452.13802416,27420127.677093998,8169675.539069839,19250452.15838268,24733547.28254836,2306282.608222561,5.848363590246322,4.718261471020193,76.25141048852291,642.1952901458762,0.0
