vol_multiplier,shock_type,correlated,subsidy,deviation,run,termination_condition,feasible,objective,avg_h2_production,std_h2_production,avg_scenario_obj,std_scenario_obj,worst_scenario_obj,best_scenario_obj,obj_range,cvar_5pct,avg_revenue,std_revenue,avg_demand_met,min_demand_met,total_entry_booking,total_exit_booking,n_quality_deviations
1.0,price_lt,0.6,0.0,0.0,2,optimal,True,21525686.456773847,0.0,0.0,21525686.456773847,1473394.6935371826,19821550.305173576,23593654.246250965,3772103.941077389,19821550.30517422,23996487.61559941,1472684.9139304361,5.58061767824657,4.638344418663518,81.01592743223986,579.8204034209786,0.0
2.0,price_lt,0.6,0.0,0.0,2,optimal,True,23483690.14129113,0.0,0.0,23483690.141291127,3170233.338959001,19503255.819545694,27766231.621409837,8262975.801864143,19503255.819545697,25953373.86833155,3168781.219722233,5.574791384565967,4.638331077062577,80.17306537514939,535.9401436327973,0.0
4.0,price_lt,0.6,0.0,0.0,2,optimal,True,27540575.59425606,0.0,0.0,27540575.59425606,6513940.488313087,18947324.963995464,36144348.50655744,17197023.542561978,18947324.963995714,30007896.86538326,6513079.976168945,5.537949372160694,4.602060267698823,92.66514500013795,634.7862335349449,0.0
8.0,price_lt,0.6,0.0,0.0,2,optimal,True,36243185.29603231,0.4082690678748445,0.829244870647615,36243185.29603231,12515476.358386014,19594340.894788526,52902492.72902723,33308151.8342387,19594340.89478853,38783375.06510686,12613333.461219594,5.501088523605394,4.602060267698824,97.03538422606394,699.6446051908157,0.0
16.0,price_lt,0.6,0.0,0.0,2,optimal,True,54664915.186762966,0.6771204772180123,0.9208181471481618,54664915.186762966,24480812.672380533,22452492.961966753,86558957.83963116,64106464.8776644,22452492.961966753,57254361.46715531,24640964.60083521,5.49487547808611,4.602060267698823,93.0904089403839,506.43153690057727,0.0
