vol_multiplier,shock_type,correlated,subsidy,deviation,run,termination_condition,feasible,objective,avg_h2_production,std_h2_production,avg_scenario_obj,std_scenario_obj,worst_scenario_obj,best_scenario_obj,obj_range,cvar_5pct,avg_revenue,std_revenue,avg_demand_met,min_demand_met,total_entry_booking,total_exit_booking,n_quality_deviations
1.0,price_lt,0.4,45.0,0.0,0,optimal,True,21554116.791906346,1.7948552031605676,0.7820291570009622,21554116.791906342,1732194.125558898,19036360.58389827,24759813.043082,5723452.45918373,19036360.58389827,24166578.691722084,1713625.8028970317,4.9772478092132735,3.6049189421783905,75.73972602739725,715.9518405547047,0.0
2.0,price_lt,0.4,45.0,0.0,0,optimal,True,23349184.399713375,1.5126173626549586,0.9395833729822811,23349184.399713375,3604488.8254737905,17867750.36360051,30046285.055245418,12178534.691644907,17867750.364003535,25936068.278407462,3587468.7739602067,4.955606098522687,3.586027989807994,81.52201169293218,616.313428974764,0.0
4.0,price_lt,0.4,45.0,0.0,0,optimal,True,27100129.061469357,1.7418359347053454,0.8197108649781245,27100129.06146936,7309385.019580811,15946916.066472234,40648150.64631244,24701234.579840206,15946916.066472234,29701947.80444608,7315503.4686553115,4.956760659088561,3.6047577026277025,82.33057664873404,509.9067582898703,0.0
8.0,price_lt,0.4,45.0,0.0,0,optimal,True,34904533.98611241,1.8908696751839034,0.7385078071646526,34904533.9861124,14566390.12817242,12809994.855455933,61894493.01058255,49084498.15512662,12847455.348881459,37516582.24132572,14568543.181715125,4.951312929961254,3.580980554619389,84.64682930112927,549.8341265397504,0.0
16.0,price_lt,0.4,45.0,0.0,0,optimal,True,51604324.67764794,1.5809676980172913,0.9284169066861524,51604324.67764793,28655701.947032716,8122616.318658423,104385627.84938678,96263011.53072836,8122616.318658423,54154136.65910818,28710458.062230587,4.850075911306112,3.5427408863650034,136.07019454581152,496.8295382372675,0.0
