vol_multiplier,shock_type,correlated,subsidy,deviation,run,termination_condition,feasible,objective,avg_h2_production,std_h2_production,avg_scenario_obj,std_scenario_obj,worst_scenario_obj,best_scenario_obj,obj_range,cvar_5pct,avg_revenue,std_revenue,avg_demand_met,min_demand_met,total_entry_booking,total_exit_booking,n_quality_deviations
1.0,price_lt,0.6,0.0,0.0,0,optimal,True,21341991.138358332,0.0,0.0,21341991.138358332,2209937.4909891654,18149836.720117737,25342417.139773156,7192580.41965542,18160049.654237073,23820958.92748167,2210242.21810977,4.936463231441305,3.566534944564195,74.73972602739725,763.368370789065,0.0
2.0,price_lt,0.6,0.0,0.0,0,optimal,True,22962015.291762568,0.024218380180293115,0.08920631227079735,22962015.291762568,4542847.071804856,16270611.34034176,31230993.369028337,14960382.028686577,16270611.34034176,25443421.057587765,4551399.788842664,4.929193326086844,3.566534944564195,83.7111319436614,668.6354266798592,0.0
4.0,price_lt,0.6,0.0,0.0,0,optimal,True,26343876.546967812,0.08857528153652641,0.2811927581570531,26343876.54696781,9198236.92902984,12655902.675071955,43019797.778654836,30363895.10358288,12709710.356089542,28836472.740077905,9232737.628381582,4.927153578080676,3.547717938672964,81.12053072703496,579.7005552867327,0.0
8.0,price_lt,0.6,0.0,0.0,0,optimal,True,33486362.490721036,0.2654794775266441,0.606500831147134,33486362.490721036,18235757.369388215,6853658.835978944,66710527.015868455,59856868.179889515,6853658.835978944,36003724.886139855,18334607.352147616,4.899212784908469,3.542740886365004,140.2196928172218,562.3395787902052,0.0
16.0,price_lt,0.6,0.0,0.0,0,optimal,True,49255658.02203541,0.7768203675204535,1.0110463115524635,49255658.02203541,35228391.257944845,-618414.7009569972,114249640.99082153,114868055.69177853,-618414.7009569971,51613994.78330116,35754105.24980842,4.531897695914411,1.1441973620417483,361.4230564304753,468.32903990298,0.0
