vol_multiplier,shock_type,correlated,subsidy,deviation,run,termination_condition,feasible,objective,avg_h2_production,std_h2_production,avg_scenario_obj,std_scenario_obj,worst_scenario_obj,best_scenario_obj,obj_range,cvar_5pct,avg_revenue,std_revenue,avg_demand_met,min_demand_met,total_entry_booking,total_exit_booking,n_quality_deviations
1.0,price_st,0.0,45.0,0.0,2,optimal,True,21055428.822388876,2.29830043703738,0.18925037545186552,21055428.82238888,752492.5350192061,19492266.825169068,22166247.46865557,2673980.6434865035,19557830.27075414,23705004.039867267,751384.2722863457,5.6396194679564235,4.680565103559052,75.73972602739725,1012.5794028626887,0.0
2.0,price_st,0.0,45.0,0.0,2,optimal,True,21082220.064317226,2.291131824622835,0.1813118669890703,21082220.064317226,828834.7466639912,19282516.65691983,22608099.280099723,3325582.623179894,19398328.81582168,23733174.32186162,827958.3939281724,5.638744200131702,4.680565103558968,75.73972602739725,1627.8991074575567,0.0
4.0,price_st,0.0,45.0,0.0,2,optimal,True,21192858.727114607,2.2684243472390184,0.2703272952719506,21192858.72711461,1036548.6760277026,18980793.63231852,23508636.10648367,4527842.474165153,19203659.127915565,23840810.909700952,1038259.4756952517,5.639400116271423,4.680565103559052,75.73972602739725,2382.9119924487254,0.0
8.0,price_st,0.0,45.0,0.0,2,optimal,True,21525662.528400645,2.035472911792683,0.5987151747677515,21525662.528400645,1528021.5411397882,18713417.25939092,25380158.984681696,6666741.725290775,18905444.40053943,24157363.813903887,1530509.1284413072,5.633362926083137,4.636409363888142,76.80630432498089,3257.839494670112,0.0
16.0,price_st,0.0,45.0,0.0,2,optimal,True,22460459.76316828,1.9213408079254082,0.6545534139535858,22460459.763168283,2630783.4543802678,17614570.784003057,29523414.62510046,11908843.841097403,18046172.058682214,25083581.049164698,2628109.356751735,5.624662038490415,4.6364093638945665,78.75628344740733,3636.495396985862,0.0
