vol_multiplier,shock_type,correlated,subsidy,deviation,run,termination_condition,feasible,objective,avg_h2_production,std_h2_production,avg_scenario_obj,std_scenario_obj,worst_scenario_obj,best_scenario_obj,obj_range,cvar_5pct,avg_revenue,std_revenue,avg_demand_met,min_demand_met,total_entry_booking,total_exit_booking,n_quality_deviations
1.0,price_lt,0.8,70.0,0.0,3,optimal,True,20148268.307584073,2.1514393202763284,0.32751313235316826,20148268.30758407,2357991.558262676,16037350.759537313,23078131.209235758,7040780.449698444,16037350.759537315,22634638.01560932,2354111.5912511684,5.906914091159502,4.768263646287204,75.73972602739725,765.935297332755,0.0
2.0,price_lt,0.8,70.0,0.0,3,optimal,True,20293891.85117942,1.9015955764327084,0.6898392019527861,20293891.85117942,4862112.38451211,11801086.622932125,25708747.52733627,13907660.904404145,11801086.622932127,22776437.449460536,4858992.275020673,5.900546058342333,4.7682636462872034,75.73972602739725,628.907939293709,0.0
4.0,price_lt,0.8,70.0,0.0,3,optimal,True,21166302.674320888,1.9027619634694206,0.6808130119807939,21166302.674320888,9838891.926818065,4711808.938091706,31608406.921590056,26896597.98349835,4711808.938091706,23646889.822195247,9836357.818637082,5.885029306366047,4.637652137474178,88.39296407454789,586.1618106471984,0.0
8.0,price_lt,0.8,70.0,0.0,3,optimal,True,24847633.9151038,1.128388459358162,0.9099960486711427,24847633.9151038,17249157.043729473,-473956.10290782026,43730873.6925743,44204829.79548212,-465844.5758260639,26920732.075515218,17814182.855397698,4.901130420460024,1.115981838859084,384.90420369642635,533.3316990176991,0.0
16.0,price_lt,0.8,70.0,0.0,3,optimal,True,35821245.72496809,0.975669990014082,0.7638399832197137,35821245.72496808,27778076.152271774,-531900.2169105704,67986550.41790593,68518450.6348165,-485796.81829331565,37742946.50186172,28496024.2981676,4.476757263115976,1.1044353307895447,380.7312794913957,567.5547458601187,0.0
