vol_multiplier,shock_type,correlated,subsidy,deviation,run,termination_condition,feasible,objective,avg_h2_production,std_h2_production,avg_scenario_obj,std_scenario_obj,worst_scenario_obj,best_scenario_obj,obj_range,cvar_5pct,avg_revenue,std_revenue,avg_demand_met,min_demand_met,total_entry_booking,total_exit_booking,n_quality_deviations
1.0,price_st,0.6,0.0,0.0,3,optimal,True,20588928.088772316,0.0,0.0,20588928.08877231,770483.1299110499,19189826.65317425,21773993.64087013,2584166.9876958802,19193515.088713318,23065379.111150794,765380.9692494674,5.85043447730105,4.705140674574347,73.73972602739725,765.3205764459649,0.0
2.0,price_st,0.6,0.0,0.0,3,optimal,True,20643834.458392754,0.0,0.0,20643834.458392754,815692.0534434947,19059402.939487606,21804790.421123844,2745387.4816362374,19061121.44165865,23120970.986868896,810168.2157639534,5.850831860499184,4.717843653994571,74.73972602739725,682.4708319938799,0.0
4.0,price_st,0.6,0.0,0.0,3,optimal,True,20765904.5864703,0.0,0.0,20765904.5864703,989889.0911208236,18925215.715025812,21933160.46387929,3007944.7488534786,18930321.8877665,23243580.246387105,984861.5967413891,5.848173698064471,4.718201946113439,74.73972602739725,616.0690527298398,0.0
8.0,price_st,0.6,0.0,0.0,3,optimal,True,21070900.396858435,0.0,0.0,21070900.39685844,1560207.8244553239,18759216.594963774,23848828.754956115,5089612.159992341,18759216.594963774,23548205.339256354,1555438.532224113,5.845529021631883,4.718261133029978,74.73972602739725,675.6212341662381,0.0
16.0,price_st,0.6,0.0,0.0,3,optimal,True,21825446.130883537,0.0,0.0,21825446.130883537,2946867.5184563324,18457260.466059737,27682192.545034137,9224932.0789744,18457260.46607435,24303746.686919697,2944105.3557636393,5.847491236924292,4.718261478522601,77.5386680906302,621.4003671371712,0.0
