vol_multiplier,shock_type,correlated,subsidy,deviation,run,termination_condition,feasible,objective,avg_h2_production,std_h2_production,avg_scenario_obj,std_scenario_obj,worst_scenario_obj,best_scenario_obj,obj_range,cvar_5pct,avg_revenue,std_revenue,avg_demand_met,min_demand_met,total_entry_booking,total_exit_booking,n_quality_deviations
1.0,price_lt,0.8,70.0,0.0,0,optimal,True,21240307.317587428,2.2391354713070646,0.1812164097215954,21240307.317587428,2687318.7767757922,17542885.298839662,25857847.36500369,8314962.066164028,17542885.298839677,23730511.686364725,2688691.4525682735,4.986821309424336,3.604918942178391,76.73972602739725,858.8872920501126,0.0
2.0,price_lt,0.8,70.0,0.0,0,optimal,True,22544137.487596396,2.180489249275027,0.25758563891020514,22544137.487596396,5500134.386410893,14792513.120292833,32101745.36607502,17309232.24578219,14792513.12029284,25033599.75388805,5500641.414120878,4.98465621649854,3.6049189421783883,75.73972602739725,706.8678691405213,0.0
4.0,price_lt,0.8,70.0,0.0,0,optimal,True,25242995.359267298,2.0693708375294513,0.3890413891458049,25242995.3592673,11135739.663951254,9415818.266241893,44653598.22324601,35237779.957004115,9419969.866609609,27726086.83425694,11138054.6170092,4.964284816852896,3.586027989923107,81.2399618722608,640.4365893710799,0.0
8.0,price_lt,0.8,70.0,0.0,0,optimal,True,31166171.69031633,1.8991334652517247,0.6720660238259195,31166171.69031633,21879634.924432725,679243.1510757718,69773599.52715178,69094356.37607601,689162.2319787412,33510597.66785407,22054762.993609086,4.765498760045227,2.695889330219288,228.97149957724434,531.7292310002624,0.0
16.0,price_lt,0.8,70.0,0.0,0,optimal,True,46155280.98898404,1.6738835181115936,0.7759613577917005,46155280.98898403,40057736.91850038,-616050.7723568281,120143451.04861024,120759501.82096706,-616050.7723565426,48286961.87201451,40430896.325097255,4.285716191470364,1.1441973620417485,392.169560029004,478.96101868484743,0.0
