vol_multiplier,shock_type,correlated,subsidy,deviation,run,termination_condition,feasible,objective,avg_h2_production,std_h2_production,avg_scenario_obj,std_scenario_obj,worst_scenario_obj,best_scenario_obj,obj_range,cvar_5pct,avg_revenue,std_revenue,avg_demand_met,min_demand_met,total_entry_booking,total_exit_booking,n_quality_deviations
1.0,price_lt,0.8,45.0,0.0,1,optimal,True,21494986.230156492,1.6359004059172784,0.6278554421017123,21494986.230156496,1320923.3629246922,19547727.346118208,23619909.555085246,4072182.2089670375,19547727.346118245,24096709.45235067,1347072.4647023259,5.368687619835087,4.565529543171994,75.73972602739725,780.9244741912262,0.0
2.0,price_lt,0.8,45.0,0.0,1,optimal,True,22988371.043650057,1.9047196012403917,0.5554005785091677,22988371.04365006,2888784.64615761,18746580.010990024,27922084.855181012,9175504.844190989,18819050.25381291,25609325.37366285,2905791.0382780503,5.375682080196631,4.565645828787015,76.73972602739725,885.3303468667519,0.0
4.0,price_lt,0.8,45.0,0.0,1,optimal,True,26193184.511604194,2.1163122203217295,0.3537195337810925,26193184.51160419,5949085.641290779,17682764.35095082,36582859.32076915,18900094.969818335,17682764.35095082,28828650.59794931,5955176.193972045,5.380872204882889,4.565645828787015,75.73972602739725,664.7287828684863,0.0
8.0,price_lt,0.8,45.0,0.0,1,optimal,True,32908991.171717722,1.6228330211564066,0.8866878309331966,32908991.17171771,11790006.4486611,17047224.24162624,53904249.210609145,36857024.968982905,17047224.24162624,35503660.74734397,11829758.488755893,5.3303258989836895,4.565645828787015,96.7517224754834,609.693810618947,0.0
16.0,price_lt,0.8,45.0,0.0,1,optimal,True,46611800.56924264,1.595031990118489,0.8821797482095233,46611800.56924265,23271372.195454914,16488988.704765413,88547255.36462134,72058266.65985593,16488988.704765415,49190239.35024894,23328391.010605853,5.261326400121318,4.565645828787015,118.04189948970568,550.8431138913229,0.0
