vol_multiplier,shock_type,correlated,subsidy,deviation,run,termination_condition,feasible,objective,avg_h2_production,std_h2_production,avg_scenario_obj,std_scenario_obj,worst_scenario_obj,best_scenario_obj,obj_range,cvar_5pct,avg_revenue,std_revenue,avg_demand_met,min_demand_met,total_entry_booking,total_exit_booking,n_quality_deviations
1.0,price_lt,0.2,30.0,0.0,3,optimal,True,20518097.249456216,0.0,0.0,20518097.249456212,953072.0796418343,18872620.154972028,21899641.15355187,3027020.998579841,18883061.53042516,22993582.988143183,948179.4764280355,5.850851419481264,4.717652330580033,73.73972602739767,710.8337479853952,0.0
2.0,price_lt,0.2,30.0,0.0,3,optimal,True,21497950.81870831,0.020987859378760673,0.15945779539114063,21497950.818708308,2199931.634177576,17920658.62521142,25005677.290400703,7085018.665189281,17946055.627292424,23976529.175797902,2193435.778876221,5.848975228369973,4.680493526191715,84.09031717610142,669.7145893360307,0.0
4.0,price_lt,0.2,30.0,0.0,3,optimal,True,23698826.908517573,0.5693099039650197,0.8939026332632126,23698826.90851757,4691341.198089512,16660964.572413674,31497901.107378814,14836936.53496514,16688859.212644314,26234568.164663807,4710207.368275484,5.8332377557028945,4.449444171031615,103.77546541628939,627.488557202906,0.0
8.0,price_lt,0.2,30.0,0.0,3,optimal,True,28900446.160310443,0.594969741556243,0.8757697258214154,28900446.16031044,9025166.377500422,16781305.453513075,44540310.098317556,27759004.64480448,16781305.45351319,31398800.272236116,9081740.868555097,5.6845782805740015,3.6085834768795007,175.72819578095303,471.09498744151693,0.0
16.0,price_lt,0.2,30.0,0.0,3,optimal,True,40525089.18273434,0.6200233627225411,0.8611353485463279,40525089.18273434,16997219.65471568,20524793.830482945,71224295.39326212,50699501.56277917,20524793.830482945,43007138.49045086,17051689.97417762,5.622796738106874,3.5084137875043906,182.0528657896412,470.2427359507252,0.0
