vol_multiplier,shock_type,correlated,subsidy,deviation,run,termination_condition,feasible,objective,avg_h2_production,std_h2_production,avg_scenario_obj,std_scenario_obj,worst_scenario_obj,best_scenario_obj,obj_range,cvar_5pct,avg_revenue,std_revenue,avg_demand_met,min_demand_met,total_entry_booking,total_exit_booking,n_quality_deviations
1.0,price_lt,1.0,45.0,0.0,1,optimal,True,21121703.6076936,1.9069168849437412,0.3515451253939661,21121703.6076936,1812025.5404755548,18383312.61655619,24239216.411442146,5855903.794885956,18383312.616556242,23742983.39158509,1809096.3343309162,5.372530728830252,4.545988568938711,86.73972602739764,300.82257926533146,0.0
2.0,price_lt,1.0,45.0,0.0,1,optimal,True,21916367.144809574,1.8382697549427314,0.4467297129997436,21916367.144809574,3698712.170846254,16336303.730827304,28461734.62480597,12125430.893978665,16336303.742901592,24535210.098806992,3715359.5254351795,5.374297708174891,4.55524653290412,76.73972602739725,599.5259683133308,0.0
4.0,price_lt,1.0,45.0,0.0,1,optimal,True,23681408.875062842,1.2784084994107845,0.6884209680369491,23681408.87506284,7815154.32794704,12253206.325852538,37578814.53841411,25325608.212561578,12254242.650737181,26254676.759705618,7820236.101370018,5.360365862735705,4.506987047614727,76.73972602739725,604.6143708825078,0.0
8.0,price_lt,1.0,45.0,0.0,1,optimal,True,27386741.81268652,1.2425211337468696,0.8273163541044857,27386741.812686518,16254082.529735424,4191610.93148518,56453612.49106615,52262001.55958097,4208804.722103223,29957514.945146736,16261038.211797308,5.35976286116698,4.537472767259902,76.73972602739725,530.4766266128245,0.0
16.0,price_lt,1.0,45.0,0.0,1,optimal,True,36448259.50910746,1.103629326036767,0.7716873228987212,36448259.50910746,31223530.36435708,-585987.5084082377,94193246.20673779,94779233.71514602,-537910.6675259436,38755990.64508305,31532989.41582274,4.712878046280278,1.1129029979694398,464.5771078813741,520.2960125841533,0.0
