vol_multiplier,shock_type,correlated,subsidy,deviation,run,termination_condition,feasible,objective,avg_h2_production,std_h2_production,avg_scenario_obj,std_scenario_obj,worst_scenario_obj,best_scenario_obj,obj_range,cvar_5pct,avg_revenue,std_revenue,avg_demand_met,min_demand_met,total_entry_booking,total_exit_booking,n_quality_deviations
1.0,price_st,0.0,30.0,0.0,1,optimal,True,21351371.19805172,0.0,0.0,21351371.19805172,686431.0851769246,20223607.81738563,22824765.04668501,2601157.2292993814,20240639.46602905,23832567.260693576,682354.9935333056,5.330402661617908,4.494468361848034,74.04415310222596,1081.1389469873425,0.0
2.0,price_st,0.0,30.0,0.0,1,optimal,True,21380704.852020364,1.3183898417423734e-16,1.0464394956852367e-15,21380704.852020368,747000.6791392487,20148165.06689999,23049660.111259006,2901495.044359017,20179790.231911734,23863943.81128999,742533.418070514,5.3306495552200195,4.515085297547136,76.34858017702962,1688.601826919724,0.0
4.0,price_st,0.0,30.0,0.0,1,optimal,True,21515253.83064734,0.037457191780821915,0.2973072427887221,21515253.830647342,892895.8214098961,20054100.123572543,23498408.958397754,3444308.8348252103,20119434.32794547,24005131.03193133,894440.8999131065,5.330950699195495,4.494468361848064,76.73972602739764,2624.6484138509813,0.0
8.0,price_st,0.0,30.0,0.0,1,optimal,True,21921103.86369235,0.21315349011300766,0.6333793365751182,21921103.86369235,1253274.4487674488,19337614.738529492,24401057.42719815,5063442.688668657,19731229.932556167,24431271.37213146,1283937.9656653702,5.334386754348881,4.494468361848035,80.96316911375085,3108.6777622109576,0.0
16.0,price_st,0.0,30.0,0.0,1,optimal,True,22995943.67973985,0.5273195752940496,0.9202832370973684,22995943.67973985,2066072.2121284527,18649382.76515377,27701953.82546151,9052571.060307741,19006390.513696425,25541451.34093928,2117895.060766153,5.33862545147114,4.51673300522549,98.04215419729655,3378.1559256455803,0.0
