vol_multiplier,shock_type,correlated,subsidy,deviation,run,termination_condition,feasible,objective,avg_h2_production,std_h2_production,avg_scenario_obj,std_scenario_obj,worst_scenario_obj,best_scenario_obj,obj_range,cvar_5pct,avg_revenue,std_revenue,avg_demand_met,min_demand_met,total_entry_booking,total_exit_booking,n_quality_deviations
1.0,price_lt,0.0,30.0,0.0,2,optimal,True,20980686.241537847,0.039554258491828954,0.29750890835147353,20980686.241537847,745667.2551998254,19427150.96165491,22070740.414097548,2643589.4524426386,19506340.883422084,23463909.887594238,753314.1990447119,5.5836215251101375,4.637844332562439,76.73972602739725,1086.785981285245,0.0
2.0,price_lt,0.0,30.0,0.0,2,optimal,True,22428923.639350403,0.8647192720115753,1.1316575859547335,22428923.639350403,1453046.880892162,19428383.970769327,24568930.68163483,5140546.710865501,19496319.311265305,25003916.506551296,1531572.2950068074,5.603953204881099,4.638255164957297,76.73972602739762,914.6776599918209,0.0
4.0,price_lt,0.0,30.0,0.0,2,optimal,True,25556834.626363825,1.2259804010029907,1.0000537433836063,25556834.62636383,2918470.501943246,19663535.07346491,29632851.139124602,9969316.06565969,19709854.126700386,28167690.008468777,2994734.6718933145,5.566573667250124,4.6396014913025345,103.29565611008225,826.0697452022458,0.0
8.0,price_lt,0.0,30.0,0.0,2,optimal,True,32709810.433984865,1.7741954870215555,0.8351578107088914,32709810.43398487,5992505.719637201,21075147.1218154,39894030.15456854,18818883.03275314,21136342.920358893,35381358.86779504,6026168.487574917,5.571636242239888,4.606563756166598,98.66895333330638,719.7560472140642,0.0
16.0,price_lt,0.0,30.0,0.0,2,optimal,True,47718392.05489836,1.7431059943354874,0.8398790070108204,47718392.05489837,12381337.739380438,24400352.134874243,61517675.919424936,37117323.7845507,24513540.889548566,50386085.57422187,12418239.822106862,5.566735544165519,4.606563756166583,104.0564863108372,715.112720623279,0.0
