vol_multiplier,shock_type,correlated,subsidy,deviation,run,termination_condition,feasible,objective,avg_h2_production,std_h2_production,avg_scenario_obj,std_scenario_obj,worst_scenario_obj,best_scenario_obj,obj_range,cvar_5pct,avg_revenue,std_revenue,avg_demand_met,min_demand_met,total_entry_booking,total_exit_booking,n_quality_deviations
1.0,price_st,0.4,45.0,0.0,1,optimal,True,21560747.201759826,2.0286528143459135,0.43466800527319405,21560747.201759823,501777.3810825041,20950158.16411571,22419893.21553547,1469735.051419761,20951278.847762357,24193851.949970502,492293.469982529,5.378950566317697,4.563456031211132,75.73972602739725,957.5330413619838,0.0
2.0,price_st,0.4,45.0,0.0,1,optimal,True,21615964.833885536,2.024671749258844,0.3975826408719151,21615964.833885532,445179.98357281904,20992746.28760799,22420441.747097336,1427695.4594893456,21096617.72665808,24245564.0983025,433707.7199695775,5.379012342653876,4.565490647007583,75.73972602739725,814.567447318704,0.0
4.0,price_st,0.4,45.0,0.0,1,optimal,True,21770630.102501355,1.9891008240627124,0.3218807558394963,21770630.102501355,431404.2112332419,21166566.91871202,22567554.022426277,1400987.1037142575,21196473.734329447,24397652.881336257,426932.1605900982,5.378085415489542,4.565645828787015,75.73972602739725,653.3635859966553,0.0
8.0,price_st,0.4,45.0,0.0,1,optimal,True,22118997.39162983,1.7739451458734372,0.6552352795771937,22118997.39162983,526579.717953818,21167871.92646277,22910594.17134489,1742722.2448821217,21167932.53776827,24729409.083230495,545776.946964454,5.3723734911062015,4.548208493330864,75.73972602739725,908.2397734274385,0.0
16.0,price_st,0.4,45.0,0.0,1,optimal,True,23062701.61497893,1.5853620584255952,0.7769300638811614,23062701.61497893,944949.1245262639,21407620.23819569,24509237.954998255,3101617.7168025635,21407620.23819572,25653295.081784647,965306.8276394204,5.331981020574702,4.53327460738488,109.065282124997,741.826177077871,0.0
