vol_multiplier,shock_type,correlated,subsidy,deviation,run,termination_condition,feasible,objective,avg_h2_production,std_h2_production,avg_scenario_obj,std_scenario_obj,worst_scenario_obj,best_scenario_obj,obj_range,cvar_5pct,avg_revenue,std_revenue,avg_demand_met,min_demand_met,total_entry_booking,total_exit_booking,n_quality_deviations
1.0,price_st,0.2,30.0,0.0,2,optimal,True,21827708.365224667,0.2996575342465754,0.7928193141032591,21827708.365224667,1166017.941430435,19975940.54635634,24252300.870198987,4276360.323842648,19975940.54635634,24333309.52537676,1236088.3227215356,5.589244615967194,4.638331077062577,77.65047945718085,570.3810188454986,0.0
2.0,price_st,0.2,30.0,0.0,2,optimal,True,21766438.602044486,0.238495516563679,0.6339669146185901,21766438.602044486,1178347.1307787998,20028327.262865204,24324520.886021767,4296193.623156562,20058847.350313645,24265550.4460992,1235942.0490004702,5.588210931139933,4.638314931801522,76.73972602739725,847.1870114448844,0.0
4.0,price_st,0.2,30.0,0.0,2,optimal,True,21695321.823967826,1.6479873021779667e-17,9.175604971462874e-17,21695321.823967826,1214140.9308209952,20292886.323843226,24485948.445423923,4193062.1215806976,20292886.323843326,24168237.172918804,1210106.7441643632,5.582963682006719,4.638276433918301,74.73972602739725,988.7712298105124,0.0
8.0,price_st,0.2,30.0,0.0,2,optimal,True,21850239.494154517,1.6479873021779667e-17,1.308049369606546e-16,21850239.49415452,1361688.8737983827,20665197.76122738,24839272.313743867,4174074.5525164865,20665197.76122738,24321595.03243363,1360327.0317425712,5.5829295510441765,4.638362587711131,73.73972602739725,600.2063882207409,0.0
16.0,price_st,0.2,30.0,0.0,2,optimal,True,22553835.25298502,0.29965753424657554,0.7928193141032598,22553835.252985023,1585666.9058531143,20655527.956514925,25605376.014158417,4949848.057643492,20655527.956514925,25064666.118260093,1575261.0094626457,5.589434323992547,4.634729604561998,77.07628696706551,557.3501942485816,0.0
