vol_multiplier,shock_type,correlated,subsidy,deviation,run,termination_condition,feasible,objective,avg_h2_production,std_h2_production,avg_scenario_obj,std_scenario_obj,worst_scenario_obj,best_scenario_obj,obj_range,cvar_5pct,avg_revenue,std_revenue,avg_demand_met,min_demand_met,total_entry_booking,total_exit_booking,n_quality_deviations
1.0,price_st,0.8,70.0,0.0,0,optimal,True,21769928.777051583,2.322479022854676,0.11815546749752466,21769928.777051583,1016958.6676478604,20488708.79054321,23557155.588982366,3068446.7984391563,20488708.790543217,24261362.290774193,1019106.1106932096,4.988247730623671,3.604918942178389,75.73972602739725,632.0476808442106,0.0
2.0,price_st,0.8,70.0,0.0,0,optimal,True,21825158.689362098,2.276605224437878,0.20078188786533202,21825158.689362094,1180288.614417829,20135237.3687616,23971207.47717673,3835970.1084151305,20135237.3688374,24317527.980703436,1181780.9336070272,4.987717579864007,3.6049189421577164,78.73972602739725,748.7775563760816,0.0
4.0,price_st,0.8,70.0,0.0,0,optimal,True,21966503.399987895,2.30420675724174,0.11112093253155561,21966503.3999879,1598341.113287725,19429473.546649236,24800472.84789546,5370999.301246222,19429473.546653576,24458823.14887172,1601208.997428585,4.987509788980784,3.6049189421762047,77.73972602739725,709.3218461699361,0.0
8.0,price_st,0.8,70.0,0.0,0,optimal,True,22243007.812406577,2.219395238759307,0.23400207783675023,22243007.812406577,2537912.7217008625,17959141.80618947,26501051.751566064,8541909.945376594,17977924.53200617,24733567.626275394,2541016.474131594,4.986139006964441,3.586027989923078,75.73972602739725,884.5018840053646,0.0
16.0,price_st,0.8,70.0,0.0,0,optimal,True,22876937.35135728,2.1063217808027854,0.3574672259164462,22876937.35135728,4597922.994425586,15269943.355036668,30179018.30978412,14909074.954747453,15269943.355036674,25363074.487600245,4600011.790171512,4.975223534509462,3.5860279899231218,79.90087237576432,933.5756953818386,0.0
