vol_multiplier,shock_type,correlated,subsidy,deviation,run,termination_condition,feasible,objective,avg_h2_production,std_h2_production,avg_scenario_obj,std_scenario_obj,worst_scenario_obj,best_scenario_obj,obj_range,cvar_5pct,avg_revenue,std_revenue,avg_demand_met,min_demand_met,total_entry_booking,total_exit_booking,n_quality_deviations
1.0,price_lt,0.4,45.0,0.0,1,optimal,True,21681544.612265006,2.0509173404878616,0.5208598802292804,21681544.612265006,727527.8410743024,20867760.56642827,23259033.128539216,2391272.5621109456,20928396.85588005,24315162.204359192,726734.0691149205,5.379191052309693,4.565451750843171,75.73972602739725,848.1779238822594,0.0
2.0,price_lt,0.4,45.0,0.0,1,optimal,True,23468553.027171735,2.1323403650972965,0.3354131270642245,23468553.027171735,1629229.970053631,21924352.356301118,27206282.42160495,5281930.065303832,21924352.356301203,26106871.84258242,1631362.9617036334,5.38118350264755,4.565628259151099,75.73972602739725,679.9240700551965,0.0
4.0,price_lt,0.4,45.0,0.0,1,optimal,True,27286311.714956015,1.8851355614967151,0.6139321535582397,27286311.714956015,3389407.805098216,24261713.620516982,35119758.05179489,10858044.431277905,24261713.620516982,29905006.698370706,3400534.589878772,5.375322518937813,4.5656282591511,75.73972602739782,553.1762660695878,0.0
8.0,price_lt,0.4,45.0,0.0,1,optimal,True,35121897.643657,1.6300448347229903,0.8528963857282011,35121897.643657,6766321.312788886,29353455.313372664,50978432.876356825,21624977.56298416,29353455.31337272,37715776.7567144,6793613.154289638,5.32770455059917,4.565645828787015,95.85791966255553,531.957458825609,0.0
16.0,price_lt,0.4,45.0,0.0,1,optimal,True,51182514.23898866,1.6153529008200544,0.8440701670220574,51182514.23898865,13657224.82429296,39377433.165248215,83388884.07387313,44011450.90862492,39377433.165248215,53762187.330776535,13694195.158086162,5.261560578643826,4.565645828787015,116.2471479885069,504.33138767106624,0.0
