vol_multiplier,shock_type,correlated,subsidy,deviation,run,termination_condition,feasible,objective,avg_h2_production,std_h2_production,avg_scenario_obj,std_scenario_obj,worst_scenario_obj,best_scenario_obj,obj_range,cvar_5pct,avg_revenue,std_revenue,avg_demand_met,min_demand_met,total_entry_booking,total_exit_booking,n_quality_deviations
1.0,price_lt,0.8,70.0,0.0,2,optimal,True,21362647.916008282,2.150576391021637,0.2893208096026632,21362647.916008282,1694083.7611571506,19461695.343608055,23818559.543918665,4356864.20031061,19461695.34361114,23845380.129106663,1693036.7695652153,5.636608966432234,4.6738151887507975,77.7397260273976,870.8317994405342,0.0
2.0,price_lt,0.8,70.0,0.0,2,optimal,True,22880863.78383442,2.1265407677431467,0.3378126418352311,22880863.78383442,3646711.3777084574,18673229.232237466,27999161.965649817,9325932.733412351,18676381.684575047,25360506.802786686,3643993.8588340543,5.6364267109592685,4.659467559782088,76.01606627515314,738.9553824545332,0.0
4.0,price_lt,0.8,70.0,0.0,2,optimal,True,26083662.68881137,2.0153104833608673,0.44601540947973184,26083662.68881137,7476085.022640704,17497771.221039798,36384435.807766855,18886664.586727057,17497771.221039798,28560874.92085947,7474193.079272237,5.618746798681801,4.6588366592658605,90.30453260377426,711.9120984967556,0.0
8.0,price_lt,0.8,70.0,0.0,2,optimal,True,33063662.31046616,1.8223597329781556,0.5954841971625353,33063662.310466155,14614319.7583294,16782786.717372254,53202706.72087732,36419920.003505066,16782786.717372254,35528096.02189012,14618386.055511475,5.535839304931451,4.615567937333731,94.23819145896934,488.98178255480275,0.0
16.0,price_lt,0.8,70.0,0.0,2,optimal,True,47935445.02495827,1.9115492483638432,0.6580785528726137,47935445.024958275,28279155.783653654,16083187.709559433,86860919.58945985,70777731.87990043,16083187.70956912,50397624.22790692,28280722.62560596,5.519767720934914,4.615567937333733,92.35100213843913,546.0102144622093,0.0
