vol_multiplier,shock_type,correlated,subsidy,deviation,run,termination_condition,feasible,objective,avg_h2_production,std_h2_production,avg_scenario_obj,std_scenario_obj,worst_scenario_obj,best_scenario_obj,obj_range,cvar_5pct,avg_revenue,std_revenue,avg_demand_met,min_demand_met,total_entry_booking,total_exit_booking,n_quality_deviations
1.0,price_st,0.4,0.0,0.0,2,optimal,True,21828826.459966548,0.0,0.0,21828826.459966548,1157201.2505977813,19963477.353788342,24252865.149884406,4289387.796096064,19963477.353788357,24300812.05547033,1155473.097913541,5.582697900355288,4.6383604729934,75.5676836908378,783.8136585649737,0.0
2.0,price_st,0.4,0.0,0.0,2,optimal,True,21784343.333553813,0.0,0.0,21784343.333553817,1182096.6516637262,20048735.155044384,24329115.255613923,4280380.100569539,20048735.155044384,24254557.30216804,1179174.7575940313,5.583064086242308,4.638098390835102,73.73972602739725,688.7955668376513,0.0
4.0,price_st,0.4,0.0,0.0,2,optimal,True,21726901.240440883,0.0,0.0,21726901.24044088,1273299.471597844,20239420.598583385,24493038.526955135,4253617.92837175,20239420.598583385,24198958.960135512,1271346.381220718,5.582928070816444,4.638331077062577,74.73972602739725,720.5000002970287,0.0
8.0,price_st,0.4,0.0,0.0,2,optimal,True,21855364.972550634,0.0,0.0,21855364.97255063,1506715.1907653292,20232360.139306955,24851139.743931968,4618779.604625013,20232360.13930914,24329409.78622239,1505717.8849380263,5.5829485309685865,4.638306669725445,73.73972602736195,719.132412510534,0.0
16.0,price_st,0.4,0.0,0.0,2,optimal,True,22524752.575919673,0.0,0.0,22524752.575919673,1982882.4447567782,19788909.50156054,25616017.387507983,5827107.885947444,19788909.501560554,25001002.099361055,1985410.258079073,5.5824632092548185,4.634729604562,75.07628696706588,507.5329025583458,0.0
