vol_multiplier,shock_type,correlated,subsidy,deviation,run,termination_condition,feasible,objective,avg_h2_production,std_h2_production,avg_scenario_obj,std_scenario_obj,worst_scenario_obj,best_scenario_obj,obj_range,cvar_5pct,avg_revenue,std_revenue,avg_demand_met,min_demand_met,total_entry_booking,total_exit_booking,n_quality_deviations
1.0,price_st,0.0,45.0,0.0,3,optimal,True,21527161.03795905,1.9262749986539147,0.4961798836843891,21527161.037959054,932546.3422802812,19643281.815420058,23136216.754119452,3492934.9386993945,19687240.89296883,24149163.03591457,941800.5233599299,5.896240857021461,4.767161987590893,80.64693127350206,919.2729431191522,0.0
2.0,price_st,0.0,45.0,0.0,3,optimal,True,21552223.807554044,1.858908769137397,0.561709408311492,21552223.807554044,990228.3197815411,19424724.36485239,23477759.136672612,4053034.771820221,19556515.969492376,24169252.68571695,998744.026559405,5.898385773056674,4.7671619875908915,75.91840111575249,1358.3204806818521,0.0
4.0,price_st,0.0,45.0,0.0,3,optimal,True,21659363.76089014,1.880439046928732,0.5893433848165677,21659363.76089014,1163538.599008942,19050472.169311803,24220530.449477416,5170058.280165613,19269965.96037151,24280480.216541596,1171774.4533941068,5.898490881487601,4.767161987590893,76.0205011662418,2117.5863471011376,0.0
8.0,price_st,0.0,45.0,0.0,3,optimal,True,21976254.119197473,1.7250998934669513,0.6956658453963134,21976254.119197473,1594199.430598766,18571567.67971508,25918465.504288726,7346897.824573647,18852818.441614266,24587473.694535643,1605933.8382954532,5.893427824999536,4.76473864524291,80.29261584300696,2997.817306796793,0.0
16.0,price_st,0.0,45.0,0.0,3,optimal,True,22899481.224020477,1.6887185884675113,0.7730011491869979,22899481.224020474,2536962.758324395,17581375.97796019,29160976.657908343,11579600.679948151,18031921.84161307,25509696.204951677,2546455.1859748466,5.88916800544053,4.760568834479536,89.95233076889001,3451.2275851970876,0.0
