vol_multiplier,shock_type,correlated,subsidy,deviation,run,termination_condition,feasible,objective,avg_h2_production,std_h2_production,avg_scenario_obj,std_scenario_obj,worst_scenario_obj,best_scenario_obj,obj_range,cvar_5pct,avg_revenue,std_revenue,avg_demand_met,min_demand_met,total_entry_booking,total_exit_booking,n_quality_deviations
1.0,price_lt,0.8,0.0,0.0,0,optimal,True,21055858.851508535,1.6788701327174113e-13,1.3325618564232824e-12,21055858.851508535,2669905.0493812445,17341084.373673715,25665332.62891892,8324248.255245205,17341084.37367375,23535458.00430055,2671345.8569992916,4.93741308907229,3.566677817529703,73.73972602739725,560.0700109003061,0.0
2.0,price_lt,0.8,0.0,0.0,0,optimal,True,22337768.52523509,0.0,0.0,22337768.525235094,5443472.581823038,14591397.29269659,31876989.85853024,17285592.56583365,14599121.66435079,24816565.657860663,5443302.777788283,4.936082571908873,3.566534944564195,75.02744147975042,719.6881418911403,0.0
4.0,price_lt,0.8,0.0,0.0,0,optimal,True,25029122.894546993,0.059332517374040494,0.16930944375931758,25029122.894546993,11025963.914437251,9304846.431772403,44312945.46448746,35008099.03271506,9304846.431772405,27516247.556357726,11049102.323833527,4.927430415902666,3.5663762278221665,77.80880642015025,632.9185156659821,0.0
8.0,price_lt,0.8,0.0,0.0,0,optimal,True,30956373.296954527,0.2790906206272404,0.6132823781867713,30956373.296954527,21754734.883117605,664508.1463102147,69439658.10967603,68775149.96336582,664508.1463102147,33351432.862185773,22017852.993403364,4.739132129197696,2.7789992135576047,229.3065157705703,519.1523389366453,0.0
16.0,price_lt,0.8,0.0,0.0,0,optimal,True,45905476.76550764,0.7872616543077604,1.0321851372403084,45905476.76550763,39924168.119885445,-619112.6341160147,119809445.32762547,120428557.96174148,-619112.6341160147,48185932.16807445,40464287.33595427,4.271528597979296,1.1441973620417485,387.6011994802058,462.16171508428744,0.0
