vol_multiplier,shock_type,correlated,subsidy,deviation,run,termination_condition,feasible,objective,avg_h2_production,std_h2_production,avg_scenario_obj,std_scenario_obj,worst_scenario_obj,best_scenario_obj,obj_range,cvar_5pct,avg_revenue,std_revenue,avg_demand_met,min_demand_met,total_entry_booking,total_exit_booking,n_quality_deviations
1.0,price_lt,0.8,30.0,0.0,2,optimal,True,21148143.42225648,-4.520282321836827e-11,1.8903565742765901e-10,21148143.422256485,1702703.0500594457,19317535.849313267,23639405.68586254,4321869.836549275,19342297.78825605,23621046.559354983,1701632.7197089838,5.583027342327071,4.6377964202068656,82.35047497428056,761.107052815492,0.0
2.0,price_lt,0.8,30.0,0.0,2,optimal,True,22689809.919631504,0.6744742436869018,0.8419524905673171,22689809.9196315,3626327.521704996,18588368.809535597,27776642.70397253,9188273.894436933,18588368.851244777,25238564.080439452,3701781.2415877553,5.599829726804106,4.638357446503316,76.73972602739725,509.0471957417264,0.0
4.0,price_lt,0.8,30.0,0.0,2,optimal,True,25896830.468256075,0.9321814603759464,0.9727092327557548,25896830.46825608,7449388.87292724,17434132.642532147,36162401.61735345,18728268.9748213,17434132.642532147,28473841.13277181,7553259.211907199,5.595489599172579,4.637807768335181,82.48390391832703,673.9761092322474,0.0
8.0,price_lt,0.8,30.0,0.0,2,optimal,True,32878128.540132634,1.0715364270429961,0.9333065678791991,32878128.54013263,14594326.394710926,16635606.750988603,52974868.84264853,36339262.091659926,16635606.75098864,35460777.12441328,14657240.89069058,5.523278979501266,4.602060267698823,96.86392242985966,621.3674203621017,0.0
16.0,price_lt,0.8,30.0,0.0,2,optimal,True,47722882.04625461,1.1187387610428987,0.995977108453077,47722882.04625462,28291670.274777025,15972687.613752369,86610933.31663746,70638245.70288509,15972687.61375237,50307552.259303406,28357616.27823882,5.508880278265734,4.602060267698823,96.307977033225,531.3896221633685,0.0
