vol_multiplier,shock_type,correlated,subsidy,deviation,run,termination_condition,feasible,objective,avg_h2_production,std_h2_production,avg_scenario_obj,std_scenario_obj,worst_scenario_obj,best_scenario_obj,obj_range,cvar_5pct,avg_revenue,std_revenue,avg_demand_met,min_demand_met,total_entry_booking,total_exit_booking,n_quality_deviations
1.0,price_lt,0.4,0.0,0.0,0,optimal,True,21505363.474415816,0.0,0.0,21505363.474415816,1722238.3792510235,18982739.763877533,24727307.19123315,5744567.427355617,18982739.763877533,23985173.114248976,1723507.2447113933,4.937366054430868,3.566677817529723,74.73972602739725,761.6632199805185,0.0
2.0,price_lt,0.4,0.0,0.0,0,optimal,True,23303238.595107418,0.016621691867342556,0.04717504358971399,23303238.595107418,3591165.8337501893,17817911.04290708,29998248.13597543,12180337.09306835,17817911.042911317,25781910.811734956,3599623.2442531195,4.927176322403994,3.5477883216674813,80.32475807519575,664.8991584428979,0.0
4.0,price_lt,0.4,0.0,0.0,0,optimal,True,27015238.531487558,0.01894440757755234,0.05000136225900314,27015238.531487554,7288610.869830359,15850873.99198776,40552476.31908308,24701602.327095322,15850873.991988124,29493386.81880284,7297186.300716572,4.921362714224409,3.547788321668726,87.31848601849835,624.8582357141216,0.0
8.0,price_lt,0.4,0.0,0.0,0,optimal,True,34799535.66425255,0.10178329153179477,0.1888344354669987,34799535.66425254,14502349.88196883,12854722.164640466,61692961.71454328,48838239.54990282,12854722.164640466,37292202.237468526,14533764.881986473,4.913916005631945,3.5663762278221323,80.58800255474254,477.167765691615,0.0
16.0,price_lt,0.4,0.0,0.0,0,optimal,True,51434263.5935131,0.5650544339886556,0.9048260729280637,51434263.593513094,28587777.331776224,8122525.207666599,104151407.47140443,96028882.26373783,8122525.207666599,53978459.598745175,28737852.253441952,4.8250593939841195,3.5427408863650016,137.32146101974237,507.6267787110082,0.0
