vol_multiplier,shock_type,correlated,subsidy,deviation,run,termination_condition,feasible,objective,avg_h2_production,std_h2_production,avg_scenario_obj,std_scenario_obj,worst_scenario_obj,best_scenario_obj,obj_range,cvar_5pct,avg_revenue,std_revenue,avg_demand_met,min_demand_met,total_entry_booking,total_exit_booking,n_quality_deviations
1.0,price_lt,0.0,70.0,0.0,2,optimal,True,21220185.852177236,2.3212817082497894,0.15743230192037153,21220185.852177236,751167.904609693,19659014.447027277,22332850.624998037,2673836.1779707596,19738628.988450132,23710344.25252398,753142.4750603412,5.640819816636924,4.680565103559063,75.73972602739725,1007.1652400155666,0.0
2.0,price_lt,0.0,70.0,0.0,2,optimal,True,22652960.78749916,2.302040738934174,0.14586116687505546,22652960.78749916,1463360.817598582,19667716.997357503,24835372.57856519,5167655.581207689,19736090.36322402,25139261.63503395,1463140.2909443197,5.637505031273546,4.680807648875508,85.08059285076254,939.9351760285252,0.0
4.0,price_lt,0.0,70.0,0.0,2,optimal,True,25790696.278336983,2.207868055063683,0.28427639854206965,25790696.27833698,2942968.397058171,19920225.876600698,29899426.481590398,9979200.6049897,19958539.30098887,28268753.446531624,2938867.670292952,5.59098514276536,4.676676268053834,102.20274680588956,712.7280987802427,0.0
8.0,price_lt,0.0,70.0,0.0,2,optimal,True,32913488.986501504,2.1654547240729474,0.3368383658364032,32913488.9865015,6007310.957410358,21341575.159260612,40160607.03883245,18819031.879571836,21363458.69345831,35390046.518198535,6000823.710471294,5.581145755491233,4.606563756166619,102.29620393732404,842.531359454998,0.0
16.0,price_lt,0.0,70.0,0.0,2,optimal,True,47948555.694615476,2.004504109715675,0.647148259385536,47948555.694615476,12418666.526971245,24636155.044680174,61784252.80368858,37148097.75900841,24695365.542433515,50423287.54415164,12412649.669607578,5.573269119458706,4.606563756166598,103.00773548264849,722.8537634713854,0.0
