vol_multiplier,shock_type,correlated,subsidy,deviation,run,termination_condition,feasible,objective,avg_h2_production,std_h2_production,avg_scenario_obj,std_scenario_obj,worst_scenario_obj,best_scenario_obj,obj_range,cvar_5pct,avg_revenue,std_revenue,avg_demand_met,min_demand_met,total_entry_booking,total_exit_booking,n_quality_deviations
1.0,price_st,0.4,30.0,0.0,1,optimal,True,21516033.066874016,0.3724301602089803,0.8251990180488494,21516033.066874012,497419.8503542802,20872758.305511806,22320618.9064471,1447860.6009352952,20876039.30317762,24042102.804205947,559798.3435906923,5.339027916291429,4.565296166185543,76.73972602739755,707.6572422020781,0.0
2.0,price_st,0.4,30.0,0.0,1,optimal,True,21581864.08693924,0.35057825337257464,0.7849811131477034,21581864.08693924,448551.3698079424,21072656.876184642,22322290.547194924,1249633.671010282,21072656.87618905,24101798.645564467,508245.53770404705,5.338469250856425,4.565529543171894,76.73972602739725,590.6760376420991,0.0
4.0,price_st,0.4,30.0,0.0,1,optimal,True,21716177.088191044,0.37025572381688954,0.8048543393499888,21716177.08819104,418787.8808553265,21235119.98790322,22467589.120786726,1232469.1328835078,21251661.37025482,24240688.942471616,481592.35295253096,5.339046354619876,4.565645828787011,76.73972602739725,793.5659319260858,0.0
8.0,price_st,0.4,30.0,0.0,1,optimal,True,22069216.430432018,0.34773154822798147,0.8117658281229283,22069216.43043202,522259.45452485414,21048114.1880617,22818726.50506359,1770612.3170018904,21094191.191313297,24588696.189009108,552152.6212232513,5.3396370102825585,4.517113296423277,76.73972602739725,720.1580013665263,0.0
16.0,price_st,0.4,30.0,0.0,1,optimal,True,23011863.68356113,0.599315068493151,1.0380441483717588,23011863.683561128,970850.2303182016,21399508.50660958,24411585.976388343,3012077.4697787613,21402585.866516937,25553469.612736017,1028263.5995183574,5.303605608111569,4.517657932213295,118.10559042103314,719.9804780465737,0.0
