vol_multiplier,shock_type,correlated,subsidy,deviation,run,termination_condition,feasible,objective,avg_h2_production,std_h2_production,avg_scenario_obj,std_scenario_obj,worst_scenario_obj,best_scenario_obj,obj_range,cvar_5pct,avg_revenue,std_revenue,avg_demand_met,min_demand_met,total_entry_booking,total_exit_booking,n_quality_deviations
1.0,price_st,0.0,0.0,0.0,0,optimal,True,20858086.031742025,0.00987995670610875,0.038264907784009476,20858086.03174203,1168178.2967235704,19386701.42244559,23543414.99171828,4156713.5692726895,19426128.285276514,23341563.85819228,1170153.2748852582,4.934735608555597,3.5427408863481036,78.76367164133426,1193.4371042740045,0.0
2.0,price_st,0.0,0.0,0.0,0,optimal,True,20885205.852623962,0.0024699891757464275,0.019604931300139374,20885205.852623962,1177084.6495890885,19308690.074135505,23854345.868735194,4545655.79459969,19361486.01665387,23367905.302092876,1179647.8980035468,4.935088858994796,3.542740886364991,80.05717839825485,1612.1560876588037,0.0
4.0,price_st,0.0,0.0,0.0,0,optimal,True,20997486.2811942,0.0,0.0,20997486.281194203,1227365.0956987685,19101641.65250141,24473795.94103237,5372154.288530957,19312163.469738726,23482548.850917272,1229610.5926984786,4.935769380426155,3.542740886364991,79.67281001146243,2196.8802041584377,0.0
8.0,price_st,0.0,0.0,0.0,0,optimal,True,21269244.089684363,0.00099082946762648,0.007864465089042571,21269244.089684363,1489657.8330411369,18706465.400758166,25716308.56827081,7009843.167512644,19089175.898256913,23755189.026206434,1490760.9551607678,4.93549497052757,3.542740886364961,82.03303312563924,2860.642640859878,0.0
16.0,price_st,0.0,0.0,0.0,0,optimal,True,22053100.620731104,0.002719337644585595,0.015705163166476212,22053100.620731108,2191410.3990392447,18176416.59841559,28081252.3785036,9904835.780088007,18515490.62277251,24541249.214635313,2192357.216019021,4.934155370491018,3.5427408863650047,86.5545016741106,3317.8298408106048,0.0
