vol_multiplier,shock_type,correlated,subsidy,deviation,run,termination_condition,feasible,objective,avg_h2_production,std_h2_production,avg_scenario_obj,std_scenario_obj,worst_scenario_obj,best_scenario_obj,obj_range,cvar_5pct,avg_revenue,std_revenue,avg_demand_met,min_demand_met,total_entry_booking,total_exit_booking,n_quality_deviations
1.0,price_lt,0.6,0.0,0.0,3,optimal,True,20179849.414018016,0.0,0.0,20179849.414018016,1860104.264943715,16986259.3031825,22219950.838246334,5233691.535063833,16986259.3031825,22654269.10926476,1856638.2113415883,5.8503352817893095,4.717680872037334,73.73972602739725,623.8186575741812,0.0
2.0,price_lt,0.6,0.0,0.0,3,optimal,True,20733833.694071498,0.0,0.0,20733833.6940715,3869022.89145856,14380596.427927602,25027340.43425523,10646744.00632763,14380596.427938139,23209808.290782098,3866668.220472446,5.849940695490952,4.717552205998027,79.09629874281184,746.3478202936253,0.0
4.0,price_lt,0.6,0.0,0.0,3,optimal,True,22256069.189283308,0.0,0.0,22256069.18928331,7874589.994118985,10047191.026905473,31536297.368096266,21489106.341190793,10047191.026905546,24724178.446389858,7875992.1585341105,5.816086454700731,4.447474707981939,98.64632750538944,503.0647133194826,0.0
8.0,price_lt,0.6,0.0,0.0,3,optimal,True,26464920.79364058,0.0,0.0,26464920.79364058,14449803.095204726,5003408.897874293,44572598.580767125,39569189.68289283,5003408.897874293,28878272.6674767,14511472.653201735,5.618000029357363,3.5245734346350934,179.00757408040795,539.368252650956,0.0
16.0,price_lt,0.6,0.0,0.0,3,optimal,True,36664869.9572646,0.5052830825723955,0.8951541979493763,36664869.9572646,25790104.408858467,-532702.2973212086,70969273.05503291,71501975.35235412,-491569.5705550602,38872213.33500633,26351616.761198815,4.912997060926354,1.1194202797119204,387.38791850409456,439.11574387354244,0.0
