vol_multiplier,shock_type,correlated,subsidy,deviation,run,termination_condition,feasible,objective,avg_h2_production,std_h2_production,avg_scenario_obj,std_scenario_obj,worst_scenario_obj,best_scenario_obj,obj_range,cvar_5pct,avg_revenue,std_revenue,avg_demand_met,min_demand_met,total_entry_booking,total_exit_booking,n_quality_deviations
1.0,price_st,0.0,70.0,0.0,0,optimal,True,21061274.230634782,2.169383832029247,0.3163327449617777,21061274.23063478,1173366.2912322446,19517671.19234625,23724995.556705132,4207324.364358883,19552898.191843178,23553095.462009717,1174783.4251609333,4.984183456620524,3.580980554619411,79.97788725668683,1314.759884133552,0.0
2.0,price_st,0.0,70.0,0.0,0,optimal,True,21094135.930341087,2.208215613088225,0.3079446718380253,21094135.930341087,1185257.9009066988,19468366.22962453,24035841.21571076,4567474.986086231,19510486.354981083,23586864.722117223,1187187.420000687,4.984976028613401,3.586027989923123,82.67489894805176,1791.3274419227844,0.0
4.0,price_st,0.0,70.0,0.0,0,optimal,True,21196089.19124852,2.207305182342654,0.28835216129051605,21196089.19124852,1238290.1634810152,19231948.816870876,24676441.51136385,5444492.694492973,19462451.18903093,23690930.445447274,1240402.718114109,4.984760505547786,3.580980554618119,81.50022839374301,2207.2647378653974,0.0
8.0,price_st,0.0,70.0,0.0,0,optimal,True,21470850.973701447,2.222398604885096,0.30927510218684984,21470850.97370145,1502647.3258600454,18857772.047884252,25923773.972141866,7066001.924257614,19248589.98877098,23967097.93166469,1503692.2833557248,4.984092453533872,3.580980554619537,84.7443332267505,2858.2278710036353,0.0
16.0,price_st,0.0,70.0,0.0,0,optimal,True,22258518.56216075,2.2117350464959515,0.27879556061753497,22258518.56216075,2216493.3526747506,18332348.12773495,28423299.411004443,10090951.283269491,18648164.092824556,24755618.773231883,2218112.7503623106,4.9829057088104225,3.580980554619389,85.6323979840652,3464.8092023716595,0.0
