vol_multiplier,shock_type,correlated,subsidy,deviation,run,termination_condition,feasible,objective,avg_h2_production,std_h2_production,avg_scenario_obj,std_scenario_obj,worst_scenario_obj,best_scenario_obj,obj_range,cvar_5pct,avg_revenue,std_revenue,avg_demand_met,min_demand_met,total_entry_booking,total_exit_booking,n_quality_deviations
1.0,price_st,1.0,0.0,0.0,3,optimal,True,20522500.58926462,0.0,0.0,20522500.589264624,825224.8938779632,19183404.583052274,21860755.337027863,2677350.753975589,19183404.583052296,22998455.71831074,820721.4433773529,5.850840855672408,4.71768087203736,73.73972602739765,587.9026398475594,0.0
2.0,price_st,1.0,0.0,0.0,3,optimal,True,20478500.565952286,0.0,0.0,20478500.565952282,961918.602332906,18988765.582017936,21978952.349084225,2990186.7670662887,18988765.582019776,22955805.78169164,958324.6560099357,5.850840518200654,4.717680872036639,74.73972602739725,716.2791614146228,0.0
4.0,price_st,1.0,0.0,0.0,3,optimal,True,20390823.017118905,0.0,0.0,20390823.017118905,1352604.953207574,18339983.116803758,22212648.17025507,3872665.053451311,18339983.116803825,22868958.514868572,1350438.0808288378,5.850847527771672,4.71765477148523,74.73972602739836,807.1670371262051,0.0
8.0,price_st,1.0,0.0,0.0,3,optimal,True,20216454.273153283,0.0,0.0,20216454.273153283,2341237.4933764045,16282841.708435943,22681134.390731595,6398292.682295652,16282841.708435943,22693319.295996703,2339945.009708761,5.8508466177427465,4.717680872037334,73.73972602739725,738.4127352996469,0.0
16.0,price_st,1.0,0.0,0.0,3,optimal,True,19872530.42189707,0.0,0.0,19872530.42189707,4480199.519305664,12168600.69127322,24815255.171248473,12646654.479975253,12168600.69127322,22349668.55142607,4480093.479702901,5.85081338975629,4.7176547714852255,73.73972602739725,793.6762835585859,0.0
