vol_multiplier,shock_type,correlated,subsidy,deviation,run,termination_condition,feasible,objective,avg_h2_production,std_h2_production,avg_scenario_obj,std_scenario_obj,worst_scenario_obj,best_scenario_obj,obj_range,cvar_5pct,avg_revenue,std_revenue,avg_demand_met,min_demand_met,total_entry_booking,total_exit_booking,n_quality_deviations
1.0,price_lt,0.0,0.0,0.0,1,optimal,True,21343346.8274632,0.0,0.0,21343346.827463195,684678.0854016417,20223584.832977347,22824994.931565214,2601410.098587867,20240616.481620792,23824180.609373078,680612.5874990419,5.329283779190586,4.487864901277915,78.32946095023071,1093.7561254781806,0.0
2.0,price_lt,0.0,0.0,0.0,1,optimal,True,22943223.24736853,0.0,0.0,22943223.24736853,1416527.7325042984,20576221.435981654,26132969.122615907,5556747.686634254,20592377.03589266,25419279.20245901,1411450.1205749437,5.329174605581957,4.489300861704238,77.15423668113131,930.4730343874609,0.0
4.0,price_lt,0.0,0.0,0.0,1,optimal,True,26343877.405554913,0.0,0.0,26343877.405554913,2940713.527622845,21378655.764859673,32746340.70423902,11367684.939379346,21421161.436913967,28816792.796316255,2935508.6257927865,5.324498631386025,4.488683059091966,83.19179527692157,874.0435106144279,0.0
8.0,price_lt,0.0,0.0,0.0,1,optimal,True,33519055.999782495,0.0,0.0,33519055.999782495,5984704.004358999,23531296.221051347,46404108.48837149,22872812.267320145,23579877.15243438,35988948.14241566,5979735.212258846,5.315725739436105,4.488683059091967,80.53312106706609,547.1082702684631,0.0
16.0,price_lt,0.0,0.0,0.0,1,optimal,True,48645195.757994644,0.5581750021957127,0.7416959401015576,48645195.757994644,12512271.53080385,29782460.27949603,76582580.60539815,46800120.32590212,29853075.482783932,51224198.72843765,12627776.224676656,5.31787495497139,4.508717083462265,91.8384557120673,592.564838471496,0.0
