vol_multiplier,shock_type,correlated,subsidy,deviation,run,termination_condition,feasible,objective,avg_h2_production,std_h2_production,avg_scenario_obj,std_scenario_obj,worst_scenario_obj,best_scenario_obj,obj_range,cvar_5pct,avg_revenue,std_revenue,avg_demand_met,min_demand_met,total_entry_booking,total_exit_booking,n_quality_deviations
1.0,price_lt,1.0,0.0,0.0,3,optimal,True,19940390.243590076,0.0025186944755247204,0.011357422441196235,19940390.24359007,2879407.28080892,15134681.956864813,23891470.840643343,8756788.88377853,15134681.956864825,22420413.30329139,2879677.9445298375,5.84511097514702,4.717767257482241,94.77784158549935,336.4600023708784,0.0
2.0,price_lt,1.0,0.0,0.0,3,optimal,True,19534214.634106264,0.0,0.0,19534214.634106264,5763644.031382797,9798283.882005766,27130364.715312425,17332080.83330666,9800622.369608266,22016449.322258487,5763949.568256091,5.851047445423488,4.717767257481297,74.73972602739725,457.0107691890521,0.0
4.0,price_lt,1.0,0.0,0.0,3,optimal,True,18926084.001908697,0.0,0.0,18926084.001908697,11449902.427962199,128794.46515811703,34383353.49801583,34254559.03285771,128794.46515811705,21239479.224990025,11725816.193725524,5.582270954516456,3.1151999268753348,258.70419809054766,816.728973350509,0.0
8.0,price_lt,1.0,0.0,0.0,3,optimal,True,21927357.212425437,0.12512326250762956,0.331045037262592,21927357.212425433,18204992.783591427,-477511.41319651454,49896575.122661665,50374086.53585818,-477511.4131964622,23922416.232198663,18871356.720141824,4.633850177061515,1.1236619951255875,388.02473574898465,567.8759555236611,0.0
16.0,price_lt,1.0,0.0,0.0,3,optimal,True,31108012.00799029,0.363226441936897,0.47250813699618804,31108012.00799029,29537626.258435715,-547804.4133220249,81056360.7010968,81604165.11441883,-542084.7419903977,32902653.164368078,30420771.230757203,4.2139666510872935,1.1044353307895431,368.29106853039144,528.9832791552783,0.0
