vol_multiplier,shock_type,correlated,subsidy,deviation,run,termination_condition,feasible,objective,avg_h2_production,std_h2_production,avg_scenario_obj,std_scenario_obj,worst_scenario_obj,best_scenario_obj,obj_range,cvar_5pct,avg_revenue,std_revenue,avg_demand_met,min_demand_met,total_entry_booking,total_exit_booking,n_quality_deviations
1.0,price_st,0.0,70.0,0.0,3,optimal,True,21677039.245537553,2.084824236883851,0.446150894580852,21677039.245537553,937598.0312311021,19809975.23902501,23302868.046761274,3492892.8077362627,19864823.607842766,24165908.01853879,937486.821321414,5.904692808412035,4.767161987590891,75.81630106526376,984.5288612631548,0.0
2.0,price_st,0.0,70.0,0.0,3,optimal,True,21707812.819810938,2.1136153786930474,0.40693210358948395,21707812.81981094,996552.4006192049,19591333.953892365,23644368.725713685,4053034.77182132,19723125.558533177,24197531.987983905,995532.4469204294,5.9055172175288275,4.767161987590893,75.91840111575286,1345.0414871601454,0.0
4.0,price_st,0.0,70.0,0.0,3,optimal,True,21794360.017715786,2.1381921009373137,0.4079557423956529,21794360.01771579,1169912.9437272046,19217102.82953688,24386484.62405676,5169381.794519879,19424805.893398453,24285125.70498167,1169091.8818389575,5.905829578077606,4.767161987590891,75.94392612837517,2178.4811953528215,0.0
8.0,price_st,0.0,70.0,0.0,3,optimal,True,22125514.33335716,2.127495444700367,0.39809245275341343,22125514.33335716,1598032.373556663,18734495.836075705,26085129.770689473,7350633.934613768,18996630.51536098,24619367.08686896,1595897.3703619528,5.904369635713591,4.767161987590893,76.09707620410809,2931.2778029427245,0.0
16.0,price_st,0.0,70.0,0.0,3,optimal,True,23038388.147463404,2.0877786191750474,0.4061987720214065,23038388.1474634,2542942.806687895,17792088.341150437,29327470.345403537,11535382.0042531,18217767.641324632,25532675.98426406,2541484.9093863135,5.8969327783265,4.760568834479535,108.20095670069253,3468.282094127347,0.0
