vol_multiplier,shock_type,correlated,subsidy,deviation,run,termination_condition,feasible,objective,avg_h2_production,std_h2_production,avg_scenario_obj,std_scenario_obj,worst_scenario_obj,best_scenario_obj,obj_range,cvar_5pct,avg_revenue,std_revenue,avg_demand_met,min_demand_met,total_entry_booking,total_exit_booking,n_quality_deviations
1.0,price_lt,1.0,30.0,0.0,2,optimal,True,20538343.83232056,4.440892098500626e-16,3.524848827571324e-15,20538343.832320563,1988501.5359866065,17582668.328960203,23303811.6056936,5721143.276733398,17582668.328960203,23018830.79528216,1988488.0373228386,5.582922216997039,4.637750384033828,74.73972602739725,187.9814452378687,0.0
2.0,price_lt,1.0,30.0,0.0,2,optimal,True,20721717.435567986,0.23868920069036015,0.5470225429359334,20721717.435567982,3994050.7830688036,14989795.07756344,26233034.502652895,11243239.425089454,14990314.75339667,23230633.97740186,4031835.08207447,5.585684529181049,4.637721873368002,78.73972602739725,417.56057894271544,0.0
4.0,price_lt,1.0,30.0,0.0,2,optimal,True,21294971.88772351,0.6855774348631629,0.8880849909397658,21294971.887723513,8227959.7250764845,9884537.434016192,32712700.986301124,22828163.552284934,9884537.434016278,23856763.758961976,8317086.81168512,5.601528004695165,4.637454528256801,75.73972602739767,579.0137473451573,0.0
8.0,price_lt,1.0,30.0,0.0,2,optimal,True,22927717.176935468,0.37665483737672706,0.4865582905951493,22927717.176935468,16960805.480007418,401040.8230125302,46652579.23752328,46251538.41451075,401161.91328436736,25310805.780727353,17188474.30862582,5.379348943568619,3.916602400938673,205.31562926719238,447.5893130423783,0.0
16.0,price_lt,1.0,30.0,0.0,2,optimal,True,30020182.720901683,0.4174358813753353,0.4728937231741991,30020182.720901687,30339135.632168826,-585417.724925014,74742228.12684195,75327645.85176696,-547572.3595887016,31802061.176890325,31137101.07279277,4.021259586066462,1.084427291353389,351.4815622400746,488.32721064484053,0.0
