vol_multiplier,shock_type,correlated,subsidy,deviation,run,termination_condition,feasible,objective,avg_h2_production,std_h2_production,avg_scenario_obj,std_scenario_obj,worst_scenario_obj,best_scenario_obj,obj_range,cvar_5pct,avg_revenue,std_revenue,avg_demand_met,min_demand_met,total_entry_booking,total_exit_booking,n_quality_deviations
1.0,price_lt,0.0,45.0,0.0,0,optimal,True,20918377.47978077,1.9554159627854624,0.5332922206376576,20918377.47978077,1164913.3486495423,19433350.427198768,23592690.17994865,4159339.7527498826,19472136.323226728,23544453.88606984,1163182.3419125532,4.979770668114827,3.586027989923107,77.01244583699803,1227.1137468188113,0.0
2.0,price_lt,0.0,45.0,0.0,0,optimal,True,21882852.580925632,1.822349587713512,0.7411983765056601,21882852.580925632,2387927.979625308,18600953.175873414,27010483.927593917,8409530.751720503,18654531.69322114,24497447.091727726,2404670.7984095425,4.973728188017054,3.580980554619389,81.06409890797828,754.0795524197202,0.0
4.0,price_lt,0.0,45.0,0.0,0,optimal,True,23952328.113917388,1.6640636843705983,0.8757564651562575,23952328.113917388,4773343.899905952,17374601.091487907,33843691.87457831,16469090.783090405,17390342.732736558,26551935.842326555,4798426.108718269,4.953973870547424,3.5809805546193894,84.97013349201234,605.5426090550047,0.0
8.0,price_lt,0.0,45.0,0.0,0,optimal,True,28462623.598387964,1.6432082470822902,0.9300070418735971,28462623.598387964,9336062.774828665,15571032.199167144,47541656.74903086,31970624.549863715,15573235.603702858,31055972.63240491,9371354.471984318,4.931125059708997,3.5809805546193885,111.48397156663309,638.370778732019,0.0
16.0,price_lt,0.0,45.0,0.0,0,optimal,True,38806863.16237688,1.5512934445176811,0.963191311782328,38806863.16237689,17954247.729995087,14782661.117149105,76055300.09035401,61272638.9732049,14812011.69395213,41345803.32928765,18037423.985913552,4.755692039990114,3.2521770105730736,186.44679634315736,718.2147145705451,0.0
