vol_multiplier,shock_type,correlated,subsidy,deviation,run,termination_condition,feasible,objective,avg_h2_production,std_h2_production,avg_scenario_obj,std_scenario_obj,worst_scenario_obj,best_scenario_obj,obj_range,cvar_5pct,avg_revenue,std_revenue,avg_demand_met,min_demand_met,total_entry_booking,total_exit_booking,n_quality_deviations
1.0,price_st,0.6,0.0,0.0,1,optimal,True,21521275.30185244,0.0,0.0,21521275.30185244,502061.83594725834,20907471.167056948,22397602.958498128,1490131.7914411798,20940348.267412636,24003025.67098658,498820.1416988168,5.330926349723127,4.516865821306332,74.73972602739725,767.6988025574517,0.0
2.0,price_st,0.6,0.0,0.0,1,optimal,True,21586162.310809053,0.0,0.0,21586162.310809053,447311.891381143,21133800.262745865,22458837.103257954,1325036.8405120894,21153707.987086173,24065541.016648095,442376.8429890476,5.330916884897434,4.517099198292805,74.73972602739725,929.918802105011,0.0
4.0,price_st,0.6,0.0,0.0,1,optimal,True,21750260.804301586,4.7095660704599145e-14,3.7381021816393893e-13,21750260.804301586,470256.8157948393,21208535.482245993,22728585.96089883,1520050.4786528386,21208535.482246146,24231590.76126884,461650.35638478585,5.330944224776447,4.517215483907825,74.73972602739725,733.1896183530625,0.0
8.0,price_st,0.6,0.0,0.0,1,optimal,True,22108179.138879918,0.010000000000000318,0.07937253933194023,22108179.138879918,749975.9009379226,20910323.17506292,23347140.644840937,2436817.469778016,20911851.08412404,24589134.404263414,745693.1540190325,5.33083994893261,4.517215483907825,75.73972602739725,675.1652568798868,0.0
16.0,price_st,0.6,0.0,0.0,1,optimal,True,23006964.460845858,0.0,0.0,23006964.460845858,1402668.81807546,20850646.0335292,25370828.89890296,4520182.86537376,20885222.370355695,25481704.677321583,1405001.5898344666,5.293165865973872,4.517267497371611,106.29065311529234,840.8355827890433,0.0
