vol_multiplier,shock_type,correlated,subsidy,deviation,run,termination_condition,feasible,objective,avg_h2_production,std_h2_production,avg_scenario_obj,std_scenario_obj,worst_scenario_obj,best_scenario_obj,obj_range,cvar_5pct,avg_revenue,std_revenue,avg_demand_met,min_demand_met,total_entry_booking,total_exit_booking,n_quality_deviations
1.0,price_lt,0.0,0.0,0.0,3,optimal,True,21471832.631943014,0.0,0.0,21471832.63194301,925183.5622927065,19551608.390102375,22964912.518668376,3413304.1285660006,19606757.61987209,23951459.02588351,926449.2805542179,5.848390715466053,4.716581499010073,73.96945114099702,973.2154113980438,0.0
2.0,price_lt,0.0,0.0,0.0,3,optimal,True,23182222.065112248,0.0,0.0,23182222.065112248,1836115.861121389,19547202.15909058,26049869.167773236,6502667.008682657,19590762.153966084,25661857.838768795,1834710.4992931716,5.849655773377404,4.716581499010073,75.19261948202862,818.1099299480906,0.0
4.0,price_lt,0.0,0.0,0.0,3,optimal,True,26803350.041586343,0.0,0.0,26803350.041586347,3605561.056618687,19859839.244547024,32094130.20427781,12234290.959730785,19882246.297939703,29277763.830667645,3603218.5964969127,5.82519831959366,4.717773019378269,85.45504233992253,552.525900331357,0.0
8.0,price_lt,0.0,0.0,0.0,3,optimal,True,34621699.30630357,0.5993150684931507,1.0380441483717588,34621699.30630356,7077897.672458088,20619667.973385505,44186648.539026216,23566980.56564071,20686931.102835525,37210858.58072305,7183185.931536722,5.8117421085394,4.768353507959008,95.61163643446794,655.9350780996733,0.0
16.0,price_lt,0.0,0.0,0.0,3,optimal,True,51422433.93410734,0.8418226680665537,0.981681421754084,51422433.93410735,13924218.53165518,23340843.926401414,68963078.93777603,45622235.011374615,23466749.138948277,54047181.13940452,14066191.490228547,5.764677314379525,4.768353507959087,115.36576375811738,544.1114508936716,0.0
