vol_multiplier,shock_type,correlated,subsidy,deviation,run,termination_condition,feasible,objective,avg_h2_production,std_h2_production,avg_scenario_obj,std_scenario_obj,worst_scenario_obj,best_scenario_obj,obj_range,cvar_5pct,avg_revenue,std_revenue,avg_demand_met,min_demand_met,total_entry_booking,total_exit_booking,n_quality_deviations
1.0,price_st,0.2,0.0,0.0,3,optimal,True,20607107.99119293,0.0,0.0,20607107.99119293,782152.9257732978,19109522.79511117,21718794.452434503,2609271.6573233344,19175838.945204645,23083061.9268281,777275.1822305791,5.849760984932334,4.648103470950761,73.73972602734297,659.4808757833707,0.0
2.0,price_st,0.2,0.0,0.0,3,optimal,True,20689535.257781375,0.0,0.0,20689535.25778137,787355.5159676091,18870140.597029824,21692895.092109162,2822754.4950793386,18954991.594865054,23166722.169210847,783135.3687545088,5.847878496283515,4.684208551337617,73.73972602739725,681.3604556271144,0.0
4.0,price_st,0.2,0.0,0.0,3,optimal,True,20922668.488701787,0.0,0.0,20922668.488701787,768112.6049197966,19287771.639867373,21721845.75074956,2434074.1108821854,19287771.639867373,23400353.498251647,762533.2213205766,5.848176068874354,4.718196768303124,73.73972602739725,550.4810754685667,0.0
8.0,price_st,0.2,0.0,0.0,3,optimal,True,21421190.37553812,0.0,0.0,21421190.37553812,1029312.426249451,19509183.99607754,23427340.265340142,3918156.2692626007,19509183.996092673,23897510.871910892,1023537.8071490567,5.848157335456282,4.718261133023513,74.73972602732785,551.5767303691384,0.0
16.0,price_st,0.2,0.0,0.0,3,optimal,True,22552555.999575958,0.0,0.0,22552555.999575958,1819691.9798505055,19961289.001847327,26839729.44273261,6878440.440885283,19961289.00184733,25031098.675857056,1814713.391174814,5.847270889700232,4.718261478522581,77.41455518943008,506.4544993152953,0.0
