vol_multiplier,shock_type,correlated,subsidy,deviation,run,termination_condition,feasible,objective,avg_h2_production,std_h2_production,avg_scenario_obj,std_scenario_obj,worst_scenario_obj,best_scenario_obj,obj_range,cvar_5pct,avg_revenue,std_revenue,avg_demand_met,min_demand_met,total_entry_booking,total_exit_booking,n_quality_deviations
1.0,price_st,0.0,70.0,0.0,1,optimal,True,21549906.61284784,2.190776361612386,0.14993005742161458,21549906.612847835,682402.184621186,20430938.078175917,23034519.090537414,2603581.0123614967,20444262.086885825,24042513.13176547,676420.7870218167,5.38266719372637,4.542898706727255,76.07797833276159,1094.2744366735508,0.0
2.0,price_st,0.0,70.0,0.0,1,optimal,True,21582433.481082104,2.2015694898454243,0.1702436620824572,21582433.481082104,738590.379388858,20353298.586253203,23259681.71764651,2906383.131393306,20378633.545014698,24077955.034272775,733142.6046180958,5.38305925285537,4.542898706727255,77.73972602739725,1569.4863432184343,0.0
4.0,price_st,0.0,70.0,0.0,1,optimal,True,21712223.544405356,2.157870599730878,0.26973904397495757,21712223.544405356,890676.2829752146,20250480.878973443,23712924.92703875,3462444.0480653085,20288271.423652913,24208350.825570878,886849.810610149,5.381297079939756,4.542898706727247,79.56591429882089,2636.5920534538923,0.0
8.0,price_st,0.0,70.0,0.0,1,optimal,True,22118752.35424339,2.12355334484561,0.28874142742784265,22118752.354243383,1255323.391753391,19523923.88910123,24622370.49896352,5098446.60986229,19930239.634448003,24615065.966679554,1253023.931506425,5.379343977702561,4.5581588664050185,76.72385251934057,3219.8228256576303,0.0
16.0,price_st,0.0,70.0,0.0,1,optimal,True,23185869.266923454,2.0550235096165994,0.36229598200098523,23185869.26692345,2075289.5441510992,18814783.219313197,27837836.81520345,9023053.595890254,19178299.21806558,25681410.155432303,2074094.7099164317,5.37418817909829,4.544770817783915,106.21331050747715,3453.837241120091,0.0
