vol_multiplier,shock_type,correlated,subsidy,deviation,run,termination_condition,feasible,objective,avg_h2_production,std_h2_production,avg_scenario_obj,std_scenario_obj,worst_scenario_obj,best_scenario_obj,obj_range,cvar_5pct,avg_revenue,std_revenue,avg_demand_met,min_demand_met,total_entry_booking,total_exit_booking,n_quality_deviations
1.0,price_st,0.2,0.0,0.0,2,optimal,True,21830070.659452416,0.0,0.0,21830070.659452416,1164768.8194043806,19975940.54635634,24250940.350648135,4274999.804291796,19975940.54635634,24300806.972838238,1161814.4038859329,5.582567302517566,4.638357446503316,74.48488792449292,513.525303440904,0.0
2.0,price_st,0.2,0.0,0.0,2,optimal,True,21766156.091534376,0.0,0.0,21766156.091534376,1187379.7939025355,20075178.780894954,24324842.04602064,4249663.265125684,20075178.780894954,24235516.15991144,1183719.5869092334,5.583039572005141,4.638362587711131,73.73972602739725,631.200038002889,0.0
4.0,price_st,0.2,0.0,0.0,2,optimal,True,21695445.372798324,0.0,0.0,21695445.372798324,1240655.9669110032,20284506.307354312,24487625.792402267,4203119.485047955,20287322.870101735,24167515.910760272,1237139.4272746749,5.582685837630153,4.638357446503316,77.73972602739725,863.3888126944115,0.0
8.0,price_st,0.2,0.0,0.0,2,optimal,True,21853164.67774477,0.0,0.0,21853164.677744765,1348048.6891433795,20665190.933548328,24838461.78032654,4173270.846778214,20665190.93354833,24324708.33665424,1347369.8726131017,5.5829501483777815,4.638331077062577,73.73972602739725,605.0492410772404,0.0
16.0,price_st,0.2,0.0,0.0,2,optimal,True,22548075.309925895,0.0,0.0,22548075.309925895,1571224.0850772588,20655527.95651493,25604237.738061793,4948709.781546865,20655527.9565151,25024377.423356894,1574822.0889322485,5.582448644765716,4.634729604561999,74.07628696706549,615.7290003671242,0.0
