vol_multiplier,shock_type,correlated,subsidy,deviation,run,termination_condition,feasible,objective,avg_h2_production,std_h2_production,avg_scenario_obj,std_scenario_obj,worst_scenario_obj,best_scenario_obj,obj_range,cvar_5pct,avg_revenue,std_revenue,avg_demand_met,min_demand_met,total_entry_booking,total_exit_booking,n_quality_deviations
1.0,price_lt,0.2,0.0,0.0,0,optimal,True,21576035.830747858,0.0,0.0,21576035.830747858,1268823.1991072658,19760609.828905035,23954142.695682876,4193532.866777841,19760609.82890504,24056762.349242907,1270604.6584472333,4.937311583888809,3.566677817529723,73.73972602739725,610.3715959071517,0.0
2.0,price_lt,0.2,0.0,0.0,0,optimal,True,23440769.234958936,0.01662169186743226,0.047175043589958346,23440769.23495894,2652735.2734768754,19379518.41094704,28390172.75859151,9010654.34764447,19379518.410947416,25920173.18811675,2660478.5946128373,4.930309601440308,3.547788321668726,79.42690674951366,743.3743197248165,0.0
4.0,price_lt,0.2,0.0,0.0,0,optimal,True,27303103.090569817,0.04181506849315414,0.13870229574050832,27303103.090569817,5429647.375665024,18949784.963157967,37336763.3806524,18386978.41749443,18949784.963157967,29785285.728036985,5445532.597750129,4.920806131154167,3.5477883216687216,83.62061706439674,604.030200258017,0.0
8.0,price_lt,0.2,0.0,0.0,0,optimal,True,35326850.75431495,0.06780859128461857,0.17940466929272256,35326850.75431496,10938697.101441246,18709598.45040177,55252430.17309303,36542831.72269125,18712229.72277479,37810499.597611465,10966028.896083532,4.914159275602362,3.5663762278221767,81.9145632149333,568.6750548507868,0.0
16.0,price_lt,0.2,0.0,0.0,0,optimal,True,52373711.07116685,0.8649159691749121,0.9637013403680478,52373711.07116685,21940251.42076842,19025999.246660944,91871244.77178615,72845245.5251252,19025999.246660944,55015107.91125351,22019581.71955749,4.923428650971031,3.566376227822152,83.4179962438769,513.8442326338984,0.0
