vol_multiplier,shock_type,correlated,subsidy,deviation,run,termination_condition,feasible,objective,avg_h2_production,std_h2_production,avg_scenario_obj,std_scenario_obj,worst_scenario_obj,best_scenario_obj,obj_range,cvar_5pct,avg_revenue,std_revenue,avg_demand_met,min_demand_met,total_entry_booking,total_exit_booking,n_quality_deviations
1.0,price_lt,0.4,70.0,0.0,2,optimal,True,21921171.732790567,2.1335144994275086,0.31605831678264346,21921171.732790567,1305095.3020017385,20072862.8294946,24240773.69598894,4167910.866494339,20099585.27517292,24402038.960045826,1301192.7504463857,5.636435056822258,4.659425340655704,75.73972602739725,883.9953303776956,0.0
2.0,price_lt,0.4,70.0,0.0,2,optimal,True,24120812.674869426,2.1289726005304686,0.4336306175134521,24120812.674869426,2833423.0255956477,19834039.3008495,28799447.761593882,8965408.460744381,19834039.300849576,26599087.562500753,2829648.9590234975,5.630875015522983,4.659425343829038,80.52687658261956,608.3203056922247,0.0
4.0,price_lt,0.4,70.0,0.0,2,optimal,True,28641507.61121378,1.963604557111506,0.5160454637529635,28641507.61121378,5828291.182773283,19417448.614747904,37917073.44730125,18499624.83255335,19437019.365845736,31114338.66729676,5829752.154720926,5.576387071206998,4.615567937333731,100.60129200699689,794.271131337263,0.0
8.0,price_lt,0.4,70.0,0.0,2,optimal,True,38402691.214991696,1.942816802267489,0.5080931220471159,38402691.2149917,11127148.85800168,20555576.739992645,56254776.443544105,35699199.70355146,20775987.20269887,40868964.60928428,11132158.575186057,5.528373000013971,4.615567937333729,92.93567958236616,527.6979077366154,0.0
16.0,price_lt,0.4,70.0,0.0,2,optimal,True,58734504.81837281,2.072735883540216,0.4858394137227742,58734504.818372816,21797590.585569616,24963687.94448057,94684011.48881255,69720323.54433198,24963687.94448057,61200376.1888635,21803178.113215156,5.522780871756668,4.615567937333729,91.45837329431136,596.7045066093905,0.0
