vol_multiplier,shock_type,correlated,subsidy,deviation,run,termination_condition,feasible,objective,avg_h2_production,std_h2_production,avg_scenario_obj,std_scenario_obj,worst_scenario_obj,best_scenario_obj,obj_range,cvar_5pct,avg_revenue,std_revenue,avg_demand_met,min_demand_met,total_entry_booking,total_exit_booking,n_quality_deviations
1.0,price_st,0.8,45.0,0.0,3,optimal,True,20612315.20716311,1.7651202001409907,0.7346678564276778,20612315.20716311,793738.8926293944,19204969.798507992,21829751.21766937,2624781.4191613793,19204969.79850839,23220488.52688567,747909.5712800022,5.895931346049085,4.755721163155187,77.70232425383291,740.894528048516,0.0
2.0,price_st,0.8,45.0,0.0,3,optimal,True,20631002.918486454,1.725065134843328,0.7562981044039129,20631002.918486454,873876.9196481756,19016002.852610808,21893296.46871056,2877293.6160997525,19018083.044049688,23236075.576004423,828231.4062149279,5.8953946007580775,4.755721163155165,76.73972602739725,824.336604131224,0.0
4.0,price_st,0.8,45.0,0.0,3,optimal,True,20677038.542598028,1.723703148099008,0.6776359170573173,20677038.54259803,1158395.234748514,18693989.02905826,22021983.200409595,3327994.171351336,18716193.64196546,23283799.57950156,1137790.5978208508,5.896227508855665,4.745750199215793,75.73972602739725,714.2123457875621,0.0
8.0,price_st,0.8,45.0,0.0,3,optimal,True,20840539.932914987,1.7447176346692594,0.6736348692522126,20840539.932914983,1933731.6651454377,18310511.019626927,23845420.311183736,5534909.291556809,18310511.019626927,23447954.716162913,1944972.2461179807,5.893741645468374,4.732910219073089,75.73972602739725,560.1065451861635,0.0
16.0,price_st,0.8,45.0,0.0,3,optimal,True,21236722.021941893,1.8593240454457889,0.5983963134401808,21236722.02194189,3716322.7410863917,16175634.30812357,27602754.029303633,11427119.721180063,16178446.578592973,23850600.612357397,3740740.285455243,5.8916734627133955,4.732910564565691,95.31410497748558,782.0041847119443,0.0
