vol_multiplier,shock_type,correlated,subsidy,deviation,run,termination_condition,feasible,objective,avg_h2_production,std_h2_production,avg_scenario_obj,std_scenario_obj,worst_scenario_obj,best_scenario_obj,obj_range,cvar_5pct,avg_revenue,std_revenue,avg_demand_met,min_demand_met,total_entry_booking,total_exit_booking,n_quality_deviations
1.0,price_lt,0.2,45.0,0.0,1,optimal,True,21634367.776645303,2.1186804067751517,0.32195463008641334,21634367.776645303,520296.1499856096,21104402.82847004,22813649.140041877,1709246.3115718365,21115308.66466412,24272366.111344066,510615.3069522939,5.381163387514967,4.565296166185523,76.73972602739725,1103.3395965456114,0.0
2.0,price_lt,0.2,45.0,0.0,1,optimal,True,23407544.818687823,2.1553088330969246,0.22150857103185922,23407544.818687823,1162910.5109853158,22336757.450460616,26301695.33249645,3964937.882035833,22339438.477027696,26047478.940184053,1159963.5947927523,5.381878935543727,4.565628259139606,75.73972602739725,568.4277015393986,0.0
4.0,price_lt,0.2,45.0,0.0,1,optimal,True,27144898.099668276,1.9041120507048797,0.6629492821704834,27144898.099668276,2463695.6753523373,24970439.820383586,33279523.005045984,8309083.184662398,24970439.82038413,29763969.0128309,2472543.6437090845,5.3630732945028985,4.565645828787015,99.22928712844099,630.7562452091214,0.0
8.0,price_lt,0.2,45.0,0.0,1,optimal,True,34889764.69664355,1.6359900989181435,0.8472270427509923,34889764.69664355,5009196.000829737,30201223.34485988,47313434.31238229,17112210.96752241,30381768.68288387,37485355.747909546,5021699.511572839,5.32996458502794,4.5656282591511,95.85791966255562,522.5695890989546,0.0
16.0,price_lt,0.2,45.0,0.0,1,optimal,True,50870852.02854104,1.636146973988892,0.8412807468961313,50870852.02854104,10657381.388308756,41053200.989010155,77282995.49176353,36229794.50275338,41053200.98901023,53460985.030386284,10671437.532375252,5.305099943126554,4.565628259151099,93.20128159826398,543.8579134464081,0.0
