vol_multiplier,shock_type,correlated,subsidy,deviation,run,termination_condition,feasible,objective,avg_h2_production,std_h2_production,avg_scenario_obj,std_scenario_obj,worst_scenario_obj,best_scenario_obj,obj_range,cvar_5pct,avg_revenue,std_revenue,avg_demand_met,min_demand_met,total_entry_booking,total_exit_booking,n_quality_deviations
1.0,price_st,0.6,70.0,0.0,3,optimal,True,20756941.12970467,1.9087829117525343,0.6799513023348089,20756941.12970467,742435.175794502,19402385.654724475,21848650.517492525,2446264.8627680503,19406888.7532381,23243952.95427582,734659.2253258794,5.90054849576178,4.755721163155162,75.73972602739725,965.6014866126765,0.0
2.0,price_st,0.6,70.0,0.0,3,optimal,True,20800773.219336387,1.9002328966782702,0.6845347076662771,20800773.219336383,804953.6976545047,19005865.374572948,21879795.310069203,2873929.9354962558,19085850.215892706,23287957.140554607,797079.1418894405,5.8999943396932455,4.714316867430943,75.73972602739718,698.912591969244,0.0
4.0,price_st,0.6,70.0,0.0,3,optimal,True,20923976.40503533,1.8654170263864227,0.5383987046390243,20923976.405035336,992595.6553223322,18857423.385620657,22193614.043234453,3336190.6576137953,18924446.441239994,23410623.070861243,986419.4668506626,5.899573938585282,4.748198388240353,75.73972602739725,740.4186650121277,0.0
8.0,price_st,0.6,70.0,0.0,3,optimal,True,21259466.182338413,2.048114937015743,0.4046372852205466,21259466.182338413,1576938.909232007,18864942.83576078,24132201.65470938,5267258.8189486,18864942.83576078,23747188.194180675,1571651.465712698,5.904076918434642,4.7485739295434355,75.73972602739767,631.4724748298094,0.0
16.0,price_st,0.6,70.0,0.0,3,optimal,True,22043091.847917806,2.2177871918066643,0.314483294115248,22043091.847917806,3000700.724854128,18564327.709900238,28012124.271791153,9447796.561890915,18564327.709900264,24532784.164863307,2996343.3103377568,5.904733169778025,4.748574275036012,78.6465307348275,643.2979464159056,0.0
