vol_multiplier,shock_type,correlated,subsidy,deviation,run,termination_condition,feasible,objective,avg_h2_production,std_h2_production,avg_scenario_obj,std_scenario_obj,worst_scenario_obj,best_scenario_obj,obj_range,cvar_5pct,avg_revenue,std_revenue,avg_demand_met,min_demand_met,total_entry_booking,total_exit_booking,n_quality_deviations
1.0,price_lt,0.0,0.0,0.0,2,optimal,True,20978357.63107995,0.0,0.0,20978357.63107995,747870.7998425268,19427150.96165375,22070740.414097562,2643589.452443812,19506340.883421287,23456804.7743347,750142.2005638513,5.582287947775484,4.637844332562451,74.73972602739775,1034.0139614328996,0.0
2.0,price_lt,0.0,0.0,0.0,2,optimal,True,22415015.222527143,0.0014989282478405732,0.006759041831074358,22415015.222527143,1447388.9990095624,19407888.84520836,24545870.975813046,5137982.130604684,19489338.50533269,24890186.05949238,1447056.3997495763,5.581620539795328,4.6382551649573,78.9421740031862,861.6576959474462,0.0
4.0,price_lt,0.0,0.0,0.0,2,optimal,True,25515106.26610989,0.0,0.0,25515106.26610989,2904892.755010547,19663189.431298003,29550792.57554484,9887603.144246839,19681354.69932439,27983244.706455987,2900650.1760697034,5.536569265647254,4.634481567081358,97.77067566450624,734.1051193381987,0.0
8.0,price_lt,0.0,0.0,0.0,2,optimal,True,32620754.76027469,0.6161714573435464,1.0369338274604498,32620754.760274686,5942534.460707284,20952046.693440985,39694964.72368352,18742918.030242536,21012485.439848702,35208932.01348911,6029374.294937968,5.543973961330013,4.564369055194119,98.66895333330638,683.8367007922253,0.0
16.0,price_lt,0.0,0.0,0.0,2,optimal,True,47583295.43224626,1.1636542536808223,1.123308218525684,47583295.43224625,12318857.797523731,24320836.84481728,61317721.809315234,36996884.96449795,24433404.0808991,50280544.815921836,12457096.870390898,5.553934884140087,4.564369055194118,100.45059699846561,591.3801335407763,0.0
