vol_multiplier,shock_type,correlated,subsidy,deviation,run,termination_condition,feasible,objective,avg_h2_production,std_h2_production,avg_scenario_obj,std_scenario_obj,worst_scenario_obj,best_scenario_obj,obj_range,cvar_5pct,avg_revenue,std_revenue,avg_demand_met,min_demand_met,total_entry_booking,total_exit_booking,n_quality_deviations
1.0,price_st,0.6,0.0,0.0,2,optimal,True,21845369.96980013,0.0,0.0,21845369.969800126,1164803.410161854,19945507.572115827,24252117.29384694,4306609.721731111,19945507.57211585,24316773.630222343,1162008.3090000045,5.582922333763671,4.6383562235499625,75.05663184979593,629.7916581025871,0.0
2.0,price_st,0.6,0.0,0.0,2,optimal,True,21774254.28504727,0.0,0.0,21774254.285047267,1181612.1402924582,19950913.107990503,24307502.421648894,4356589.31365839,19963576.779281933,24246160.144033883,1179144.2522740588,5.582622886155831,4.638341639087611,74.48488792449407,849.0996686546637,0.0
4.0,price_st,0.6,0.0,0.0,2,optimal,True,21755400.94737315,0.0,0.0,21755400.947373156,1306856.6087569576,20161023.79223089,24481254.33994261,4320230.547711723,20161023.79223179,24227342.586629864,1305162.7095170694,5.5829622255144695,4.638314931801532,74.73972602739725,652.1459690207773,0.0
8.0,price_st,0.6,0.0,0.0,2,optimal,True,21834518.694860972,0.0,0.0,21834518.694860972,1681054.4090306095,19778657.823422056,24827565.072473586,5048907.24905153,19778657.82342209,24308355.902251806,1681330.2914509736,5.582889944537606,4.638314931801522,74.73972602739762,803.0430482431642,0.0
16.0,price_st,0.6,0.0,0.0,2,optimal,True,22399189.36293344,0.0,0.0,22399189.36293344,2452015.3669238696,18877105.97305999,26118175.91438749,7241069.941327501,18877105.97305999,24874340.772986997,2451437.037596467,5.58290607211509,4.638317659522051,73.73972602739725,492.2285069587296,0.0
