vol_multiplier,shock_type,correlated,subsidy,deviation,run,termination_condition,feasible,objective,avg_h2_production,std_h2_production,avg_scenario_obj,std_scenario_obj,worst_scenario_obj,best_scenario_obj,obj_range,cvar_5pct,avg_revenue,std_revenue,avg_demand_met,min_demand_met,total_entry_booking,total_exit_booking,n_quality_deviations
1.0,price_st,0.4,45.0,0.0,0,optimal,True,21631653.001338553,1.9604039807447717,0.6420899164711787,21631653.001338556,960500.2263641292,20445141.05770408,23231952.734798137,2786811.677094057,20445141.05770408,24256255.433279227,964190.4687045636,4.98000665698336,3.6049189421783905,76.99463288758939,541.2157791792265,0.0
2.0,price_st,0.4,45.0,0.0,0,optimal,True,21706417.325208016,1.8000086536852407,0.8284220252677699,21706417.325208016,1050192.4893846686,20153655.753331404,23467986.09034111,3314330.3370097056,20177672.969201524,24320239.828263033,1041552.1569212658,4.976427325884218,3.6046890865863404,75.73972602739782,771.2254337892404,0.0
4.0,price_st,0.4,45.0,0.0,0,optimal,True,21884905.15168215,1.6468711245338055,0.9087261195237564,21884905.15168215,1301329.3331375793,19656705.791006688,23990558.262729447,4333852.471722759,19656705.791006844,24486416.583745837,1284941.8185593863,4.972412944946119,3.586027989922804,76.73972602739727,722.1191111762415,0.0
8.0,price_st,0.4,45.0,0.0,0,optimal,True,22291577.472334437,1.7009783241188314,0.8614524598409545,22291577.472334437,1954675.3194695981,18620798.270306528,25181829.537948474,6561031.267641947,18704005.814830422,24895673.716192584,1951657.5459502074,4.972188926233259,3.580980554619386,79.82839880410953,796.9675368603873,0.0
16.0,price_st,0.4,45.0,0.0,0,optimal,True,23299596.667016573,1.7437691655107828,0.817547292497373,23299596.66701657,3396733.841989123,17173115.455082282,27956833.45763103,10783718.002548747,17173115.455082282,25903761.153344065,3402536.61743945,4.967657440054054,3.5809805546193862,79.79570198698093,643.3035431745282,0.0
