vol_multiplier,shock_type,correlated,subsidy,deviation,run,termination_condition,feasible,objective,avg_h2_production,std_h2_production,avg_scenario_obj,std_scenario_obj,worst_scenario_obj,best_scenario_obj,obj_range,cvar_5pct,avg_revenue,std_revenue,avg_demand_met,min_demand_met,total_entry_booking,total_exit_booking,n_quality_deviations
1.0,price_lt,0.6,45.0,0.0,0,optimal,True,21395029.418024696,1.9288527902628303,0.6572834950799696,21395029.418024696,2215898.0410951152,18225405.223212954,25343800.902055096,7118395.678842142,18225405.22321297,24018069.51239311,2223102.314237038,4.979743868618359,3.604918942178409,75.73972602739767,771.5323286485785,0.0
2.0,price_lt,0.6,45.0,0.0,0,optimal,True,23023301.022895303,1.5244879897608448,0.9558751823449327,23023301.022895306,4562974.567110072,16324796.144362975,31287885.945440155,14963089.80107718,16324796.144362977,25613415.8466192,4574909.622263065,4.9619761702763645,3.6049189421784176,83.95493600165814,615.770746036558,0.0
4.0,price_lt,0.6,45.0,0.0,0,optimal,True,26406874.45563793,1.6064074554740042,0.9640891656582476,26406874.45563793,9263521.6508793,12687946.097156819,43173959.84766355,30486013.750506733,12687946.097156817,28999114.961813748,9279895.840220502,4.952026899778756,3.586027989923121,86.5239029343084,556.9520146846164,0.0
8.0,price_lt,0.6,45.0,0.0,0,optimal,True,33598563.157210656,1.5665957637200685,0.9486570756279253,33598563.157210656,18313863.75966849,6854085.168651485,66945389.392130725,60091304.22347924,6854085.168651485,36185358.31461267,18353975.675938144,4.944029940170264,3.542740886365018,87.5374970765015,555.1905405597603,0.0
16.0,price_lt,0.6,45.0,0.0,0,optimal,True,49406805.17154782,1.5819605892379893,0.9288990484328561,49406805.17154783,35300843.29460407,-641764.2476855423,114483921.97216167,115125686.2198472,-626199.7958038123,51729506.56577806,35695658.828671046,4.551882481372891,1.1441973620417467,361.4352305549239,444.54522393737466,0.0
