vol_multiplier,shock_type,correlated,subsidy,deviation,run,termination_condition,feasible,objective,avg_h2_production,std_h2_production,avg_scenario_obj,std_scenario_obj,worst_scenario_obj,best_scenario_obj,obj_range,cvar_5pct,avg_revenue,std_revenue,avg_demand_met,min_demand_met,total_entry_booking,total_exit_booking,n_quality_deviations
1.0,price_st,0.2,30.0,0.0,0,optimal,True,21573556.269910038,0.01766069808787968,0.0606664901882031,21573556.26991004,924157.2813261001,20446033.952273834,23049846.130733848,2603812.178460013,20446033.952273834,24056248.172515385,928362.6024298556,4.937612271583434,3.566677817529723,76.73972602739725,690.9943469988045,0.0
2.0,price_st,0.2,30.0,0.0,0,optimal,True,21673953.882987533,0.03615803175677498,0.11445140412429872,21673953.882987533,997038.9968085294,20286592.83179923,23290978.524731807,3004385.692932576,20286592.831799235,24159302.036304448,1005143.5218527149,4.937979814780803,3.5666778175297225,75.41981716410177,677.5225595733984,0.0
4.0,price_st,0.2,30.0,0.0,0,optimal,True,21848487.24137637,0.06506477542976503,0.24893768138435177,21848487.241376366,1166837.8396569581,19900770.81363861,23613878.190550722,3713107.3769121133,19900770.813638613,24335335.45147116,1175724.5131230825,4.938760148440725,3.566479374478115,75.73972602739725,707.7609927492146,0.0
8.0,price_st,0.2,30.0,0.0,0,optimal,True,22271342.141116444,0.050309587425948384,0.26758102504687153,22271342.14111644,1637586.7047462792,19280141.504850745,24461559.594758917,5181418.089908171,19312474.256616738,24754886.448764242,1638504.6963228355,4.93378523653117,3.547788321668708,80.06502458879568,854.7933253378228,0.0
16.0,price_st,0.2,30.0,0.0,0,optimal,True,23341335.609188706,0.8218796498699277,1.072634838734704,23341335.609188706,2792458.9989772467,18243384.333204824,26711241.32010193,8467856.986897107,18243384.333204824,25911526.84813744,2872646.0324928216,4.947150177405544,3.542740886364989,82.37882501654568,649.8370803726532,0.0
