vol_multiplier,shock_type,correlated,subsidy,deviation,run,termination_condition,feasible,objective,avg_h2_production,std_h2_production,avg_scenario_obj,std_scenario_obj,worst_scenario_obj,best_scenario_obj,obj_range,cvar_5pct,avg_revenue,std_revenue,avg_demand_met,min_demand_met,total_entry_booking,total_exit_booking,n_quality_deviations
1.0,price_lt,0.6,45.0,0.0,2,optimal,True,21567074.75227546,1.637280931570867,0.7496235297212627,21567074.75227546,1498363.4773445614,19040598.45311904,23638667.739975836,4598069.286856797,19614623.094082203,24159410.529436037,1492641.2364349095,5.6200147614121585,4.674152246888117,77.13963594524678,750.8471042701657,0.0
2.0,price_lt,0.6,45.0,0.0,2,optimal,True,23541869.9196952,1.7461483804930786,0.731730112150886,23541869.9196952,3182554.983701631,19581211.175166406,27848557.191052,8267346.015885595,19581211.17516652,26139823.34302504,3194749.615951911,5.621320965927319,4.658836659286126,79.55041766148024,730.8279773686713,0.0
4.0,price_lt,0.6,45.0,0.0,2,optimal,True,27617987.91800203,1.672687117705299,0.764710279623645,27617987.91800203,6556977.288813996,18931994.165109437,36272113.53216105,17340119.367051613,18931994.165109437,30209804.749625158,6574738.700130575,5.59920376121344,4.615567937333732,106.71472006084527,964.8314822026721,0.0
8.0,price_lt,0.6,45.0,0.0,2,optimal,True,36410688.92985097,1.703861676018747,0.7631249576695122,36410688.92985097,12593174.362363901,19721000.666162506,53119886.65511871,33398885.988956206,19721000.666162536,38995515.83700771,12612982.425396627,5.530853308758317,4.615567937333733,93.04548657369762,509.46107839279415,0.0
16.0,price_lt,0.6,45.0,0.0,2,optimal,True,54826966.199032456,1.842374866106724,0.656059118289685,54826966.199032456,24498442.192577522,22643513.0738551,86890100.10183242,64246587.02797732,22643513.0738551,57417389.576971754,24490427.32398915,5.516657493639004,4.615567937333733,91.51920995961243,653.8565387034979,0.0
