vol_multiplier,shock_type,correlated,subsidy,deviation,run,termination_condition,feasible,objective,avg_h2_production,std_h2_production,avg_scenario_obj,std_scenario_obj,worst_scenario_obj,best_scenario_obj,obj_range,cvar_5pct,avg_revenue,std_revenue,avg_demand_met,min_demand_met,total_entry_booking,total_exit_booking,n_quality_deviations
1.0,price_st,0.2,45.0,0.0,0,optimal,True,21628905.04648967,2.0087286660615433,0.5688200780408263,21628905.04648967,932709.5345047408,20514985.98394487,23138353.150257975,2623367.1663131043,20514985.983944874,24257283.409095306,933244.9776248353,4.980976141103376,3.6049189421783905,77.14029395055633,701.2667858330095,0.0
2.0,price_st,0.2,45.0,0.0,0,optimal,True,21712751.67351651,1.7479265766297574,0.8629168662486243,21712751.67351651,984103.1306852722,20322939.65548228,23280887.201454192,2957947.5459719114,20324781.606896214,24322783.453252673,971706.7502703959,4.975103473971251,3.6047673688570283,75.73972602739725,740.5460656393215,0.0
4.0,price_st,0.2,45.0,0.0,0,optimal,True,21888604.89533066,1.7899485249613611,0.8293789876128771,21888604.89533066,1159556.2012689724,19940867.195245452,23635456.774431087,3694589.579185635,19940867.195245463,24500719.981716216,1124723.6207444554,4.97450795158238,3.5860279899231244,78.05145033428212,745.5043537468032,0.0
8.0,price_st,0.2,45.0,0.0,0,optimal,True,22310020.173370197,1.6114273074733223,0.8626608476303488,22310020.173370197,1643245.1947855894,19394942.19338974,24508174.391754504,5113232.198364764,19394942.193389747,24906921.730909348,1634778.4468051067,4.969202107703943,3.586027989923121,78.67253665625883,965.9136856789103,0.0
16.0,price_st,0.2,45.0,0.0,0,optimal,True,23396709.780486558,1.753289227249617,0.8159337009165535,23396709.780486558,2807188.109145513,18303947.587190334,26811238.251697168,8507290.664506834,18303947.587190334,26002089.01161395,2805983.289300582,4.965880312187286,3.580980554619411,81.30806083055501,701.3851040571805,0.0
