vol_multiplier,shock_type,correlated,subsidy,deviation,run,termination_condition,feasible,objective,avg_h2_production,std_h2_production,avg_scenario_obj,std_scenario_obj,worst_scenario_obj,best_scenario_obj,obj_range,cvar_5pct,avg_revenue,std_revenue,avg_demand_met,min_demand_met,total_entry_booking,total_exit_booking,n_quality_deviations
1.0,price_lt,0.2,30.0,0.0,2,optimal,True,21829853.497403655,0.2996575342465753,0.7928193141032591,21829853.497403655,1186393.3821679032,19925536.10837186,24214476.10641337,4288939.998041511,19925536.10837186,24335549.32710695,1254599.5443580414,5.589137913745477,4.638384358098302,77.56768369083689,559.0274382506362,0.0
2.0,price_lt,0.2,30.0,0.0,2,optimal,True,24102324.82184725,0.6064434048661267,1.034681894945717,24102324.82184725,2587666.4870283958,19686534.10921507,29013822.077123363,9327287.967908293,19686534.10921507,26641684.1893784,2626976.0656369836,5.589152003877533,4.638320665955297,82.4079136243686,675.3205498887487,0.0
4.0,price_lt,0.2,30.0,0.0,2,optimal,True,28829223.232122734,1.1523443892285123,0.9939042784378466,28829223.232122734,5328872.34661125,19487624.081914123,38612494.86028886,19124870.778374735,19487624.081914123,31428429.17283511,5345683.898612188,5.562449672467549,4.602060267698822,111.03690814872746,617.6407460630991,0.0
8.0,price_lt,0.2,30.0,0.0,2,optimal,True,39017618.5281456,1.6234780011736614,0.8347668202097833,39017618.5281456,10231537.406106073,21363032.723761216,58090184.65988289,36727151.93612167,21363032.723761216,41663183.076894924,10241157.627273345,5.523553418758392,4.615567937333732,92.74858882696508,496.06860894701174,0.0
16.0,price_lt,0.2,30.0,0.0,2,optimal,True,60176544.61528626,2.0716225004443025,0.48861317674052573,60176544.61528626,20060570.304917697,26246455.715248913,98288578.07515138,72042122.35990247,26246455.715248913,62872212.3680758,20060723.25259304,5.522478669482574,4.615567937333733,91.18412069459409,486.2052120945754,0.0
