vol_multiplier,shock_type,correlated,subsidy,deviation,run,termination_condition,feasible,objective,avg_h2_production,std_h2_production,avg_scenario_obj,std_scenario_obj,worst_scenario_obj,best_scenario_obj,obj_range,cvar_5pct,avg_revenue,std_revenue,avg_demand_met,min_demand_met,total_entry_booking,total_exit_booking,n_quality_deviations
1.0,price_lt,0.0,30.0,0.0,3,optimal,True,21478080.699827887,0.5750242733672819,1.013588332882501,21478080.699827887,920188.7882857337,19577168.12396393,22989735.34526354,3412567.221299611,19633982.104997337,24025309.237770487,984992.5927129807,5.863380308773367,4.767161987590891,76.81630106526416,1005.4685377664483,0.0
2.0,price_lt,0.0,30.0,0.0,3,optimal,True,23193575.384368625,0.6261487771380292,1.024936921478953,23193575.384368625,1849264.9005289464,19547242.622364316,26101171.772221677,6553929.149857361,19568092.783663545,25745508.98943498,1915160.6689533086,5.863549807723929,4.767161987590893,78.19261948202863,837.0181616474378,0.0
4.0,price_lt,0.0,30.0,0.0,3,optimal,True,26834735.850032765,0.9572064865440837,1.0345067105447285,26834735.850032765,3626781.763911178,19853827.343714986,32230356.136497185,12376528.792782199,19905097.953674387,29420740.223453477,3720087.211911734,5.846823728231926,4.768353507959088,85.85947639633463,596.5564652003063,0.0
8.0,price_lt,0.0,30.0,0.0,3,optimal,True,34690999.75951177,1.2736861797626915,0.9667209269117016,34690999.75951177,7127043.244971545,20647533.298015658,44489826.77862673,23842293.480611075,20708385.080109324,37310230.1787936,7141704.707978476,5.837106865157182,4.768353507958898,98.7936188506447,688.6105285419911,0.0
16.0,price_lt,0.0,30.0,0.0,3,optimal,True,51509284.236666806,1.2569582731893663,0.9372385099291757,51509284.236666806,13956353.898768611,23439083.171110354,69163010.44462536,45723927.27351501,23566931.891586766,54111496.09028058,13965105.941197388,5.777542450269126,4.768353507959087,115.89720119190389,548.1911715991242,0.0
