vol_multiplier,shock_type,correlated,subsidy,deviation,run,termination_condition,feasible,objective,avg_h2_production,std_h2_production,avg_scenario_obj,std_scenario_obj,worst_scenario_obj,best_scenario_obj,obj_range,cvar_5pct,avg_revenue,std_revenue,avg_demand_met,min_demand_met,total_entry_booking,total_exit_booking,n_quality_deviations
1.0,price_st,1.0,70.0,0.0,1,optimal,True,21752778.963912193,2.229653401151475,0.19947279375230617,21752778.963912196,552983.5238352955,21136891.877900604,22970568.972169444,1833677.0942688398,21204458.06818313,24247784.237980492,545848.8669108064,5.383635397061614,4.565296166185543,75.73972602739755,933.0860640969038,0.0
2.0,price_st,1.0,70.0,0.0,1,optimal,True,21825390.707634315,2.218278369683563,0.17515914972024396,21825390.707634315,619156.4965592144,21148815.572279137,23285432.32971062,2136616.7574314848,21177010.430731595,24319657.6382345,611811.8549157551,5.3827120004100415,4.565296166185558,75.73972602739767,861.5788100097951,0.0
4.0,price_st,1.0,70.0,0.0,1,optimal,True,21971667.034115568,2.2016984179667776,0.1934337644267328,21971667.034115568,859111.431326471,21170952.733766064,23915158.525126256,2744205.791360192,21170952.73376609,24465629.117573276,851626.5254994079,5.382967577482301,4.5652961661855445,75.73972602739725,778.0339314242631,0.0
8.0,price_st,1.0,70.0,0.0,1,optimal,True,22258719.78191661,2.198398309647385,0.2218887679051936,22258719.781916615,1506733.865156187,20368282.282152325,25174611.262402043,4806328.980249718,20368282.282152325,24752453.77594238,1500164.933389333,5.3829085687651395,4.565296166185558,75.73972602739757,841.8028516417604,0.0
16.0,price_st,1.0,70.0,0.0,1,optimal,True,22839510.955432765,2.184711986105165,0.21144185941255156,22839510.955432765,2937123.8212220008,18668286.91920767,27693505.846424818,9025218.927217148,18676180.01874384,25333096.32452693,2931078.6483109505,5.382577870577133,4.565296166185523,75.73972602739725,752.4119548843261,0.0
