vol_multiplier,shock_type,correlated,subsidy,deviation,run,termination_condition,feasible,objective,avg_h2_production,std_h2_production,avg_scenario_obj,std_scenario_obj,worst_scenario_obj,best_scenario_obj,obj_range,cvar_5pct,avg_revenue,std_revenue,avg_demand_met,min_demand_met,total_entry_booking,total_exit_booking,n_quality_deviations
1.0,price_st,0.8,0.0,0.0,0,optimal,True,21554408.520723157,0.0,0.0,21554408.520723157,1013405.354511476,20255337.24693694,23286594.912573677,3031257.665636737,20255337.246936943,24034511.54377846,1015121.76831819,4.936401845211592,3.566677817529723,75.95551261666213,678.8524290516975,0.0
2.0,price_st,0.8,0.0,0.0,0,optimal,True,21624757.737212144,0.0,0.0,21624757.737212148,1177841.5565127945,19885494.56429671,23714042.511165876,3828547.9468691647,19898154.13764672,24105418.83332448,1179295.72318928,4.937152766266734,3.5666115014703847,74.88358375357384,668.9213091695534,0.0
4.0,price_st,0.8,0.0,0.0,0,optimal,True,21756834.340670157,0.0,0.0,21756834.340670157,1595824.4713047412,19176800.527216297,24662190.79118872,5485390.263972424,19195461.577307757,24238182.292926647,1597564.8957514295,4.937314964059908,3.5665349445641956,74.73972602739725,834.0896789122165,0.0
8.0,price_st,0.8,0.0,0.0,0,optimal,True,22043797.981851716,0.004846921362790255,0.02629733572369367,22043797.981851716,2557990.8165570474,17580018.284045044,26368213.378667332,8788195.094622288,17655350.924175546,24524322.588329136,2563352.7515902184,4.935711982735784,3.5475771726814287,77.82202510324346,912.7352822196167,0.0
16.0,price_st,0.8,0.0,0.0,0,optimal,True,22692034.872406315,0.0,0.0,22692034.87240631,4593292.071131801,15082714.104299722,30002498.399844527,14919784.295544805,15082714.104299726,25167599.632740036,4596006.691038731,4.930362043641737,3.547788321668708,76.43264813549618,714.9411530943828,0.0
