vol_multiplier,shock_type,correlated,subsidy,deviation,run,termination_condition,feasible,objective,avg_h2_production,std_h2_production,avg_scenario_obj,std_scenario_obj,worst_scenario_obj,best_scenario_obj,obj_range,cvar_5pct,avg_revenue,std_revenue,avg_demand_met,min_demand_met,total_entry_booking,total_exit_booking,n_quality_deviations
1.0,price_st,0.0,0.0,0.0,3,optimal,True,21471832.631943014,0.0,0.0,21471832.63194301,925183.5622927065,19551608.390102375,22964912.518668376,3413304.1285660006,19606757.61987209,23951459.02588351,926449.2805542179,5.848390715466053,4.716581499010073,73.96945114099702,973.2154113980438,0.0
2.0,price_st,0.0,0.0,0.0,3,optimal,True,21494058.91852001,2.7111688198158416e-08,2.1519235378635606e-07,21494058.918520007,976932.3165256258,19362001.03557925,23363604.525589112,4001603.490009863,19484748.72758423,23975648.915450424,977744.1026243374,5.850010138451326,4.716581499010053,74.91840111575148,1284.4548277626957,0.0
4.0,price_st,0.0,0.0,0.0,3,optimal,True,21587519.697468862,0.0,0.0,21587519.697468862,1145640.9014778913,19016731.10641374,24096488.872981112,5079757.766567372,19230352.12840481,24070071.468984112,1143205.2405101487,5.850633385155337,4.716581499010055,74.73972602739725,2276.8989590324336,0.0
8.0,price_st,0.0,0.0,0.0,3,optimal,True,21916323.54828014,-4.156389598641756e-11,1.7302897412338248e-10,21916323.548280142,1573892.3651736917,18517462.857486032,25771419.558454953,7253956.700968921,18821295.115147233,24400135.878653362,1572354.241838287,5.8477202963677,4.716581499010053,85.69989108869021,2932.4164516664378,0.0
16.0,price_st,0.0,0.0,0.0,3,optimal,True,22828970.33919556,0.0,0.0,22828970.339195557,2500137.243031697,17545443.80504653,28735925.24724175,11190481.442195222,17994788.452254277,25313305.133016676,2498455.0444058254,5.845894828721201,4.716581499010068,90.3452309457698,3367.907615812923,0.0
