vol_multiplier,shock_type,correlated,subsidy,deviation,run,termination_condition,feasible,objective,avg_h2_production,std_h2_production,avg_scenario_obj,std_scenario_obj,worst_scenario_obj,best_scenario_obj,obj_range,cvar_5pct,avg_revenue,std_revenue,avg_demand_met,min_demand_met,total_entry_booking,total_exit_booking,n_quality_deviations
1.0,price_st,0.6,70.0,0.0,1,optimal,True,21732507.74425507,2.2098793324682444,0.1978053727581238,21732507.744255066,495144.41085699253,21199866.16669823,22674896.50868052,1475030.3419822901,21199866.166698243,24226425.594384313,489880.7773438556,5.383143498705644,4.565296166185523,75.73972602739771,773.5388922641796,0.0
2.0,price_st,0.6,70.0,0.0,1,optimal,True,21803222.77536099,2.2532817668795424,0.16482249811094257,21803222.77536099,456166.48107338604,21345274.983047143,22736045.10143153,1390770.1183843873,21346381.5598697,24294888.545126356,446619.40290613036,5.384099316202468,4.565490647005848,76.73972602739725,766.3277633657854,0.0
4.0,price_st,0.6,70.0,0.0,1,optimal,True,21953071.437082075,2.1993024345663024,0.21669549919915787,21953071.43708208,491653.24788657477,21426288.298888482,23002668.18029425,1576379.881405767,21426288.298888545,24444547.50301554,482982.4809469505,5.382871513142415,4.565645828787015,75.73972602739725,754.1673051623674,0.0
8.0,price_st,0.6,70.0,0.0,1,optimal,True,22302843.701111928,2.1070732248377144,0.27270099340660936,22302843.701111928,801547.2167774097,20969993.569717936,23616919.12873096,2646925.559013024,20969993.569725487,24792511.20296427,799102.1778231413,5.380710136830792,4.565645828787015,75.73972602739725,589.0129075920242,0.0
16.0,price_st,0.6,70.0,0.0,1,optimal,True,23191488.78723744,1.8253294517132364,0.8137274451666813,23191488.78723744,1486219.2824008104,20965051.982786253,25676905.050474606,4711853.067688353,20968293.898204397,25674281.04050441,1490586.7545323703,5.342263156737477,4.565208077037191,97.18711119193118,849.411096784042,0.0
