vol_multiplier,shock_type,correlated,subsidy,deviation,run,termination_condition,feasible,objective,avg_h2_production,std_h2_production,avg_scenario_obj,std_scenario_obj,worst_scenario_obj,best_scenario_obj,obj_range,cvar_5pct,avg_revenue,std_revenue,avg_demand_met,min_demand_met,total_entry_booking,total_exit_booking,n_quality_deviations
1.0,price_lt,1.0,45.0,0.0,3,optimal,True,19986367.455637608,1.4816315803529354,0.591924590306545,19986367.455637608,2906224.28301608,15138257.150762431,23955675.266996685,8817418.116234254,15138257.151147256,22575980.974683344,2930853.5435931263,5.886008444095468,4.74781512164415,79.7397260273976,310.864810866,0.0
2.0,price_lt,1.0,45.0,0.0,3,optimal,True,19568107.247487202,1.3475097101918516,0.9395190346783071,19568107.247487202,5794762.011102332,9798819.814952,27212174.64993137,17413354.83497937,9798819.814952001,22150487.21777688,5859080.024831506,5.884512889352422,4.731768697346405,80.73972602739725,549.5973907687433,0.0
4.0,price_lt,1.0,45.0,0.0,3,optimal,True,18999327.665253263,1.2388790028109284,0.9673356029636909,18999327.665253263,11506126.836358843,112926.57051844068,34516547.52726058,34403620.95674214,133859.99902010974,21411685.292779602,11846371.397433776,5.623205367531911,3.210737635256236,252.0150854056928,819.9311389079612,0.0
8.0,price_lt,1.0,45.0,0.0,3,optimal,True,21991270.38055089,0.8689692237056681,0.7607540803615869,21991270.38055089,18269379.05622831,-609719.4118239025,50021072.32975437,50630791.74157827,-609719.4118239025,24030454.274043765,18931735.883861955,4.661620771817894,1.1044353307895431,413.1631075977438,577.7463107981841,0.0
16.0,price_lt,1.0,45.0,0.0,3,optimal,True,31186982.470654298,0.7329448038847347,0.6301323090734628,31186982.470654294,29597119.852622032,-491875.1688748178,81181577.58051729,81673452.7493921,-491875.1688748177,32958301.348000273,30433865.80875286,4.196810697806474,1.1044353307895431,335.27630242619557,457.1350907661651,0.0
