vol_multiplier,shock_type,correlated,subsidy,deviation,run,termination_condition,feasible,objective,avg_h2_production,std_h2_production,avg_scenario_obj,std_scenario_obj,worst_scenario_obj,best_scenario_obj,obj_range,cvar_5pct,avg_revenue,std_revenue,avg_demand_met,min_demand_met,total_entry_booking,total_exit_booking,n_quality_deviations
1.0,price_lt,0.4,0.0,0.0,2,optimal,True,21730046.003169928,0.0,0.0,21730046.003169924,1300346.159883769,19874902.699928302,23974550.6802847,4099647.980356399,19874902.699928362,24202326.62175941,1298591.5620434997,5.582492058340567,4.638151213206123,75.40209215814933,712.4671056323253,0.0
2.0,price_lt,0.4,0.0,0.0,2,optimal,True,23902318.671211634,0.0,0.0,23902318.671211638,2834356.357735332,19464357.02734121,28493938.25451544,9029581.22717423,19544741.390269395,26371732.993837852,2831210.6419911347,5.569205544624398,4.63827305738386,86.9135026005707,726.8852780711869,0.0
4.0,price_lt,0.4,0.0,0.0,2,optimal,True,28424458.832750432,0.0014494638711320899,0.006535994602628092,28424458.832750432,5787042.7739137905,19200119.74904642,37531798.38241981,18331678.63337339,19200119.74904642,30892199.431622982,5784941.356138106,5.536226703486108,4.602060267698824,96.97783374838767,662.3892208607807,0.0
8.0,price_lt,0.4,0.0,0.0,2,optimal,True,38124369.26732133,0.2996575342465753,0.7928193141032591,38124369.26732133,11075605.087461589,20578310.33561868,55788240.636909,35209930.30129032,20578310.335618746,40642125.09961739,11176595.82452289,5.489260805474826,4.602060267698824,93.5513625336879,524.4847012595736,0.0
16.0,price_lt,0.4,0.0,0.0,2,optimal,True,58399730.84742151,1.1872875934731635,1.1262982545580735,58399730.847421505,21785950.677108403,24574032.58435365,94218506.83442412,69644474.25007047,24574032.58435622,61093483.88736428,21919284.065499105,5.508702340012146,4.602060267698823,92.95675846313831,502.519280382925,0.0
