vol_multiplier,shock_type,correlated,subsidy,deviation,run,termination_condition,feasible,objective,avg_h2_production,std_h2_production,avg_scenario_obj,std_scenario_obj,worst_scenario_obj,best_scenario_obj,obj_range,cvar_5pct,avg_revenue,std_revenue,avg_demand_met,min_demand_met,total_entry_booking,total_exit_booking,n_quality_deviations
1.0,price_lt,1.0,70.0,0.0,3,optimal,True,20155704.959122587,2.23562123682591,0.27790236615501046,20155704.959122587,2918798.1589248586,15257186.198504636,24096465.065374136,8839278.8668695,15267406.033720233,22649193.009369377,2919073.662063301,5.909418196591764,4.74781510380251,79.73972602739725,371.55009319796136,0.0
2.0,price_lt,1.0,70.0,0.0,3,optimal,True,19714512.54525754,2.128797945672301,0.3221498570559525,19714512.54525754,5815823.677684971,9866099.413440214,27366579.20490417,17500479.791463956,9873447.261465784,22207160.74941996,5815035.14903341,5.906654298220339,4.74781510380251,77.73972602739725,550.9223359838379,0.0
4.0,price_lt,1.0,70.0,0.0,3,optimal,True,19120501.6615931,2.1372587525620066,0.3503623019605758,19120501.661593094,11544505.576968398,149713.61589339,34646831.70075992,34497118.08486653,152581.1573544628,21445334.39886465,11832875.760934327,5.6333251943452805,3.1193335049501183,259.73706565774035,524.8919650538139,0.0
8.0,price_lt,1.0,70.0,0.0,3,optimal,True,22063051.70954885,1.2679090927765215,0.7569061835320843,22063051.70954885,18303976.23946502,-645084.4627533898,50091737.081729256,50736821.54448265,-585394.2746828145,24044566.827530026,18928395.503376856,4.68713018427411,1.1236619951255875,433.91160956214236,587.1149879237639,0.0
16.0,price_lt,1.0,70.0,0.0,3,optimal,True,31243763.95119438,0.9396883870980748,0.6029130593003853,31243763.951194383,29614089.547307346,-488704.8727215345,81251407.37720275,81740112.24992429,-488704.87272151536,32962148.313130867,30428364.17661677,4.191104089179309,1.104435330789543,335.91243383854834,433.19820889850206,0.0
