vol_multiplier,shock_type,correlated,subsidy,deviation,run,termination_condition,feasible,objective,avg_h2_production,std_h2_production,avg_scenario_obj,std_scenario_obj,worst_scenario_obj,best_scenario_obj,obj_range,cvar_5pct,avg_revenue,std_revenue,avg_demand_met,min_demand_met,total_entry_booking,total_exit_booking,n_quality_deviations
1.0,price_st,1.0,0.0,0.0,0,optimal,True,21530393.531507816,-2.6256924173558693e-11,1.0294489476810533e-10,21530393.531507816,1051521.7691675825,20233473.351346765,23439510.685119353,3206037.3337725885,20233473.35134677,24009923.2645711,1053463.9063705164,4.936553027680514,3.5666778175297225,75.07154058282937,514.8167516100041,0.0
2.0,price_st,1.0,0.0,0.0,0,optimal,True,21531760.89994481,0.0,0.0,21531760.89994481,1251048.4591605172,19860702.8338336,23918726.63175074,4058023.797917139,19860702.8338336,24011846.01639408,1252380.0769092843,4.935383287159189,3.566677817529723,79.17129920592778,673.8939047115701,0.0
4.0,price_st,1.0,0.0,0.0,0,optimal,True,21571612.664197303,0.0,0.0,21571612.664197303,1730324.017023689,19115455.96925183,24877490.663801864,5762034.694550034,19115455.96925186,24051556.013888255,1732072.5538619584,4.93598332496957,3.566677817529723,73.93153632896602,721.7895535314717,0.0
8.0,price_st,1.0,0.0,0.0,0,optimal,True,21652915.472870894,0.0,0.0,21652915.472870894,2808270.0262665143,17593975.48646315,26793607.527500648,9199632.0410375,17593975.48646315,24132286.02122475,2809359.4959961195,4.935018387950586,3.566534944564195,76.19527549362459,685.2498650778995,0.0
16.0,price_st,1.0,0.0,0.0,0,optimal,True,21834427.513526175,1.6749254190597105e-13,1.3294308370237914e-12,21834427.513526175,5075291.436921881,14645045.274516927,30562544.266867325,15917498.992350398,14645045.274516927,24313822.463988505,5076659.967975677,4.937150233064211,3.566677817529723,74.9075600412007,486.62096816672806,0.0
