vol_multiplier,shock_type,correlated,subsidy,deviation,run,termination_condition,feasible,objective,avg_h2_production,std_h2_production,avg_scenario_obj,std_scenario_obj,worst_scenario_obj,best_scenario_obj,obj_range,cvar_5pct,avg_revenue,std_revenue,avg_demand_met,min_demand_met,total_entry_booking,total_exit_booking,n_quality_deviations
1.0,price_lt,0.2,70.0,0.0,3,optimal,True,20693942.350702573,2.0032839590170965,0.5651965778858624,20693942.35070257,908783.419076559,19066227.43511429,21960278.076566096,2894050.641451806,19092521.289488595,23179854.019366644,902173.1465795048,5.903434295897242,4.768263646287204,75.73972602739748,803.9162904500769,0.0
2.0,price_lt,0.2,70.0,0.0,3,optimal,True,21664802.242470767,1.9494287106625243,0.7003673175285737,21664802.242470764,2172892.7557023773,18037335.93871556,25081846.50705591,7044510.56834035,18047076.62569138,24151096.106975656,2163672.154956368,5.900728962727442,4.698683959531597,75.73972602739725,706.7879349005739,0.0
4.0,price_lt,0.2,70.0,0.0,3,optimal,True,23860718.50042677,1.6663584110449583,0.7377379258022011,23860718.50042677,4681609.261594147,16739199.668714898,31575733.69652214,14836534.027807241,16744254.104620233,26338927.03449279,4680543.470015636,5.8613808180271665,4.471836636934831,101.30783989881002,599.7951799999958,0.0
8.0,price_lt,0.2,70.0,0.0,3,optimal,True,29010330.27771092,1.5482865977125337,0.8131166866514293,29010330.277710915,8999582.269401995,16791725.80561846,44620123.98322971,27828398.17761125,16797373.457113802,31447289.57862235,9040154.706887221,5.710398309740545,3.617732000459385,175.4750819496398,550.6105451307633,0.0
16.0,price_lt,0.2,70.0,0.0,3,optimal,True,40608538.00605418,1.2922189417558423,0.9270008389960407,40608538.00605419,17000428.836265933,20456721.014931902,71304089.71450227,50847368.69957037,20456721.014932025,43024067.34942618,17045253.548043296,5.644357959346745,3.5091193998041827,187.45551416142723,525.2311311806002,0.0
