vol_multiplier,shock_type,correlated,subsidy,deviation,run,termination_condition,feasible,objective,avg_h2_production,std_h2_production,avg_scenario_obj,std_scenario_obj,worst_scenario_obj,best_scenario_obj,obj_range,cvar_5pct,avg_revenue,std_revenue,avg_demand_met,min_demand_met,total_entry_booking,total_exit_booking,n_quality_deviations
1.0,price_st,0.8,30.0,0.0,2,optimal,True,21851854.07109666,0.2996575342465754,0.7928193141032591,21851854.07109666,1167187.3112782144,19918822.627235662,24247126.00214336,4328303.3749076985,19918822.627235662,24356774.079958454,1237224.2213882052,5.585196323689775,4.638362587711131,82.4445944232368,598.2938337752845,0.0
2.0,price_st,0.8,30.0,0.0,2,optimal,True,21814106.27176528,0.2911125474854129,0.7728612733563762,21814106.271765284,1173550.3227974307,19916699.77864533,24313432.582897663,4396732.804252334,19943571.33712511,24319506.232219346,1241940.3485483557,5.589092526316735,4.6382127777403825,77.65047945708424,929.2285379112035,0.0
4.0,price_st,0.8,30.0,0.0,2,optimal,True,21795093.630409986,0.29965753424657604,0.7928193141032609,21795093.630409986,1338418.117784224,20043462.374353107,24450066.310113102,4406603.935759995,20043462.374353107,24300178.786110763,1405009.1864329656,5.588863709866264,4.638362587711131,76.73972602739725,729.0123015145907,0.0
8.0,price_st,0.8,30.0,0.0,2,optimal,True,21795591.170802265,0.015529248364350942,0.04832271118305609,21795591.170802265,1863745.3973260142,19378066.93693968,24748316.40555179,5370249.468612112,19378066.936939713,24269588.475957654,1863077.5392298503,5.583444774159643,4.638331077062577,75.73972602739725,697.9644915612649,0.0
16.0,price_st,0.8,30.0,0.0,2,optimal,True,22197479.14812256,0.19924691708657796,0.5295508580068226,22197479.14812256,2988720.3189314427,17903104.289344773,26696312.974748623,8793208.68540385,17903104.289344773,24693361.652543403,3009837.557625902,5.588092003680208,4.638321424590889,75.73972602739725,565.0010429429826,0.0
