vol_multiplier,shock_type,correlated,subsidy,deviation,run,termination_condition,feasible,objective,avg_h2_production,std_h2_production,avg_scenario_obj,std_scenario_obj,worst_scenario_obj,best_scenario_obj,obj_range,cvar_5pct,avg_revenue,std_revenue,avg_demand_met,min_demand_met,total_entry_booking,total_exit_booking,n_quality_deviations
1.0,price_lt,0.0,45.0,0.0,3,optimal,True,21538205.733882003,1.8718150425469753,0.5442467181877798,21538205.733882003,934069.9279311806,19643323.519018438,23136258.457720183,3492934.938701745,19677613.72883244,24156596.159710754,940505.8471652307,5.899135192317477,4.7671619875909,75.81630106526391,954.3249861574833,0.0
2.0,price_lt,0.0,45.0,0.0,3,optimal,True,23253881.70245725,1.7918555415126565,0.6760003142546693,23253881.70245725,1860266.8466342804,19622079.385608416,26201168.8129057,6579089.427297283,19677152.89576756,25865003.39355976,1875409.41633652,5.896357411892025,4.767161987590872,75.73972602739725,858.0853376326173,0.0
4.0,price_lt,0.0,45.0,0.0,3,optimal,True,26901489.946543586,1.5964351074911145,0.8458531494914711,26901489.946543586,3650172.264813562,19952785.02737781,32331136.66342836,12378351.636050548,20001220.91740327,29494339.34971386,3670963.4783689207,5.867259076402292,4.768338633459065,86.4040569383472,562.4362173826897,0.0
8.0,price_lt,0.0,45.0,0.0,3,optimal,True,34744037.787885495,1.4032973880206356,0.9718363305486876,34744037.78788549,7126951.434870576,20748268.905209087,44589669.06175858,23841400.15654949,20817454.229441196,37319600.93575707,7138139.820483201,5.846932347512717,4.7683535079590875,88.27349502275374,690.8636723878839,0.0
16.0,price_lt,0.0,45.0,0.0,3,optimal,True,51550065.172809355,1.254989833257408,0.9380014195092727,51550065.17280935,13947678.01777658,23539048.92453532,69262976.19804999,45723927.27351467,23666897.64501199,54099201.9463644,13953936.096783618,5.775833811596477,4.7683535079590875,118.68141447996166,614.5355558645073,0.0
