vol_multiplier,shock_type,correlated,subsidy,deviation,run,termination_condition,feasible,objective,avg_h2_production,std_h2_production,avg_scenario_obj,std_scenario_obj,worst_scenario_obj,best_scenario_obj,obj_range,cvar_5pct,avg_revenue,std_revenue,avg_demand_met,min_demand_met,total_entry_booking,total_exit_booking,n_quality_deviations
1.0,price_lt,0.2,0.0,0.0,1,optimal,True,21584056.795897786,0.0,0.0,21584056.79589779,496230.63190881634,21089600.785143603,22701487.469562717,1611886.6844191141,21089600.785143606,24064464.63972795,487517.4076044438,5.330949200115352,4.516943613635188,74.73972602739762,684.4775679052988,0.0
2.0,price_lt,0.2,0.0,0.0,1,optimal,True,23317578.507822927,0.0,0.0,23317578.507909656,1132891.2786393862,22268517.82675631,26133132.250963498,3864614.424207188,22287155.304670855,25796295.06892104,1125580.0306076757,5.330884873622775,4.517197914271624,73.73972602739725,658.5478536391531,0.0
4.0,price_lt,0.2,0.0,0.0,1,optimal,True,27053362.880721617,0.02000000000000033,0.11135528725660226,27053362.880721617,2402555.7182871024,24922775.62677475,33025535.9167803,8102760.29000555,24922775.626774747,29535472.694286887,2394495.101066988,5.32525238490824,4.517197914271909,74.73972602739725,587.6150833095937,0.0
8.0,price_lt,0.2,0.0,0.0,1,optimal,True,34760836.770270094,0.29965753424657526,0.7928193141032588,34760836.770270094,4946920.521678939,30399894.290442333,46997602.40155417,16597708.111111835,30399894.290442333,37294792.12695286,5087772.248711072,5.299283185866539,4.565645828787015,96.72342066978544,591.5498938132707,0.0
16.0,price_lt,0.2,0.0,0.0,1,optimal,True,50714076.80549342,0.7760135911073416,0.979541804929255,50714076.80549342,10597235.082055792,41018127.871144615,76982585.4227357,35964457.55159109,41018127.871144615,53335030.29205717,10709722.755538803,5.272256963158647,4.5656282591510955,136.52912204414432,612.016789346974,0.0
