vol_multiplier,shock_type,correlated,subsidy,deviation,run,termination_condition,feasible,objective,avg_h2_production,std_h2_production,avg_scenario_obj,std_scenario_obj,worst_scenario_obj,best_scenario_obj,obj_range,cvar_5pct,avg_revenue,std_revenue,avg_demand_met,min_demand_met,total_entry_booking,total_exit_booking,n_quality_deviations
1.0,price_st,0.2,30.0,0.0,3,optimal,True,20612408.513850395,0.0,0.0,20612408.513850395,746223.1937520982,19259078.795268677,21718074.829604004,2458996.0343353264,19260897.033546947,23089529.39300173,741020.052968586,5.850462046482074,4.705140674574346,74.73972602739725,912.1574611525982,0.0
2.0,price_st,0.2,30.0,0.0,3,optimal,True,20705983.43853876,0.0,0.0,20705983.43853876,755107.6739285835,19211929.426264983,21692909.90728576,2480980.4810207784,19219569.626262277,23183584.580695566,749329.5196489536,5.850863937821918,4.717920606983658,74.73972602739725,764.9957543242173,0.0
4.0,price_st,0.2,30.0,0.0,3,optimal,True,20903820.810861815,1.5959455978986625e-16,8.888016173134668e-16,20903820.810861815,771358.2031079589,19287779.068279643,21721708.44806603,2433929.379786387,19287779.068279643,23381038.871156823,766237.5596372093,5.8405251439298365,4.718196768303124,104.99103895026091,577.7609165344039,0.0
8.0,price_st,0.2,30.0,0.0,3,optimal,True,21417043.20085055,0.2996575342465754,0.792819314103259,21417043.200850546,1034316.0324989199,19509159.89563379,23440508.830760717,3931348.9351269267,19509159.89563379,23927825.451304927,1097990.0453325142,5.8542478777294225,4.718261133030006,76.73972602739725,564.8995533457189,0.0
16.0,price_st,0.2,30.0,0.0,3,optimal,True,22561643.45202817,0.5922901879111121,1.0259729021158936,22561643.45202817,1842394.16283291,19960825.50344078,26895298.501060568,6934472.997619789,19960825.50344078,25107663.836418323,1925914.0264678497,5.8550045315285075,4.718261478522581,94.17493786501213,552.8892266222233,0.0
