vol_multiplier,shock_type,correlated,subsidy,deviation,run,termination_condition,feasible,objective,avg_h2_production,std_h2_production,avg_scenario_obj,std_scenario_obj,worst_scenario_obj,best_scenario_obj,obj_range,cvar_5pct,avg_revenue,std_revenue,avg_demand_met,min_demand_met,total_entry_booking,total_exit_booking,n_quality_deviations
1.0,price_lt,0.0,45.0,0.0,2,optimal,True,21059355.233196437,2.3007326536614023,0.15629516997396517,21059355.233196437,753470.5132865085,19492415.68244828,22165837.019726794,2673421.337278515,19572030.223871578,23709014.563785233,754255.7914849848,5.640279193455734,4.680565103559052,75.73972602739725,958.0637003624864,0.0
2.0,price_lt,0.0,45.0,0.0,2,optimal,True,22500395.42711342,2.1720288933522727,0.2597256865306942,22500395.42711342,1461241.7559442276,19501270.71502981,24668926.29623612,5167655.581206311,19569644.080895465,25136685.25152925,1462703.229040863,5.6356035992279185,4.680807648875508,75.73972602739725,1008.3576075956357,0.0
4.0,price_lt,0.0,45.0,0.0,2,optimal,True,25629246.2972768,2.0233717522885613,0.4838167780359037,25629246.2972768,2943603.7127268924,19619998.375831496,29732816.892549053,10112818.516717557,19761390.90268134,28247020.501999404,2944902.7936986587,5.587093976534241,4.674428261214427,99.44118074988198,776.7545958660794,0.0
8.0,price_lt,0.0,45.0,0.0,2,optimal,True,32779153.371879295,1.9515805249387714,0.6590695652185468,32779153.371879295,6025621.905737164,21054520.66862312,39993997.44979105,18939476.78116793,21126381.45648061,35389242.316690154,6035773.148834844,5.5753859398172825,4.606563756166598,101.05090850695404,726.1939404489692,0.0
16.0,price_lt,0.0,45.0,0.0,2,optimal,True,47810989.17348882,1.9825589405857207,0.6764877542712053,47810989.17348881,12391353.357317185,24574210.307631336,61617643.214647464,37043432.90701613,24599280.124285113,50423065.19450061,12405883.994915579,5.570246501735916,4.606563756166573,108.55164383881343,729.3142652076176,0.0
