vol_multiplier,shock_type,correlated,subsidy,deviation,run,termination_condition,feasible,objective,avg_h2_production,std_h2_production,avg_scenario_obj,std_scenario_obj,worst_scenario_obj,best_scenario_obj,obj_range,cvar_5pct,avg_revenue,std_revenue,avg_demand_met,min_demand_met,total_entry_booking,total_exit_booking,n_quality_deviations
1.0,price_st,0.6,30.0,0.0,1,optimal,True,21520427.326305486,0.34028305038715195,0.8114678260757996,21520427.326305486,491791.3403936475,20928991.0746873,22405731.69461298,1476740.6199256815,20943734.461754743,24041401.036571812,556962.478183276,5.338053355454827,4.563456031211137,77.07666069306153,1013.3653041723849,0.0
2.0,price_st,0.6,30.0,0.0,1,optimal,True,21586426.367137995,0.34421316348566494,0.7861455578875849,21586426.367137995,463823.37558672373,21041689.695531663,22469760.201830015,1428070.506298352,21104072.339201283,24105268.789718885,528046.7957129946,5.338313337439836,4.565529543171995,76.73972602739725,749.5522361188281,0.0
4.0,price_st,0.6,30.0,0.0,1,optimal,True,21756629.38698869,0.34421316348566094,0.7861455578875847,21756629.386988685,473892.05441216147,21078953.06571116,22736093.689613596,1657140.6239024363,21156740.397093773,24278142.514599577,539478.3307241988,5.338315861189828,4.565645828787011,76.73972602739725,626.3411405102015,0.0
8.0,price_st,0.6,30.0,0.0,1,optimal,True,22109040.851491746,0.6636376469945628,1.05184716283869,22109040.851491746,749703.1681341914,20911760.775212474,23350272.758781616,2438511.9835691415,20913641.95441766,24665050.462535247,841324.2014289608,5.3461721884007884,4.565645828787015,76.73972602739725,756.3050934583438,0.0
16.0,price_st,0.6,30.0,0.0,1,optimal,True,23011674.709777016,0.5519797927116017,0.8278243275513553,23011674.709777016,1434033.6986415137,20902472.81890487,25410082.866718758,4507610.047813889,20902472.81890487,25551149.000234045,1509657.480800049,5.310431536072523,4.532775980928703,100.08637851904813,806.2515114663028,0.0
