vol_multiplier,shock_type,correlated,subsidy,deviation,run,termination_condition,feasible,objective,avg_h2_production,std_h2_production,avg_scenario_obj,std_scenario_obj,worst_scenario_obj,best_scenario_obj,obj_range,cvar_5pct,avg_revenue,std_revenue,avg_demand_met,min_demand_met,total_entry_booking,total_exit_booking,n_quality_deviations
1.0,price_lt,0.6,0.0,0.0,1,optimal,True,21597151.579152104,0.0,0.0,21597151.5791521,983110.7314852162,20295503.712897472,23440916.75396625,3145413.0410687774,20299192.041279886,24077093.67907872,973008.7168517509,5.330937625753077,4.517060302128393,74.73972602739725,771.3498656268965,0.0
2.0,price_lt,0.6,0.0,0.0,1,optimal,True,23291494.418129068,0.0,0.0,23291494.41812907,2178730.999775638,20574286.996892855,27626538.263723273,7052251.266830418,20591996.45674965,25772071.257034887,2171406.8763191234,5.330882714355183,4.517215483907825,74.73972602739725,717.4826243763774,0.0
4.0,price_lt,0.6,0.0,0.0,1,optimal,True,26935736.063074518,0.020000000000000788,0.11135528725660482,26935736.063074514,4523263.118323737,21272040.435268402,36048747.955265604,14776707.519997202,21286576.48229974,29418235.77360394,4511854.358236767,5.331490099848228,4.517215483907824,74.73972602739725,487.54377751022224,0.0
8.0,price_lt,0.6,0.0,0.0,1,optimal,True,34512597.88601955,0.5993150684931499,1.038044148371757,34512597.88601954,9036701.22164331,24337303.18739525,53116184.22185376,28778881.034458514,24337303.187395643,37105809.28963647,9221314.239507342,5.3064902427402645,4.565645828787015,96.72342066978403,498.6845645578378,0.0
16.0,price_lt,0.6,0.0,0.0,1,optimal,True,49915180.62684841,0.7043314380397477,0.9999229114789995,49915180.62684841,17967171.44451494,30699420.08456224,87270644.22148898,56571224.13692674,30699420.084562242,52516022.13485822,18162736.185721133,5.243896870815902,4.565645828787002,117.35740645008434,573.121265405097,0.0
