vol_multiplier,shock_type,correlated,subsidy,deviation,run,termination_condition,feasible,objective,avg_h2_production,std_h2_production,avg_scenario_obj,std_scenario_obj,worst_scenario_obj,best_scenario_obj,obj_range,cvar_5pct,avg_revenue,std_revenue,avg_demand_met,min_demand_met,total_entry_booking,total_exit_booking,n_quality_deviations
1.0,price_lt,1.0,70.0,0.0,2,optimal,True,20720602.307338625,2.1756244124523776,0.36344800507388436,20720602.307338625,1993493.377562241,17740186.84610339,23523078.285029605,5782891.438926216,17742479.05879636,23213689.261109512,1992901.343747806,5.636746347478735,4.687464529261197,78.73972602739725,383.06515211724127,0.0
2.0,price_lt,1.0,70.0,0.0,2,optimal,True,20912321.278355133,2.0612853268056752,0.3622901323551591,20912321.278355133,4014675.334154908,15049891.541870028,26453371.264146835,11403479.722276807,15107543.965907084,23404701.16471259,4013666.179383142,5.634058496942795,4.6756264443941005,76.73972602739725,512.8874363296316,0.0
4.0,price_lt,1.0,70.0,0.0,2,optimal,True,21481984.674615014,2.0555981623880264,0.3318558837466651,21481984.674615014,8268746.2216993645,9902950.190068666,32930419.655945156,23027469.46587649,9944887.5437797,23975735.15791757,8265898.287229418,5.634033447375355,4.6756264443941005,82.73972602739725,608.0526284537631,0.0
8.0,price_lt,1.0,70.0,0.0,2,optimal,True,23023690.236841273,1.9156527655914406,0.5968019332201802,23023690.23684127,16966331.95041354,417164.42986815714,46753375.79616147,46336211.36629332,417778.0363840307,25373110.739912532,17143163.89555681,5.415844647106125,3.975103242353458,207.2838183101513,569.3645852961457,0.0
16.0,price_lt,1.0,70.0,0.0,2,optimal,True,30106943.06726316,1.0868495378140697,0.7692008975604517,30106943.067263164,30368116.081785157,-490736.8229820121,74855013.2509,75345750.07388201,-470017.82686448796,31840146.938622795,31122125.856382504,4.0169200317903,1.0819605612165635,351.908919093764,518.5044366406019,0.0
