vol_multiplier,shock_type,correlated,subsidy,deviation,run,termination_condition,feasible,objective,avg_h2_production,std_h2_production,avg_scenario_obj,std_scenario_obj,worst_scenario_obj,best_scenario_obj,obj_range,cvar_5pct,avg_revenue,std_revenue,avg_demand_met,min_demand_met,total_entry_booking,total_exit_booking,n_quality_deviations
1.0,price_lt,0.6,30.0,0.0,3,optimal,True,20182574.990507033,8.153200337090993e-17,6.471402144369227e-16,20182574.990507033,1864108.4776884352,16972568.89267221,22219950.838246662,5247381.945574451,16972568.89267221,22657858.481835846,1862675.104829773,5.850811237981247,4.717680872037359,73.73972602739816,736.4302346191861,0.0
2.0,price_lt,0.6,30.0,0.0,3,optimal,True,20739273.532257542,0.2996575342465754,0.7928193141032589,20739273.532257542,3873298.358299151,14380619.270009689,25027363.27632101,10646744.00631132,14380619.270009689,23249454.963096052,3903565.8004385615,5.858312756583869,4.7176547714852255,77.15258539741461,715.4407495167875,0.0
4.0,price_lt,0.6,30.0,0.0,3,optimal,True,22264098.650884833,0.6015021309768068,0.8470899624094431,22264098.650884833,7881818.547510748,10047197.613977766,31538594.870935176,21491397.25695741,10047197.613977766,24802208.027725797,7940426.651209457,5.833657648268769,4.447474707981934,102.38749427384694,571.3848735257927,0.0
8.0,price_lt,0.6,30.0,0.0,3,optimal,True,26500548.393755514,0.8707497291504112,1.0022333688275387,26500548.393755518,14474876.506448459,5003408.897874294,44587995.47373145,39584586.575857155,5003408.897874294,29014267.671767645,14605815.090767382,5.639911296164456,3.5245734346350654,187.07577541597234,639.7726829984865,0.0
16.0,price_lt,0.6,30.0,0.0,3,optimal,True,36726083.72897053,0.8976292138210323,1.0167655797419175,36726083.72897053,25826382.71911813,-463265.13910757634,71013433.86204375,71476699.00115132,-463265.13908900385,38934910.17236434,26389710.449866347,4.915588462434716,1.1194202797102264,379.5481897512468,446.85844076597,0.0
