vol_multiplier,shock_type,correlated,subsidy,deviation,run,termination_condition,feasible,objective,avg_h2_production,std_h2_production,avg_scenario_obj,std_scenario_obj,worst_scenario_obj,best_scenario_obj,obj_range,cvar_5pct,avg_revenue,std_revenue,avg_demand_met,min_demand_met,total_entry_booking,total_exit_booking,n_quality_deviations
1.0,price_st,0.2,0.0,0.0,1,optimal,True,21494380.22680922,0.0,0.0,21494380.22680922,501595.704215479,20746193.53466825,22235798.767466664,1489605.2327984162,20752165.04572435,23975900.871887863,499836.0694793923,5.330914704621526,4.5168658213063315,74.73972602739725,942.0643598554336,0.0
2.0,price_st,0.2,0.0,0.0,1,optimal,True,21549318.618997127,0.0,0.0,21549318.618997123,460637.2115709054,20929808.46842652,22179490.877454836,1249682.4090283178,20929808.468426522,24028806.348309085,458746.93226672785,5.330939741657872,4.517113296423277,74.73972602739725,713.700386853182,0.0
4.0,price_st,0.2,0.0,0.0,1,optimal,True,21673704.25614107,0.0,0.0,21673704.25614107,417373.9955086955,21194735.50770485,22209108.606429443,1014373.0987245925,21203783.51414935,24155033.837902263,412878.5313285085,5.3309086414390165,4.517215483907824,74.73972602739725,778.3170626534059,0.0
8.0,price_st,0.2,0.0,0.0,1,optimal,True,22009044.270710316,0.0,0.0,22009044.27071032,419660.80786817346,21360379.7093829,22538912.964126263,1178533.2547433637,21360379.709382948,24487602.800059877,418546.2081221188,5.331023010068252,4.517113296423276,73.73972602739725,559.641797617388,0.0
16.0,price_st,0.2,0.0,0.0,1,optimal,True,22907591.01812145,0.0,0.0,22907591.01812145,680144.7756343643,21585285.626362927,23620683.410637923,2035397.7842749953,21641826.629956618,25381163.969204117,675620.688454884,5.294788329098354,4.4886447326741115,97.67184848859064,830.9297349341019,0.0
