vol_multiplier,shock_type,correlated,subsidy,deviation,run,termination_condition,feasible,objective,avg_h2_production,std_h2_production,avg_scenario_obj,std_scenario_obj,worst_scenario_obj,best_scenario_obj,obj_range,cvar_5pct,avg_revenue,std_revenue,avg_demand_met,min_demand_met,total_entry_booking,total_exit_booking,n_quality_deviations
1.0,price_st,0.6,0.0,0.0,0,optimal,True,21564692.396512836,0.0,0.0,21564692.396512836,984185.7721554029,20312592.258532934,23232483.347336195,2919891.0888032615,20312592.25853295,24044895.7303155,986007.4062378898,4.937228367085319,3.566677817529723,76.97948890435823,744.6420875330637,0.0
2.0,price_st,0.6,0.0,0.0,0,optimal,True,21651288.93268415,0.0,0.0,21651288.932684153,1114084.0203107665,20019617.827642683,23647729.131263066,3628111.303620383,20019617.827642683,24131628.935270716,1115490.9390299772,4.937226367988696,3.566677817529723,75.95551261666213,702.0159127893903,0.0
4.0,price_st,0.6,0.0,0.0,0,optimal,True,21816445.06305489,0.0,0.0,21816445.06305489,1437344.7465930262,19433554.38774563,24275738.57910637,4842184.191360742,19433554.38774563,24297486.152598172,1438746.1950143815,4.937362556212754,3.566677817529723,74.73972602739725,666.8603814240372,0.0
8.0,price_st,0.6,0.0,0.0,0,optimal,True,22167364.845903546,0.044174174224987865,0.235249289935742,22167364.845903546,2218459.783541126,18238271.904930666,25763030.022323843,7524758.117393177,18238271.904930666,24654402.470522,2224760.1906823493,4.934002950919606,3.547788321668708,81.48627739365567,804.3719561886378,0.0
16.0,price_st,0.6,0.0,0.0,0,optimal,True,23044041.31720984,0.0,0.0,23044041.31720984,4008202.4324080725,16061984.826637542,29011987.628090497,12950002.801452955,16092930.555344194,25519764.50775242,4010032.8170294985,4.932366849446154,3.547788321668733,79.12965982686151,797.8726345461899,0.0
