vol_multiplier,shock_type,correlated,subsidy,deviation,run,termination_condition,feasible,objective,avg_h2_production,std_h2_production,avg_scenario_obj,std_scenario_obj,worst_scenario_obj,best_scenario_obj,obj_range,cvar_5pct,avg_revenue,std_revenue,avg_demand_met,min_demand_met,total_entry_booking,total_exit_booking,n_quality_deviations
1.0,price_lt,1.0,0.0,0.0,1,optimal,True,21102479.87190375,0.0,0.0,21102479.871903747,1789172.2888608724,18372049.75074695,24173115.846364185,5801066.095617235,18372049.75074703,23583017.17478967,1788944.9918912426,5.331267741044677,4.517096857574417,81.73972602739725,250.92640645313614,0.0
2.0,price_lt,1.0,0.0,0.0,1,optimal,True,21877528.907247968,0.0,0.0,21877528.907247964,3682135.09658346,16329954.871142182,28359286.559828267,12029331.688686084,16329954.871142184,24359349.297860406,3680530.02135313,5.331388400280934,4.517427612644352,73.73972602739725,386.8139075490538,0.0
4.0,price_lt,1.0,0.0,0.0,1,optimal,True,23604808.648391753,0.0,0.0,23604808.648391753,7784985.184274838,12254973.276103068,37468202.78581266,25213229.509709593,12254973.27610307,26081754.21881487,7775613.902708826,5.3237869069666495,4.4886470138899615,94.7091883865243,489.96657379278247,0.0
8.0,price_lt,1.0,0.0,0.0,1,optimal,True,27279319.381758735,0.2502866389520381,0.43390688787164383,27279319.381758735,16221139.796912475,4170488.498132038,56323036.073718846,52152547.57558681,4186900.1433866546,29806823.153924853,16289125.20788443,5.328103015138652,4.537472767259902,75.73972602739725,552.8351773621956,0.0
16.0,price_lt,1.0,0.0,0.0,1,optimal,True,36375626.80172891,0.2503510555586659,0.43402417420692174,36375626.80172891,31171106.123604998,-531506.9754671324,94062848.44276954,94594355.41823667,-447922.3131945885,38646268.749335006,31551802.027303778,4.666601815882162,1.121638544681829,442.30689649931276,498.82244552034496,0.0
