vol_multiplier,shock_type,correlated,subsidy,deviation,run,termination_condition,feasible,objective,avg_h2_production,std_h2_production,avg_scenario_obj,std_scenario_obj,worst_scenario_obj,best_scenario_obj,obj_range,cvar_5pct,avg_revenue,std_revenue,avg_demand_met,min_demand_met,total_entry_booking,total_exit_booking,n_quality_deviations
1.0,price_st,0.4,70.0,0.0,1,optimal,True,21715874.53599305,2.186405075429483,0.23571002181168413,21715874.53599305,498542.506705404,21120447.411387924,22587299.973049182,1466852.5616612583,21120447.41138793,24209006.679617822,494504.861995575,5.3826123578331115,4.565296166185523,75.73972602739725,859.2121929879277,0.0
2.0,price_st,0.4,70.0,0.0,1,optimal,True,21770718.134462986,2.215446706020093,0.20616999455735394,21770718.134462982,456698.8946743549,21052620.76600535,22588265.13723641,1535644.3712310605,21155334.205969505,24262403.570762053,449319.3516396847,5.3832920577308565,4.565529543171994,76.73972602739725,1024.1575946628275,0.0
4.0,price_st,0.4,70.0,0.0,1,optimal,True,21922477.81318419,2.1949001059286486,0.20283370352372543,21922477.81318419,427149.2526368191,21336153.981215034,22734163.648821875,1398009.6676068418,21386156.27414285,24413891.664535664,420107.3326503801,5.382981154735625,4.565645828785911,75.73972602739725,775.631060650282,0.0
8.0,price_st,0.4,70.0,0.0,1,optimal,True,22254892.16267352,1.9517009726705683,0.553969351568152,22254892.162673526,561003.7536480905,21198502.357719954,23079047.16370774,1880544.8059877865,21211113.63386249,24743147.22788053,560704.8008324268,5.37675264582014,4.565543641302468,76.73972602739725,786.1263778798553,0.0
16.0,price_st,0.4,70.0,0.0,1,optimal,True,23193841.789196547,1.6412570050978166,0.818175092004569,23193841.789196547,996126.4893400136,21456562.22033286,24678210.194011364,3221647.973678503,21460282.249540344,25674653.59852743,997629.6987087734,5.333084236103315,4.533170072378022,97.03112589982094,690.405323694488,0.0
