vol_multiplier,shock_type,correlated,subsidy,deviation,run,termination_condition,feasible,objective,avg_h2_production,std_h2_production,avg_scenario_obj,std_scenario_obj,worst_scenario_obj,best_scenario_obj,obj_range,cvar_5pct,avg_revenue,std_revenue,avg_demand_met,min_demand_met,total_entry_booking,total_exit_booking,n_quality_deviations
1.0,price_st,0.8,30.0,0.0,1,optimal,True,21546183.292615637,0.3229510779127464,0.7863843954028578,21546183.292615637,508692.60925224266,20920638.191559963,22513713.146896936,1593074.955336973,21004858.950346045,24066202.0996323,574195.2605159255,5.33761807997805,4.565296166183545,76.73972602739725,659.4647494370713,0.0
2.0,price_st,0.8,30.0,0.0,1,optimal,True,21604604.84365766,0.34028305038715184,0.8114678260757995,21604604.84365766,486329.3276113078,21118844.242822286,22638487.686016865,1519643.4431945793,21118844.242822368,24126151.76940789,557657.8298158275,5.338102118811831,4.565296166185523,76.73972602739762,771.2026264225067,0.0
4.0,price_st,0.8,30.0,0.0,1,optimal,True,21765213.060521152,0.34319474334541883,0.8105754403222233,21765213.060521156,579726.7916632949,21049211.82208432,23031562.423677813,1982350.6015934944,21151188.926442306,24286652.13271533,645411.4675937272,5.338285671066318,4.5656282591511,76.73972602739725,822.3947077596129,0.0
8.0,price_st,0.8,30.0,0.0,1,optimal,True,22114894.341578912,0.6264754994093589,1.0274412587469366,22114894.341578916,1017635.4863784825,20700765.780092373,23912824.941676226,3212059.161583852,20701856.088093344,24667201.409413792,1111937.849315205,5.345095085554041,4.559162914817817,77.73972602739725,928.8988774908913,0.0
16.0,price_st,0.8,30.0,0.0,1,optimal,True,22940641.520121694,0.6700705910663489,1.027339831644253,22940641.520121694,2008692.6644389087,20194559.259618502,26306789.58281831,6112230.323199809,20285042.15933849,25492698.17563241,2108701.7319005253,5.322147239996953,4.565543641302466,102.73356974046747,642.36927331499,0.0
