vol_multiplier,shock_type,correlated,subsidy,deviation,run,termination_condition,feasible,objective,avg_h2_production,std_h2_production,avg_scenario_obj,std_scenario_obj,worst_scenario_obj,best_scenario_obj,obj_range,cvar_5pct,avg_revenue,std_revenue,avg_demand_met,min_demand_met,total_entry_booking,total_exit_booking,n_quality_deviations
1.0,price_st,0.6,45.0,0.0,2,optimal,True,21887567.809170946,1.6256684472343328,0.7336065980106464,21887567.809170946,1175133.660102156,19972039.2998701,24353275.176989097,4381235.877118997,20003173.44228022,24478217.682386424,1177326.1980561747,5.621121367873746,4.661916759587434,80.036233037944,780.6967476218742,0.0
2.0,price_st,0.6,45.0,0.0,2,optimal,True,21857557.060806382,1.7364279503637832,0.6882020333722777,21857557.060806386,1196827.7521322155,20086121.94476268,24428293.706536796,4342171.761774115,20086121.94476268,24455614.387204543,1200557.6446137936,5.6266751849716385,4.659425343829036,76.73972602739725,720.569929532978,0.0
4.0,price_st,0.6,45.0,0.0,2,optimal,True,21806405.36993409,1.8155513200597981,0.6793244598138773,21806405.36993409,1318050.1456839193,20238526.409543138,24580706.660039257,4342180.250496119,20238526.409543138,24413775.959313873,1333805.9553486407,5.628564770336725,4.658836659286126,76.73972602739725,672.5287303545637,0.0
8.0,price_st,0.6,45.0,0.0,2,optimal,True,21900592.312235717,1.9206668150871518,0.5097762306239795,21900592.312235717,1688529.7387503746,19831924.395197764,24924021.112893805,5092096.717696041,19831924.395197943,24516085.667496644,1700139.4754855349,5.631175307956454,4.65946755978143,76.73972602739725,577.4822209089416,0.0
16.0,price_st,0.6,45.0,0.0,2,optimal,True,22469028.72726369,2.110786226425137,0.3445813971170749,22469028.72726369,2479036.9434286323,18935328.76032695,26172000.055187564,7236671.294860613,18935328.76032695,25101725.29859844,2483124.2572978777,5.635162142485862,4.681637032883084,75.73972602739767,592.5376035216227,0.0
