vol_multiplier,shock_type,correlated,subsidy,deviation,run,termination_condition,feasible,objective,avg_h2_production,std_h2_production,avg_scenario_obj,std_scenario_obj,worst_scenario_obj,best_scenario_obj,obj_range,cvar_5pct,avg_revenue,std_revenue,avg_demand_met,min_demand_met,total_entry_booking,total_exit_booking,n_quality_deviations
1.0,price_st,0.8,30.0,0.0,3,optimal,True,20564151.58708307,0.0,0.0,20564151.58708307,803950.3302496304,19126680.587361567,21807649.70123529,2680969.113873724,19153351.94650045,23041384.44467387,798484.65169932,5.850633814762942,4.705140674574343,73.73972602739725,854.4823336218677,0.0
2.0,price_st,0.8,30.0,0.0,3,optimal,True,20581813.984989565,0.002013123947535408,0.0077967955226559684,20581813.98498956,885500.1848138738,18824017.26228936,21871667.007068444,3047649.744779084,18906408.96431233,23059842.08080879,880410.1059908739,5.849426957203035,4.648103470950778,76.89858407643236,912.8960887881266,0.0
4.0,price_st,0.8,30.0,0.0,3,optimal,True,20627592.298782416,9.036952971923435e-05,0.0007172859052019547,20627592.298782416,1147253.7718637232,18691678.272563223,21998695.905401222,3307017.6328379996,18696972.922023743,23105684.728406303,1141586.2416501201,5.850772285768231,4.717843653994571,74.73972602739725,734.7032957851796,0.0
8.0,price_st,0.8,30.0,0.0,3,optimal,True,20781892.264758047,0.2996575342465754,0.7928193141032591,20781892.264758043,1927133.9422749286,18284495.665678598,23745159.682058103,5460664.016379505,18284495.665678598,23293212.789422244,1978486.396332035,5.8488474182199885,4.718261133029978,94.53461598202382,615.0500797121135,0.0
16.0,price_st,0.8,30.0,0.0,3,optimal,True,21198047.99640655,0.3728156976627099,0.866390961520066,21198047.99640655,3678773.172269536,16172380.697691564,27503013.482482772,11330632.784791209,16172380.697691565,23717164.65294594,3739952.5988363912,5.855727154285123,4.71826147852257,77.21915953864702,672.3266154917459,0.0
