vol_multiplier,shock_type,correlated,subsidy,deviation,run,termination_condition,feasible,objective,avg_h2_production,std_h2_production,avg_scenario_obj,std_scenario_obj,worst_scenario_obj,best_scenario_obj,obj_range,cvar_5pct,avg_revenue,std_revenue,avg_demand_met,min_demand_met,total_entry_booking,total_exit_booking,n_quality_deviations
1.0,price_lt,0.2,45.0,0.0,2,optimal,True,21885638.69076389,1.7318652871576035,0.6942566806139541,21885638.69076389,1193408.068463943,19998884.719415776,24314478.802141365,4315594.082725588,19998884.719415776,24483800.705066174,1195085.441210004,5.626016686407244,4.6713085236317635,76.76632663382024,559.0242167800272,0.0
2.0,price_lt,0.2,45.0,0.0,2,optimal,True,24158896.08011818,1.7240964016978948,0.7795648761321278,24158896.08011818,2572182.597890186,19771488.672188345,29113250.53504883,9341761.862860486,19771488.672188345,26755280.24949565,2573192.194267102,5.617812649199772,4.658836659286126,81.71160846139398,838.1961682221071,0.0
4.0,price_lt,0.2,45.0,0.0,2,optimal,True,28899375.643790048,1.5832483860811193,0.7404460402464071,28899375.643790048,5332030.288650732,19615873.059198845,38712553.46704987,19096680.40785102,19615873.05919886,31482700.845302675,5349718.540133854,5.5790073604420005,4.615567937333732,96.08317196217372,665.9786685144,0.0
8.0,price_lt,0.2,45.0,0.0,2,optimal,True,39097492.547746986,1.7780980444134284,0.7419224622434804,39097492.547746986,10239868.822992364,21462305.73121907,58190154.1700578,36727848.438838735,21462305.73121907,41686926.43378815,10248439.574611882,5.52716285676226,4.615567937333732,93.70841060533918,601.9588170812974,0.0
16.0,price_lt,0.2,45.0,0.0,2,optimal,True,60299350.2835517,2.0716225004443043,0.48861317674052696,60299350.28355169,20128514.13474114,26345724.965956807,98721663.44280465,72375938.47684784,26345724.96595681,62909140.23083697,20131100.755539585,5.522497215095102,4.615567937333732,91.18412069459409,540.7162450037612,0.0
