vol_multiplier,shock_type,correlated,subsidy,deviation,run,termination_condition,feasible,objective,avg_h2_production,std_h2_production,avg_scenario_obj,std_scenario_obj,worst_scenario_obj,best_scenario_obj,obj_range,cvar_5pct,avg_revenue,std_revenue,avg_demand_met,min_demand_met,total_entry_booking,total_exit_booking,n_quality_deviations
1.0,price_st,0.2,70.0,0.0,3,optimal,True,20784691.94038294,1.9091414378020275,0.6776193137707148,20784691.940382943,746725.7214782952,19153372.089455288,21793192.43155304,2639820.342097752,19292007.078671787,23270417.422566354,739540.1741540363,5.898728031707343,4.637652137474155,75.73972602739725,835.4847409507606,0.0
2.0,price_st,0.2,70.0,0.0,3,optimal,True,20863352.159422807,1.9125850035331808,0.6845815547802124,20863352.159422807,757784.2319881545,19094218.5600411,21767856.2415661,2673637.6815249994,19129547.49259631,23349885.105792455,750234.2111717571,5.900727005547039,4.7682594464112595,75.73972602739725,653.769703904779,0.0
4.0,price_st,0.2,70.0,0.0,3,optimal,True,21083108.985169094,2.008369244029847,0.4960702631926052,21083108.985169094,785142.4234997912,19395539.83060587,21980719.373710234,2585179.5431043655,19416992.098000716,23568826.302476946,779820.1395520264,5.900179624626611,4.74857392954341,75.73972602739725,594.54812802898,0.0
8.0,price_st,0.2,70.0,0.0,3,optimal,True,21609199.27994168,2.1059708000714257,0.2870126869813969,21609199.27994168,1064843.332683653,19619545.643891577,23707220.78884077,4087675.144949194,19619545.643894386,24095764.980893705,1059782.1108775882,5.905891293302865,4.748573929542509,75.73972602739767,624.2917181901721,0.0
16.0,price_st,0.2,70.0,0.0,3,optimal,True,22777509.657510333,2.261953146458887,0.27703946706619564,22777509.657510333,1872273.2236371944,20077021.731249448,27162018.036914527,7084996.3056650795,20077021.731249545,25266729.82124225,1868115.0099626288,5.905830174971469,4.744029215534518,79.07436415764623,727.4936005041731,0.0
