vol_multiplier,shock_type,correlated,subsidy,deviation,run,termination_condition,feasible,objective,avg_h2_production,std_h2_production,avg_scenario_obj,std_scenario_obj,worst_scenario_obj,best_scenario_obj,obj_range,cvar_5pct,avg_revenue,std_revenue,avg_demand_met,min_demand_met,total_entry_booking,total_exit_booking,n_quality_deviations
1.0,price_st,0.4,70.0,0.0,2,optimal,True,22016987.58991889,2.1140482472986504,0.34300898579883327,22016987.58991889,1182213.8980144328,20152225.661042877,24521655.704493813,4369430.043450937,20186431.040585995,24496305.792281315,1178188.902116332,5.635308254705363,4.6713085236317635,76.73972602739725,779.6314920406606,0.0
2.0,price_st,0.4,70.0,0.0,2,optimal,True,21989156.47953555,2.136905999978322,0.282955077986895,21989156.47953555,1194048.1545019057,20291070.21656581,24596991.610176574,4305921.393610764,20291070.216565814,24468940.866130784,1189963.938033054,5.636628968503349,4.666905921432333,75.73972602739728,644.3538938217478,0.0
4.0,price_st,0.4,70.0,0.0,2,optimal,True,21923647.391822934,2.1385048479540383,0.42190408447723354,21923647.391822934,1291481.8202933613,20484671.317389954,24758280.17885402,4273608.861464065,20484671.317390025,24408325.110626124,1289800.4838122784,5.63687388959084,4.659425343829036,76.73972602739725,734.4176520848372,0.0
8.0,price_st,0.4,70.0,0.0,2,optimal,True,22061249.308046293,2.0962655697752486,0.4874380587517629,22061249.30804629,1512128.7423215483,20458573.56128057,25111992.854516406,4653419.293235835,20458573.56128057,24542458.5671933,1512585.4108445332,5.635679035682549,4.659425343829035,75.73972602739725,642.5360048936546,0.0
16.0,price_st,0.4,70.0,0.0,2,optimal,True,22736976.747871663,2.208862821064425,0.15978625046474473,22736976.747871663,1988601.7770549254,20026420.15912855,25870893.32064703,5844473.161518481,20026420.15912864,25223821.453906383,1992484.304956106,5.637845999736172,4.681660986035423,75.73972602740017,531.9392982819738,0.0
