vol_multiplier,shock_type,correlated,subsidy,deviation,run,termination_condition,feasible,objective,avg_h2_production,std_h2_production,avg_scenario_obj,std_scenario_obj,worst_scenario_obj,best_scenario_obj,obj_range,cvar_5pct,avg_revenue,std_revenue,avg_demand_met,min_demand_met,total_entry_booking,total_exit_booking,n_quality_deviations
1.0,price_lt,0.2,70.0,0.0,0,optimal,True,21782337.67910748,2.2802935247592107,0.14028838006964708,21782337.67910748,1280934.7312842014,19989273.09279191,24109004.8862734,4119731.793481488,19989273.092791937,24273288.392417885,1283059.181423806,4.986190238490194,3.604918942178408,80.03739323500113,652.7320849139918,0.0
2.0,price_lt,0.2,70.0,0.0,0,optimal,True,23644115.7813735,2.200534631296433,0.16099443906363994,23644115.781373497,2646161.559532349,19586853.394885365,28542653.95825286,8955800.563367493,19603099.898252126,26129822.506897047,2647493.0678496347,4.973363856799882,3.5859576069273644,83.82041088378335,654.1314176712955,0.0
4.0,price_lt,0.2,70.0,0.0,0,optimal,True,27514830.23224858,2.175499112874318,0.1822830084853106,27514830.232248574,5421060.5382031845,19250019.98039819,37502480.09057051,18252460.11017232,19250019.98039819,29997423.487640016,5421634.538087414,4.9641724073135975,3.604757702627701,81.29057064978247,539.8747375268703,0.0
8.0,price_lt,0.2,70.0,0.0,0,optimal,True,35577370.07036903,2.027248103699316,0.4075459268703163,35577370.07036903,10953989.006477822,18863341.514607374,55473429.10284875,36610087.58824138,18896439.024632737,38056928.325446434,10956075.911878893,4.955809310064547,3.580980554620368,84.30073848234609,524.837533345816,0.0
16.0,price_lt,0.2,70.0,0.0,0,optimal,True,52665302.48018608,1.9460953234256013,0.5877178350355005,52665302.48018608,21962278.46030347,19243045.48168373,92187310.44158068,72944264.95989695,19273533.53127746,55142713.52140429,21963306.422120955,4.945941021264277,3.5809805546193894,88.34592470950352,548.2397952190073,0.0
