vol_multiplier,shock_type,correlated,subsidy,deviation,run,termination_condition,feasible,objective,avg_h2_production,std_h2_production,avg_scenario_obj,std_scenario_obj,worst_scenario_obj,best_scenario_obj,obj_range,cvar_5pct,avg_revenue,std_revenue,avg_demand_met,min_demand_met,total_entry_booking,total_exit_booking,n_quality_deviations
1.0,price_lt,0.2,70.0,0.0,2,optimal,True,22003852.949292038,2.15596897511091,0.2818981114325867,22003852.949292034,1200885.8709218958,20165682.293417174,24481276.376142763,4315594.082725588,20165682.293417174,24485358.730865434,1196624.5802349756,5.636994347746925,4.669183686033186,75.73972602739725,760.1855918142264,0.0
2.0,price_lt,0.2,70.0,0.0,2,optimal,True,24304750.22119833,2.0511178359408415,0.4833803497658816,24304750.22119833,2588050.5602361457,19938256.410908964,29280576.033727817,9342319.622818854,19938256.410908964,26782209.637627237,2583666.4270476387,5.628168663570884,4.659425343828967,79.49616314605584,573.3431607898026,0.0
4.0,price_lt,0.2,70.0,0.0,2,optimal,True,29029390.621780645,2.000273497410792,0.5313226639812793,29029390.621780645,5336839.381310108,19753209.534910873,38879128.75095657,19125919.2160457,19753209.534910873,31501507.50302958,5338762.690610223,5.577710365112367,4.615567937333246,97.70485726637709,569.7973155234538,0.0
8.0,price_lt,0.2,70.0,0.0,2,optimal,True,39226991.12844928,1.9809195403879605,0.5280336431057857,39226991.128449276,10233762.035764566,21627755.0941411,58356764.3708412,36729009.276700094,21627755.0941411,41693401.75514212,10238800.291481523,5.528681375212649,4.615567937333732,92.46641297724273,608.0996284775723,0.0
16.0,price_lt,0.2,70.0,0.0,2,optimal,True,60448584.49823276,2.071622500444308,0.48861317674052795,60448584.49823277,20136327.841448158,26511173.71713677,98889294.02293985,72378120.30580308,26511173.71713677,62914308.97784093,20141042.512897477,5.5224975210070495,4.61556793733373,91.18412069459409,506.8213733336626,0.0
