vol_multiplier,shock_type,correlated,subsidy,deviation,run,termination_condition,feasible,objective,avg_h2_production,std_h2_production,avg_scenario_obj,std_scenario_obj,worst_scenario_obj,best_scenario_obj,obj_range,cvar_5pct,avg_revenue,std_revenue,avg_demand_met,min_demand_met,total_entry_booking,total_exit_booking,n_quality_deviations
1.0,price_lt,0.2,45.0,0.0,3,optimal,True,20570214.042504784,1.7359255323609146,0.7478422582985825,20570214.042504784,950691.1125469491,18933118.18543998,21921806.82445608,2988688.6390160993,18939869.121001575,23175527.359106116,906400.4912672808,5.895874066416042,4.768245996896642,76.73972602739725,627.2569951336731,0.0
2.0,price_lt,0.2,45.0,0.0,3,optimal,True,21532205.913735934,1.6127880617250507,0.7995782315641382,21532205.913735934,2207932.9262959985,17889490.58118457,25029927.581183255,7140436.999998685,17906091.245571192,24129746.59323533,2177207.85345804,5.892534839539096,4.701580543799452,78.18520592618505,801.8034938582875,0.0
4.0,price_lt,0.2,45.0,0.0,3,optimal,True,23733263.306241665,1.300932876627157,0.9787769241693703,23733263.306241665,4707554.539414886,16349017.404008172,31525746.694879692,15176729.29087152,16575166.575093986,26300352.42039293,4696727.870358359,5.852914610593313,4.449103848829524,102.15666186720597,766.2143662009677,0.0
8.0,price_lt,0.2,45.0,0.0,3,optimal,True,28912293.33632456,1.1891278923503572,1.0525279859129157,28912293.336324565,9027134.785246788,16694229.915640064,44570245.19268906,27876015.277048998,16694229.915640064,31433104.96937721,9041039.152479475,5.711332225942991,3.6085834768795184,178.68618696181335,567.932977265228,0.0
16.0,price_lt,0.2,45.0,0.0,3,optimal,True,40536153.523948945,0.652800914589108,0.8870348522658729,40536153.52394894,17014296.943982888,20335989.98039522,71254210.34111576,50918220.36072054,20372719.771419536,42996437.31044878,17062432.45398319,5.630439541685135,3.5084137875043933,187.5959754793884,514.0394190740512,0.0
