vol_multiplier,shock_type,correlated,subsidy,deviation,run,termination_condition,feasible,objective,avg_h2_production,std_h2_production,avg_scenario_obj,std_scenario_obj,worst_scenario_obj,best_scenario_obj,obj_range,cvar_5pct,avg_revenue,std_revenue,avg_demand_met,min_demand_met,total_entry_booking,total_exit_booking,n_quality_deviations
1.0,price_lt,0.4,70.0,0.0,1,optimal,True,21841723.359399352,2.2503261883655927,0.17938041229233337,21841723.359399352,715142.2277856596,21088797.801693253,23395179.78454302,2306381.9828497656,21088797.80169334,24333987.067278914,703299.3899304746,5.384220192550242,4.565543641302549,75.73972602739725,795.1476208812992,0.0
2.0,price_lt,0.4,70.0,0.0,1,optimal,True,23625010.68565311,2.2025209734967572,0.190985508599755,23625010.685653105,1629420.7716284627,22136588.269246425,27357209.07816629,5220620.808919866,22136588.269246425,26115254.4190195,1621495.9199368856,5.3830192103286665,4.565645828787015,75.73972602739784,673.8709244317895,0.0
4.0,price_lt,0.4,70.0,0.0,1,optimal,True,27421871.691061225,2.121679161290167,0.3996946822873241,27421871.69106122,3401652.121196687,24304101.85928987,35286528.04435146,10982426.185061589,24332522.05964149,29910044.900791064,3394800.793253758,5.374614969403764,4.565645828787007,76.73972602739725,743.0732103737425,0.0
8.0,price_lt,0.4,70.0,0.0,1,optimal,True,35259492.01855344,1.8471641394582319,0.7692139956847204,35259492.018553436,6806436.014130898,29504717.43936149,51145036.38324844,21640318.94388695,29504717.439361572,37740197.9393816,6805160.299552713,5.324158922411585,4.565645828787015,95.85791966255557,534.6350855030433,0.0
16.0,price_lt,0.4,70.0,0.0,1,optimal,True,51300975.34001332,1.64362633410586,0.8333520201794243,51300975.34001332,13682307.43324618,39516893.609224245,83555493.66291423,44038600.05368999,39516893.60922428,53768609.800921604,13689267.292941688,5.262173766485487,4.565645828787015,116.2471479885069,493.40019218622444,0.0
