vol_multiplier,shock_type,correlated,subsidy,deviation,run,termination_condition,feasible,objective,avg_h2_production,std_h2_production,avg_scenario_obj,std_scenario_obj,worst_scenario_obj,best_scenario_obj,obj_range,cvar_5pct,avg_revenue,std_revenue,avg_demand_met,min_demand_met,total_entry_booking,total_exit_booking,n_quality_deviations
1.0,price_st,0.2,0.0,0.0,0,optimal,True,21578856.560783077,0.0,0.0,21578856.560783073,933576.5756814135,20446033.952220764,23050543.486677147,2604509.5344563834,20446033.952229384,24058423.62902368,934389.3003336543,4.9372282621567445,3.566677817521515,74.73972602739725,599.9017827432234,0.0
2.0,price_st,0.2,0.0,0.0,0,optimal,True,21674172.12668071,1.6623023353550687e-13,1.3194115749454213e-12,21674172.12668071,999653.2672231676,20259903.81684833,23290310.073159177,3030406.2563108467,20259903.81684833,24154784.284963235,1000367.0446747933,4.937250827979903,3.5666115014703794,74.00346519198078,639.9356058878834,0.0
4.0,price_st,0.2,0.0,0.0,0,optimal,True,21847863.889678244,0.007169636977080125,0.031951529188186036,21847863.889678244,1173510.6665123897,19870895.12598464,23618067.90101397,3747172.7750293314,19870895.125984922,24329016.01553779,1178379.0073618505,4.936346279501094,3.5477883216687305,78.59259987207615,819.4944080844514,0.0
8.0,price_st,0.2,0.0,0.0,0,optimal,True,22262911.932125375,0.0,0.0,22262911.932125375,1638359.4938250065,19215898.739909343,24461185.09235958,5245286.352450237,19274899.5857385,24740960.91231616,1639197.0773587557,4.932588534028191,3.5427408863649896,80.29862510132071,1017.1588814381174,0.0
16.0,price_st,0.2,0.0,0.0,0,optimal,True,23348989.579462476,0.0,0.0,23348989.579462476,2783950.877721884,18300060.15373386,26688790.813267007,8388730.659533147,18300060.15373388,25824313.528080944,2783466.6058026487,4.93133310831667,3.566518034372909,79.64065135939215,561.6290134098718,0.0
