vol_multiplier,shock_type,correlated,subsidy,deviation,run,termination_condition,feasible,objective,avg_h2_production,std_h2_production,avg_scenario_obj,std_scenario_obj,worst_scenario_obj,best_scenario_obj,obj_range,cvar_5pct,avg_revenue,std_revenue,avg_demand_met,min_demand_met,total_entry_booking,total_exit_booking,n_quality_deviations
1.0,price_st,1.0,45.0,0.0,3,optimal,True,20558407.03037891,1.7210249482284232,0.7648211378474529,20558407.03037891,822789.4758612491,19177114.27562448,21882641.491956793,2705527.2163323127,19193523.331839483,23163682.076097064,774630.5337185159,5.895477279008025,4.768144964888079,75.73972602739725,832.0631673295879,0.0
2.0,price_st,1.0,45.0,0.0,3,optimal,True,20519091.96991159,1.695056799484608,0.7944904102302494,20519091.96991159,950248.4777093854,19008965.591032643,22000136.326629702,2991170.735597059,19021338.47507855,23122041.810462736,901274.5877644576,5.894738312271405,4.768245996896693,75.73972602739725,722.890701831016,0.0
4.0,price_st,1.0,45.0,0.0,3,optimal,True,20431082.285559643,1.6889558458854252,0.7796751825383639,20431082.285559643,1351451.2705447108,18375584.250676814,22235669.314597264,3860085.0639204495,18375584.25067689,23033871.616390396,1308585.2556046029,5.894659434502637,4.768245996896693,75.73972602739725,736.8360941149524,0.0
8.0,price_st,1.0,45.0,0.0,3,optimal,True,20258599.796294745,1.9052942679290255,0.6695033905634844,20258599.796294745,2353951.308964875,16298393.682244219,22705128.774266757,6406735.092022538,16298393.682244273,22877879.198807914,2331069.676400545,5.900332888817039,4.755721163155188,76.73972602739725,742.4321454094722,0.0
16.0,price_st,1.0,45.0,0.0,3,optimal,True,19914290.542644147,1.4224219950357915,0.8128843081556589,19914290.542644147,4513882.508805938,12168641.387823088,24939558.1278598,12770916.740036713,12168641.387823088,22496176.303420268,4542472.801557313,5.8886549315703185,4.734911191711573,75.73972602739725,863.6977921683307,0.0
