vol_multiplier,shock_type,correlated,subsidy,deviation,run,termination_condition,feasible,objective,avg_h2_production,std_h2_production,avg_scenario_obj,std_scenario_obj,worst_scenario_obj,best_scenario_obj,obj_range,cvar_5pct,avg_revenue,std_revenue,avg_demand_met,min_demand_met,total_entry_booking,total_exit_booking,n_quality_deviations
1.0,price_st,1.0,45.0,0.0,1,optimal,True,21598677.0283557,1.9210999737904288,0.44197291393072013,21598677.028355695,561691.921632981,20988077.10645634,22803959.383127794,1815882.2766714543,21012001.169659555,24223443.930916302,563474.8507350957,5.376705858938488,4.565296166185523,75.73972602739725,757.6153387640256,0.0
2.0,price_st,1.0,45.0,0.0,1,optimal,True,21668393.412899707,1.7573783997894439,0.7043329713941053,21668393.412899703,622524.7013162979,20957328.02113332,23118840.034090072,2161512.0129567534,21008399.64759607,24281644.955146454,628922.1387928025,5.371770827046726,4.565296166185552,75.73972602739764,859.3795972460339,0.0
4.0,price_st,1.0,45.0,0.0,1,optimal,True,21815399.55120757,1.8767518576762936,0.5037719799136754,21815399.551207572,854182.5023250091,21057106.74188905,23748555.318444204,2691448.576555155,21057106.74188905,24437041.365698427,863813.2743311019,5.37571333454303,4.565296166185467,75.73972602739725,792.2859921496104,0.0
8.0,price_st,1.0,45.0,0.0,1,optimal,True,22106719.772411965,1.9291466048256236,0.509022751285693,22106719.77241197,1493572.031990097,20239685.482296146,25007204.504887667,4767519.02259152,20239685.48229615,24732904.97751823,1502963.832257987,5.3768733438473735,4.563456031211132,75.73972602739788,847.1820322890966,0.0
16.0,price_st,1.0,45.0,0.0,1,optimal,True,22686060.73398137,1.7193568934486798,0.7127919371145246,22686060.73398137,2925128.618844093,18478429.093787875,27526924.6145542,9048495.520766325,18541234.539959136,25296737.87503051,2955195.698359229,5.371076000834148,4.565296166185523,75.73972602739725,901.5873139296688,0.0
