vol_multiplier,shock_type,correlated,subsidy,deviation,run,termination_condition,feasible,objective,avg_h2_production,std_h2_production,avg_scenario_obj,std_scenario_obj,worst_scenario_obj,best_scenario_obj,obj_range,cvar_5pct,avg_revenue,std_revenue,avg_demand_met,min_demand_met,total_entry_booking,total_exit_booking,n_quality_deviations
1.0,price_lt,0.4,30.0,0.0,3,optimal,True,20376123.722435933,0.0,0.0,20376123.72243593,1367940.9407066728,18241575.05368497,22003413.28423874,3761838.2305537723,18241575.05368497,22850657.786320154,1364347.6560436573,5.850848358997831,4.717680872037334,73.73972602739725,498.1037477660637,0.0
2.0,price_lt,0.4,30.0,0.0,3,optimal,True,21191434.935688253,0.3510639213273043,0.8244240159252978,21191434.93568825,2962952.477926647,16947292.43118392,25177651.4587044,8230359.0275204815,16947292.43118392,23707766.923589908,2986107.5517057595,5.860204994246529,4.705140674574366,78.70232425383287,587.0070811329746,0.0
4.0,price_lt,0.4,30.0,0.0,3,optimal,True,23104176.83559013,0.6168820832320987,0.9070574200222854,23104176.835590128,6134840.241364236,14868449.619117688,31840438.9182525,16971989.299134813,14868449.619121963,25644443.658491746,6182452.377195253,5.831924544602888,4.355735256573107,101.50273921938391,592.6883512473449,0.0
8.0,price_lt,0.4,30.0,0.0,3,optimal,True,27961986.111195814,0.6119275857911086,0.9102760326566937,27961986.11119581,11345561.064799879,13836061.877271643,45195705.7458151,31359643.868543454,13836061.877271643,30451662.98035326,11443324.000067191,5.660853493189924,3.608583476879499,181.95522898109908,553.3943178064568,0.0
16.0,price_lt,0.4,30.0,0.0,3,optimal,True,38829328.37776293,0.617240208978322,0.907649154112368,38829328.37776293,20915116.441964045,13858591.616246127,72342000.03948587,58483408.423239745,13858591.616246128,41290246.43444005,21031230.239701074,5.531511316486958,3.508413787504391,174.80079223147942,517.7943996460025,0.0
