vol_multiplier,shock_type,correlated,subsidy,deviation,run,termination_condition,feasible,objective,avg_h2_production,std_h2_production,avg_scenario_obj,std_scenario_obj,worst_scenario_obj,best_scenario_obj,obj_range,cvar_5pct,avg_revenue,std_revenue,avg_demand_met,min_demand_met,total_entry_booking,total_exit_booking,n_quality_deviations
1.0,price_lt,1.0,45.0,0.0,2,optimal,True,20554827.70389869,1.8021182040010846,0.40735216170397304,20554827.70389869,2004530.1236927833,17571674.339688227,23364858.41794828,5793184.078260053,17573203.042029217,23168683.10150072,1999126.8168889522,5.623824091723698,4.675626444393184,77.73972602739767,405.7321829771968,0.0
2.0,price_lt,1.0,45.0,0.0,2,optimal,True,20760361.948887773,1.6691362740450784,0.516276853583292,20760361.948887773,4021851.628622082,14993590.921268627,26314924.655851103,11321333.734582476,15010227.271485344,23365441.067882344,4043027.1410550866,5.620168980055562,4.6756264443941005,76.0983637299558,586.219119649027,0.0
4.0,price_lt,1.0,45.0,0.0,2,optimal,True,21351759.095600516,1.1987688889129844,0.776922973467064,21351759.095600516,8269011.198359793,9770093.76296071,32791196.079176962,23021102.316216253,9810711.102271995,23922182.2486847,8318143.384136148,5.61294875186527,4.65356431612869,83.73972602739725,503.0388471728844,0.0
8.0,price_lt,1.0,45.0,0.0,2,optimal,True,22928329.639128692,0.8521885056198293,0.718331846410642,22928329.639128692,16955992.063786246,398292.26613234263,46694146.95814223,46295854.69200989,398292.26613234263,25332095.569217965,17165914.186238576,5.390212467360992,3.916571714104576,208.2838183101537,699.3556699214163,0.0
16.0,price_lt,1.0,45.0,0.0,2,optimal,True,30056025.588285208,0.7278775873557509,0.677681950261539,30056025.588285208,30361715.87116748,-532475.56071451,74785217.56605619,75317693.1267707,-485932.5120598169,31835782.991815247,31143571.220927678,4.005745368987029,1.0844272913534077,357.57513231723016,442.03496524338874,0.0
