vol_multiplier,shock_type,correlated,subsidy,deviation,run,termination_condition,feasible,objective,avg_h2_production,std_h2_production,avg_scenario_obj,std_scenario_obj,worst_scenario_obj,best_scenario_obj,obj_range,cvar_5pct,avg_revenue,std_revenue,avg_demand_met,min_demand_met,total_entry_booking,total_exit_booking,n_quality_deviations
1.0,price_st,1.0,70.0,0.0,2,optimal,True,22084110.449702226,2.191850974842504,0.3208161999179285,22084110.449702226,1182033.0477736753,20089692.58938709,24480411.690190528,4390719.100803439,20089692.589387145,24563421.70727007,1178498.8068131055,5.634343694395765,4.671308523631756,82.8671358144279,570.7962089873712,0.0
2.0,price_st,1.0,70.0,0.0,2,optimal,True,22114936.523035187,2.13888118448236,0.3685610947786611,22114936.52303519,1212810.1812794597,20059843.103800822,24514506.631723274,4454663.5279224515,20059843.10380093,24594572.98179476,1209418.0755455822,5.636795254715992,4.6713085236317635,75.89947223958927,705.87073086864,0.0
4.0,price_st,1.0,70.0,0.0,2,optimal,True,22159491.354901515,2.110538330778332,0.3703601432312084,22159491.354901515,1379406.0110492834,20000042.67964699,24582595.06180727,4582552.38216028,20000042.679647025,24638556.013385285,1375677.5699545385,5.636100600206126,4.6713085236317635,76.04677074712427,544.120290283,0.0
8.0,price_st,1.0,70.0,0.0,2,optimal,True,22221024.317674756,2.107955666513546,0.370587268306444,22221024.317674756,1941682.9039250566,19880461.797894564,24913657.465533536,5033195.667638972,19880461.7978946,24700382.663502455,1938182.0172540557,5.635690433653771,4.671297060797224,75.73972602739764,746.9982478093403,0.0
16.0,price_st,1.0,70.0,0.0,2,optimal,True,22366702.324265134,2.1289746953028112,0.3468898587278478,22366702.32426513,3416343.302099853,18297541.63971741,27241127.31784887,8943585.678131457,18297541.63971741,24846577.89548111,3413127.7988383262,5.63665285414528,4.669183686033186,75.73972602739767,785.3678329878562,0.0
