vol_multiplier,shock_type,correlated,subsidy,deviation,run,termination_condition,feasible,objective,avg_h2_production,std_h2_production,avg_scenario_obj,std_scenario_obj,worst_scenario_obj,best_scenario_obj,obj_range,cvar_5pct,avg_revenue,std_revenue,avg_demand_met,min_demand_met,total_entry_booking,total_exit_booking,n_quality_deviations
1.0,price_lt,0.2,30.0,0.0,0,optimal,True,21575370.248309195,0.18882590818827913,0.5770444670193846,21575370.248309195,1263743.705606988,19760690.27003853,23932218.57886918,4171528.3088306487,19760690.270038538,24078135.1402008,1306827.739511232,4.940659814710451,3.566677817529723,76.95551261666213,709.0526244520169,0.0
2.0,price_lt,0.2,30.0,0.0,0,optimal,True,23442378.513300322,0.5300958660732353,0.8433426541539277,23442378.513300322,2647729.1416800995,19378543.45433611,28412218.708467085,9033675.254130974,19378543.454336163,25979950.909476362,2703827.6686047055,4.938815584241322,3.547788321668725,86.27297310161647,780.9484595736566,0.0
4.0,price_lt,0.2,30.0,0.0,0,optimal,True,27327078.262606114,0.4839306587185638,0.781855928935715,27327078.262606114,5445158.277388234,18975626.331181865,37374861.02265051,18399234.691468645,19000757.165133927,29856833.060709696,5494859.034194839,4.931988528399073,3.5664471406934113,82.95168686081074,553.1404413034769,0.0
8.0,price_lt,0.2,30.0,0.0,0,optimal,True,35372648.21365032,1.2074202836623087,1.0229157837155556,35372648.21365032,10962614.056206372,18718224.420115776,55297703.73340611,36579479.313290335,18718224.420115843,37982912.80470674,10969010.355739506,4.937976096811147,3.5665180343733045,81.74262591172246,493.9356888901914,0.0
16.0,price_lt,0.2,30.0,0.0,0,optimal,True,52465895.40121772,1.3404978956331237,1.0044399837257993,52465895.401217714,21972851.074461788,19025984.63886297,91979200.5028878,72953215.86402483,19025984.63886297,55089958.78499032,22007261.378856864,4.9340443466766235,3.566376227822171,83.41799624387758,503.00842938234234,0.0
