vol_multiplier,shock_type,correlated,subsidy,deviation,run,termination_condition,feasible,objective,avg_h2_production,std_h2_production,avg_scenario_obj,std_scenario_obj,worst_scenario_obj,best_scenario_obj,obj_range,cvar_5pct,avg_revenue,std_revenue,avg_demand_met,min_demand_met,total_entry_booking,total_exit_booking,n_quality_deviations
1.0,price_lt,1.0,70.0,0.0,0,optimal,True,20766044.30307657,2.0622274332504533,0.2914768650129666,20766044.303076565,2930380.8526002765,16585018.698249185,25355228.751054354,8770210.052805169,16585018.698249193,23256329.79664608,2931618.9833498304,4.981456899388489,3.5990345172425764,86.73972602739725,322.59180328916773,0.0
2.0,price_lt,1.0,70.0,0.0,0,optimal,True,21027808.149502613,2.205124483008259,0.22259552297253338,21027808.149502613,5917459.000225133,12761101.44833093,30301175.487252623,17540074.03892169,12776364.767880484,23522713.811612643,5915472.769311288,4.9859696412637735,3.604780866128502,76.73972602739725,639.7822989477015,0.0
4.0,price_lt,1.0,70.0,0.0,0,optimal,True,21745176.24418492,2.0003444909363512,0.5301455296045728,21745176.244184922,12231856.090888936,5133884.454663356,41152000.915848,36018116.46118464,5152218.018029503,24235152.47468952,12221480.371297013,4.981352568299047,3.5894509281605,75.73972602739725,749.6464664395445,0.0
8.0,price_lt,1.0,70.0,0.0,0,optimal,True,24631581.078847997,1.5235798524126598,0.6352103795068598,24631581.078847997,23622526.7416326,-615187.4796417397,63406951.410292216,64022138.88993396,-615187.4796417397,26744139.042498212,24013812.328387298,4.438358897358897,1.1441973620417485,358.82525502411136,644.1264437779064,0.0
16.0,price_lt,1.0,70.0,0.0,0,optimal,True,34322580.97414862,1.41741299823472,0.8592831553934313,34322580.97414862,43271208.254993,-673208.7356613991,107926783.62702538,108599992.36268678,-635426.3876290085,36323212.4673655,43660508.04461229,4.09458391532548,1.1441973620417425,374.4858732222196,463.8556212353321,0.0
