vol_multiplier,shock_type,correlated,subsidy,deviation,run,termination_condition,feasible,objective,avg_h2_production,std_h2_production,avg_scenario_obj,std_scenario_obj,worst_scenario_obj,best_scenario_obj,obj_range,cvar_5pct,avg_revenue,std_revenue,avg_demand_met,min_demand_met,total_entry_booking,total_exit_booking,n_quality_deviations
1.0,price_st,0.4,0.0,0.0,0,optimal,True,21568860.46966466,4.029798855285614e-05,0.00031985536779223186,21568860.469664663,959615.484286561,20376786.036462333,23142633.745364174,2765847.708901841,20376786.036462333,24049403.932303354,961043.9999312462,4.93620534340149,3.56667781752975,74.9555126166746,754.8027204133411,0.0
2.0,price_st,0.4,0.0,0.0,0,optimal,True,21659537.455313195,4.0297988509768775e-05,0.00031985536779895966,21659537.45531319,1044281.6379072311,20148305.074350335,23388264.0375831,3239958.963232767,20148305.07435035,24139867.32789413,1045393.0788460725,4.936580980028621,3.566677817529723,74.93153632896603,725.6042068185465,0.0
4.0,price_st,0.4,0.0,0.0,0,optimal,True,21851411.874948323,0.0,0.0,21851411.874948323,1296086.2478778895,19590658.608305927,23972901.762998935,4382243.1546930075,19634018.974771935,24332440.54492313,1296577.239473693,4.937074545232021,3.54778832166871,74.73972602739725,766.8488957897995,0.0
8.0,price_st,0.4,0.0,0.0,0,optimal,True,22231264.760507345,0.024053280259457195,0.1909169933455887,22231264.760507345,1931095.421032155,18806378.162073743,25131961.084648672,6325582.92257493,18806378.162073743,24713043.08818882,1931763.5583626276,4.935869517139242,3.5665180343733045,77.56355084846484,817.6592902074162,0.0
16.0,price_st,0.4,0.0,0.0,0,optimal,True,23245367.29386294,2.4584215941519866e-13,1.4590329476581945e-12,23245367.29386294,3373517.145314709,17178776.935988605,27828667.904734224,10649890.968745619,17178776.935988605,25720399.05215107,3374641.6482759244,4.930512897591178,3.566518034373305,79.89614501255603,527.1375436899546,0.0
