vol_multiplier,shock_type,correlated,subsidy,deviation,run,termination_condition,feasible,objective,avg_h2_production,std_h2_production,avg_scenario_obj,std_scenario_obj,worst_scenario_obj,best_scenario_obj,obj_range,cvar_5pct,avg_revenue,std_revenue,avg_demand_met,min_demand_met,total_entry_booking,total_exit_booking,n_quality_deviations
1.0,price_lt,0.8,0.0,0.0,3,optimal,True,19972120.06728903,0.0,0.0,19972120.06728903,2349654.1093903105,15892523.962383933,22814812.804173492,6922288.8417895585,15892523.962383935,22447866.734090894,2345991.0001392653,5.850814429685007,4.717680872037334,73.73972602739725,613.8956153047229,0.0
2.0,price_lt,0.8,0.0,0.0,3,optimal,True,20134513.610505268,-7.263547116157188e-11,2.354290681271071e-10,20134513.610505268,4839510.030658573,11695540.798517348,25412458.585838765,13716917.787321417,11702346.949534526,22608803.463615842,4837087.290730446,5.850948345631236,4.717680872037335,72.73972602739725,703.955419986291,0.0
4.0,price_lt,0.8,0.0,0.0,3,optimal,True,21006821.7743975,0.0,0.0,21006821.7743975,9768998.38194351,4644258.532355515,31248753.398890443,26604494.866534926,4672777.055108906,23477412.913516458,9768895.874496674,5.826105099897302,4.521980736966197,93.18153742900688,584.534926064723,0.0
8.0,price_lt,0.8,0.0,0.0,3,optimal,True,24695040.189006485,0.29965753424657543,0.7928193141032597,24695040.189006485,17122825.22676178,-470937.4535256645,43264347.660629354,43735285.11415502,-468419.2448663705,26821586.951629013,17748820.81307163,4.876727801957585,1.11942027971192,383.11682186794434,515.4587378327366,0.0
16.0,price_lt,0.8,0.0,0.0,3,optimal,True,35625323.220040664,0.7393366132305275,1.0094228146475712,35625323.22004067,27639668.16507239,-482646.1113250018,67522560.44590816,68005206.55723315,-475269.5994121209,37687656.83304632,28477885.07612181,4.461295783486344,1.1044353307895431,367.8578845696473,452.29197013870584,0.0
