vol_multiplier,shock_type,correlated,subsidy,deviation,run,termination_condition,feasible,objective,avg_h2_production,std_h2_production,avg_scenario_obj,std_scenario_obj,worst_scenario_obj,best_scenario_obj,obj_range,cvar_5pct,avg_revenue,std_revenue,avg_demand_met,min_demand_met,total_entry_booking,total_exit_booking,n_quality_deviations
1.0,price_st,0.8,30.0,0.0,0,optimal,True,21570286.36361873,0.20932488668375293,0.6159123833788396,21570286.363618728,1029059.3730526614,20255977.70258431,23387925.66179625,3131947.959211938,20255977.70258431,24074514.36206174,1073962.9969661015,4.941118557943439,3.5666778175297225,75.11815429663035,591.1345141453393,0.0
2.0,price_st,0.8,30.0,0.0,0,optimal,True,21619053.396788325,0.09920664775402208,0.44696647589796634,21619053.39678832,1167591.8119866396,19885726.269819357,23735041.232014485,3849314.962195128,19898385.843169566,24110671.754138365,1191003.1249187612,4.9389851620207885,3.5666115014703794,76.88358375355934,705.3244145663772,0.0
4.0,price_st,0.8,30.0,0.0,0,optimal,True,21760397.392875597,0.13291144987198486,0.3445777198862282,21760397.392875597,1584938.812546422,19204950.075985577,24605164.91171038,5400214.835724805,19204950.07598558,24257029.625367723,1614503.361752345,4.9396623396964685,3.566677817529723,75.88358375357384,662.4356185025815,0.0
8.0,price_st,0.8,30.0,0.0,0,optimal,True,22044972.559532527,0.19366892334392635,0.515579038233002,22044972.55953253,2548349.989914666,17748349.388919722,26363250.071386755,8614900.682467032,17748349.38892008,24547436.097933643,2580512.1062384406,4.9411952005017135,3.547788321668727,80.97788725668681,895.8235534392534,0.0
16.0,price_st,0.8,30.0,0.0,0,optimal,True,22689830.662872832,0.5247516419857059,0.8616592960092495,22689830.66287283,4604856.872020192,15082045.81477379,30023374.40184697,14941328.58707318,15082045.81477379,25226042.63794875,4663197.710851198,4.941701765458555,3.547788321668708,80.58851028893848,758.3652914803424,0.0
