vol_multiplier,shock_type,correlated,subsidy,deviation,run,termination_condition,feasible,objective,avg_h2_production,std_h2_production,avg_scenario_obj,std_scenario_obj,worst_scenario_obj,best_scenario_obj,obj_range,cvar_5pct,avg_revenue,std_revenue,avg_demand_met,min_demand_met,total_entry_booking,total_exit_booking,n_quality_deviations
1.0,price_st,0.2,70.0,0.0,1,optimal,True,21703802.112661958,2.219572605661395,0.20002506504934395,21703802.112661958,503051.33590241877,21029790.143723514,22510901.754633475,1481111.6109099612,21038711.37276161,24197488.45787534,498610.5465931917,5.383387698117927,4.565296166185545,76.73972602739725,968.9782026288818,0.0
2.0,price_st,0.2,70.0,0.0,1,optimal,True,21751434.969652645,2.1655346341744632,0.2050612864110942,21751434.969652645,452323.9679199707,21154010.35656433,22449883.62593654,1295873.26937221,21167456.75544011,24242310.53072267,448691.0013861825,5.380762845871393,4.565373958514348,75.73972602739725,909.6162837431301,0.0
4.0,price_st,0.2,70.0,0.0,1,optimal,True,21875560.502393786,2.16297234159361,0.207760667393553,21875560.50239379,413270.0437371102,21279399.927437294,22474510.268855955,1195110.3414186612,21322900.23423557,24367627.98280871,407566.9262866933,5.382218252366848,4.565645828787015,75.73972602739725,780.8375903181068,0.0
8.0,price_st,0.2,70.0,0.0,1,optimal,True,22179982.29376889,1.9967256097409207,0.5442508947140438,22179982.29376889,432945.42258978845,21424324.25091049,22630548.754150335,1206224.503239844,21424580.14832586,24668706.265310835,433721.2689725169,5.377961093481468,4.565543641302467,75.73972602739767,682.3801185074896,0.0
16.0,price_st,0.2,70.0,0.0,1,optimal,True,23092425.55673304,1.647597453255473,0.8123354509538604,23092425.556733035,688852.2848112746,21882577.196311798,23637932.108945854,1755354.912634056,21885361.52476803,25573202.43723386,685675.5025527232,5.331521423277676,4.531969478459214,95.91717401242134,682.9522146405554,0.0
