vol_multiplier,shock_type,correlated,subsidy,deviation,run,termination_condition,feasible,objective,avg_h2_production,std_h2_production,avg_scenario_obj,std_scenario_obj,worst_scenario_obj,best_scenario_obj,obj_range,cvar_5pct,avg_revenue,std_revenue,avg_demand_met,min_demand_met,total_entry_booking,total_exit_booking,n_quality_deviations
1.0,price_lt,0.0,0.0,0.0,0,optimal,True,20858086.031742025,0.00987995670610875,0.038264907784009476,20858086.03174203,1168178.2967235704,19386701.42244559,23543414.99171828,4156713.5692726895,19426128.285276514,23341563.85819228,1170153.2748852582,4.934735608555597,3.5427408863481036,78.76367164133426,1193.4371042740045,0.0
2.0,price_lt,0.0,0.0,0.0,0,optimal,True,21822602.6723868,0.0,0.0,21822602.672386803,2366713.6397478674,18682691.610489633,26929850.167375088,8247158.556885455,18719221.546924327,24302820.481988966,2367599.0408750097,4.9333673493833565,3.542740886365021,80.54813280619662,786.4747490659645,0.0
4.0,price_lt,0.0,0.0,0.0,0,optimal,True,23865758.90848753,-1.1300795223707648e-11,8.96972813375909e-11,23865758.90848753,4740308.155517258,17373031.72892358,33702535.24473743,16329503.51581385,17388671.50475135,26342859.153020408,4742469.476433991,4.916119194031961,3.542740886364992,84.19748888175161,644.4101084938918,0.0
8.0,price_lt,0.0,0.0,0.0,0,optimal,True,28328650.184184227,0.1969987949069617,0.5423926176104062,28328650.184184227,9266782.942818752,15571019.095595635,47278304.7044305,31707285.608834863,15573222.500131076,30839539.874115773,9353702.526124803,4.892858645433318,3.5427408863649927,104.86726232972558,734.4452473041239,0.0
16.0,price_lt,0.0,0.0,0.0,0,optimal,True,38645685.39317283,0.7873618700336105,1.0392976208928337,38645685.39317284,17894148.26503736,14794453.000616148,75789547.26158442,60995094.26096827,14816557.766335541,41224084.63540061,18109823.357608013,4.734269139322333,3.252177010573072,178.54816583038422,697.1168553025663,0.0
