vol_multiplier,shock_type,correlated,subsidy,deviation,run,termination_condition,feasible,objective,avg_h2_production,std_h2_production,avg_scenario_obj,std_scenario_obj,worst_scenario_obj,best_scenario_obj,obj_range,cvar_5pct,avg_revenue,std_revenue,avg_demand_met,min_demand_met,total_entry_booking,total_exit_booking,n_quality_deviations
1.0,price_st,0.8,70.0,0.0,1,optimal,True,21740527.660786282,2.1714862279616307,0.21566151010401763,21740527.660786286,512554.93008940393,21227131.06714598,22780300.94298445,1553169.8758384697,21244050.832240697,24233400.614024974,507498.8037995872,5.382073216271047,4.565296166185523,75.73972602739725,810.7810908669511,0.0
2.0,price_st,0.8,70.0,0.0,1,optimal,True,21812434.732856143,2.2156786157345043,0.21633298454830446,21812434.732856147,493298.1218753264,21273105.160911646,22904991.933233917,1631886.772322271,21318714.61893542,24306611.42984069,486186.65289619745,5.383312935629134,4.565296166185557,76.73972602739897,886.6265499196122,0.0
4.0,price_st,0.8,70.0,0.0,1,optimal,True,21971145.29603929,2.197106125361043,0.18981165195588462,21971145.29603929,602089.484133889,21323294.224527825,23298139.810548004,1974845.586020179,21359697.847379353,24461969.001181263,593015.9634020781,5.3829887099323575,4.565628259151099,75.73972602739725,871.2477601240563,0.0
8.0,price_st,0.8,70.0,0.0,1,optimal,True,22326140.59513527,2.1582361778228654,0.20054740923015565,22326140.59513527,1065134.2841321668,20833503.688036,24181825.548079755,3348321.8600437567,20866355.868481006,24816521.368048713,1059920.755132556,5.382000924938491,4.565645828787015,75.73972602739725,678.5224752864538,0.0
16.0,price_st,0.8,70.0,0.0,1,optimal,True,23134248.66279777,1.8149939485442534,0.7501211672528549,23134248.66279777,2095225.621886959,20385242.675383464,26575085.3876825,6189842.712299038,20390678.28843419,25618268.31236614,2096561.5278458814,5.359123639739474,4.565543641302467,82.96871527295335,721.612112632433,0.0
