vol_multiplier,shock_type,correlated,subsidy,deviation,run,termination_condition,feasible,objective,avg_h2_production,std_h2_production,avg_scenario_obj,std_scenario_obj,worst_scenario_obj,best_scenario_obj,obj_range,cvar_5pct,avg_revenue,std_revenue,avg_demand_met,min_demand_met,total_entry_booking,total_exit_booking,n_quality_deviations
1.0,price_lt,0.2,0.0,0.0,2,optimal,True,21808826.81933427,0.0004831546237110987,0.0038349209373916737,21808826.81933427,1215170.4472867772,19161435.475142322,24213462.043017812,5052026.56787549,19629978.131672926,24280397.062084734,1212053.011043309,5.579412059108163,4.6382458582783785,75.81607098986827,911.3738406491145,0.0
2.0,price_lt,0.2,0.0,0.0,2,optimal,True,24100575.59490194,0.0,0.0,24100575.59490194,2578245.9116932536,19686534.109195653,28970805.42819683,9284271.319001175,19686534.109195665,26570183.949133858,2574281.121257103,5.573263762506906,4.638321424590889,82.71438544157309,758.6772040237933,0.0
4.0,price_lt,0.2,0.0,0.0,2,optimal,True,28811876.840514846,0.0,0.0,28811876.840514846,5296552.024986488,19559089.81770067,38485532.96860317,18926443.150902502,19559089.81770118,31279263.955002777,5294126.684220822,5.543537932836649,4.60206026769863,92.1702239753243,639.9919553837796,0.0
8.0,price_lt,0.2,0.0,0.0,2,optimal,True,38942132.226791754,0.2996575342465753,0.7928193141032591,38942132.22679175,10203772.616290636,21307811.855325866,57890224.19571355,36582412.34038769,21307811.855325896,41460137.25656958,10320060.804234799,5.489339345846618,4.602060267698823,93.61818777231018,616.1996811240575,0.0
16.0,price_lt,0.2,0.0,0.0,2,optimal,True,60065968.65291261,1.212347926721126,1.1015608266595325,60065968.65291262,20136294.119148463,25280676.27563568,98421765.74303764,73141089.46740197,25825739.77786981,62765314.94187905,20252163.657628056,5.510419234473652,4.602060267698822,94.02006455115641,589.7465437558764,0.0
