vol_multiplier,shock_type,correlated,subsidy,deviation,run,termination_condition,feasible,objective,avg_h2_production,std_h2_production,avg_scenario_obj,std_scenario_obj,worst_scenario_obj,best_scenario_obj,obj_range,cvar_5pct,avg_revenue,std_revenue,avg_demand_met,min_demand_met,total_entry_booking,total_exit_booking,n_quality_deviations
1.0,price_st,1.0,30.0,0.0,1,optimal,True,21547554.414337665,0.2996575342465754,0.792819314103259,21547554.414337665,552834.2048583562,20978755.16635551,22703990.848736633,1725235.6823811233,20978755.16635552,24064048.16554866,622790.0968406408,5.336942374262682,4.565296166185584,76.73972602739774,743.757913607553,0.0
2.0,price_st,1.0,30.0,0.0,1,optimal,True,21616449.134751145,0.3872945205440518,0.7956557718563546,21616449.13475114,602819.2120272022,21039438.38763422,23018820.25579414,1979381.86815992,21039438.387634225,24143850.572830908,675087.2780872122,5.339485766585232,4.565296166185523,76.73972602739725,701.0425312357651,0.0
4.0,price_st,1.0,30.0,0.0,1,optimal,True,21761463.127957042,0.29965753424658315,0.79281931410328,21761463.12795704,823191.5500606493,20982107.693022545,23647932.46791617,2665824.774893623,21000860.478742126,24278866.4982772,895601.731452992,5.3369755804449674,4.565214434158755,76.73972602739725,810.9000503525154,0.0
8.0,price_st,1.0,30.0,0.0,1,optimal,True,22047990.67226735,0.36687866927593926,0.7873414714298387,22047990.67226735,1472936.4542727275,20240890.41548532,24908033.13896886,4667142.72348354,20240890.415485322,24572328.400218092,1544202.0630218908,5.338558562866588,4.565296166185523,76.73972602739725,770.7426940579119,0.0
16.0,price_st,1.0,30.0,0.0,1,optimal,True,22630248.927160066,0.679315068493153,1.013136339793389,22630248.927160062,2899367.6107562827,18495612.47474221,27426107.652113408,8930495.177371196,18495612.47474225,25191641.767103825,2989902.832244367,5.3464396106770735,4.5634560312111425,76.73972602739725,756.3597047048457,0.0
