vol_multiplier,shock_type,correlated,subsidy,deviation,run,termination_condition,feasible,objective,avg_h2_production,std_h2_production,avg_scenario_obj,std_scenario_obj,worst_scenario_obj,best_scenario_obj,obj_range,cvar_5pct,avg_revenue,std_revenue,avg_demand_met,min_demand_met,total_entry_booking,total_exit_booking,n_quality_deviations
1.0,price_st,0.0,0.0,0.0,2,optimal,True,20978357.63107995,0.0,0.0,20978357.63107995,747870.7998425268,19427150.96165375,22070740.414097562,2643589.452443812,19506340.883421287,23456804.7743347,750142.2005638513,5.582287947775484,4.637844332562451,74.73972602739775,1034.0139614328996,0.0
2.0,price_st,0.0,0.0,0.0,2,optimal,True,21009272.57713109,0.0,0.0,21009272.577131085,823954.8075544582,19221077.743144672,22506219.344955843,3285141.6018111706,19336040.66273496,23488718.941999853,825023.8412266171,5.582673115821857,4.637844332562444,74.73972602739725,1624.5680044528938,0.0
4.0,price_st,0.0,0.0,0.0,2,optimal,True,21108700.514474217,0.0,0.0,21108700.51447422,1031748.5453012221,18905853.349900123,23394491.719129685,4488638.369229563,19140110.564467132,23589252.67696441,1033869.4990902572,5.582570062843522,4.637817985043594,74.73972602739725,2413.6877311309418,0.0
8.0,price_st,0.0,0.0,0.0,2,optimal,True,21458399.563747663,0.0,0.0,21458399.56374766,1516478.9202955111,18710186.097587887,25291556.824737754,6581370.7271498665,18884870.673927587,23939841.279231593,1518020.23046341,5.58201877334956,4.632166323964847,75.80630432498076,3217.3420508793834,0.0
16.0,price_st,0.0,0.0,0.0,2,optimal,True,22385417.22854261,0.0,0.0,22385417.22854261,2608135.111859979,17608658.617748946,29420661.68469156,11812003.066942614,18021501.238087606,24865914.291776437,2609394.737164496,5.574345375386721,4.632166323964841,103.22951492754565,3589.0532875846875,0.0
