vol_multiplier,shock_type,correlated,subsidy,deviation,run,termination_condition,feasible,objective,avg_h2_production,std_h2_production,avg_scenario_obj,std_scenario_obj,worst_scenario_obj,best_scenario_obj,obj_range,cvar_5pct,avg_revenue,std_revenue,avg_demand_met,min_demand_met,total_entry_booking,total_exit_booking,n_quality_deviations
1.0,price_st,0.4,70.0,0.0,3,optimal,True,20770746.865968797,1.938203802453002,0.623267446978149,20770746.8659688,732427.1001571715,19303717.43474128,21818518.28054695,2514800.8458056673,19354181.578303233,23257418.184118517,725084.1593013917,5.9009094340176,4.754112216777496,77.89858407647628,1091.5835058299508,0.0
2.0,price_st,0.4,70.0,0.0,3,optimal,True,20833020.79673926,1.913148510907074,0.66803940885554,20833020.796739265,765254.1433067474,19133521.90273367,21821171.69860856,2687649.79587489,19203383.902484536,23320255.478025444,757316.761270723,5.900840558972128,4.76460825061855,75.73972602739782,783.5101806335614,0.0
4.0,price_st,0.4,70.0,0.0,3,optimal,True,21016008.626032017,1.9900112714483456,0.5338981800359139,21016008.62603202,879411.5891372861,19065397.706403073,22127677.75688739,3062280.0504843183,19065397.70640489,23503226.301010713,873024.8450961855,5.902193040843933,4.748573929179682,75.73972602739725,803.6484986785988,0.0
8.0,price_st,0.4,70.0,0.0,3,optimal,True,21468650.695450034,2.1599883104672277,0.2733018052506967,21468650.695450038,1284780.2317532005,19262811.03621786,24000422.92978111,4737611.893563248,19262811.03621791,23954887.604100555,1278899.2507340726,5.907381778801854,4.748573929543429,75.73972602739725,652.0855360899035,0.0
16.0,price_st,0.4,70.0,0.0,3,optimal,True,22473902.700665757,2.2259462594810495,0.311805343830311,22473902.700665757,2355677.261650807,19362359.169147097,27748414.95645225,8386055.787305154,19362359.1691471,24963238.48542066,2351696.415273446,5.904471643440003,4.748574275036012,78.30672656430703,591.6642078395766,0.0
