vol_multiplier,shock_type,correlated,subsidy,deviation,run,termination_condition,feasible,objective,avg_h2_production,std_h2_production,avg_scenario_obj,std_scenario_obj,worst_scenario_obj,best_scenario_obj,obj_range,cvar_5pct,avg_revenue,std_revenue,avg_demand_met,min_demand_met,total_entry_booking,total_exit_booking,n_quality_deviations
1.0,price_st,1.0,30.0,0.0,3,optimal,True,20528416.969502658,0.0,0.0,20528416.969502658,830071.1612089737,19180701.650344834,21861816.26103823,2681114.610693395,19182148.48999946,23005054.771590278,825663.1809348845,5.850834535024902,4.717654771485231,73.73972602739764,594.8065031695247,0.0
2.0,price_st,1.0,30.0,0.0,3,optimal,True,20471693.85605247,0.0005936505166016898,0.004047334542432693,20471693.856052466,958253.2970264426,18989192.016504943,21977874.03467405,2988682.018169105,18989192.016504943,22949765.87843957,954277.430201156,5.850863389645528,4.717680872037334,74.73972602739767,880.599452655428,0.0
4.0,price_st,1.0,30.0,0.0,3,optimal,True,20378610.928270627,0.0,0.0,20378610.928270627,1344271.8996661422,18339981.064327136,22213183.60588423,3873202.541557096,18339981.064327136,22855678.784055494,1341645.77514698,5.850867616397153,4.717654771485199,73.73972602739725,786.347348835077,0.0
8.0,price_st,1.0,30.0,0.0,3,optimal,True,20219158.35713282,7.28583859910259e-16,2.141219436993706e-15,20219158.357132822,2341765.0289175664,16282857.99803363,22681150.679869194,6398292.681835564,16282857.99803363,22696835.02668519,2340779.7685409854,5.850841602684657,4.717654771485199,74.73972602739725,822.2332754868668,0.0
16.0,price_st,1.0,30.0,0.0,3,optimal,True,19883937.017008003,0.31536738184191504,0.7894623520306403,19883937.017008003,4492028.884638366,12168630.620624553,24839565.855723333,12670935.23509878,12168630.620624626,22397618.111306835,4532622.599792501,5.859815643706279,4.717680872037334,76.73972602739767,725.1933595303233,0.0
