vol_multiplier,shock_type,correlated,subsidy,deviation,run,termination_condition,feasible,objective,avg_h2_production,std_h2_production,avg_scenario_obj,std_scenario_obj,worst_scenario_obj,best_scenario_obj,obj_range,cvar_5pct,avg_revenue,std_revenue,avg_demand_met,min_demand_met,total_entry_booking,total_exit_booking,n_quality_deviations
1.0,price_st,0.4,30.0,0.0,3,optimal,True,20617164.05615722,0.0025164049344200976,0.008644134818990911,20617164.05615722,771928.923223905,19201740.034033496,21745433.010093946,2543692.97606045,19205401.892960776,23094264.715818398,766311.6243707124,5.850506725278683,4.704969167741505,74.73972602739725,808.2717055742532,0.0
2.0,price_st,0.4,30.0,0.0,3,optimal,True,20687253.991936594,0.0,0.0,20687253.991936594,779252.2403535815,19137997.374447376,21746123.02122492,2608125.646777544,19143018.683395717,23164063.55031278,773328.5659610293,5.850841046172349,4.717853800936596,73.73972602739767,651.1794979370203,0.0
4.0,price_st,0.4,30.0,0.0,3,optimal,True,20860628.737532347,5.447031714567174e-16,1.6936267964374494e-15,20860628.737532347,853936.1478425805,19115202.64108023,21867281.855109014,2752079.214028783,19116293.373758536,23338590.321366493,848643.9298317581,5.850780346300492,4.718201946113439,74.73972602739725,604.7615411569305,0.0
8.0,price_st,0.4,30.0,0.0,3,optimal,True,21277397.722519998,0.2996575342465754,0.7928193141032589,21277397.722519994,1250583.5432791733,19154577.2025026,23733825.502423495,4579248.299920894,19154577.2025026,23788812.824882545,1314267.7586429555,5.854238381060677,4.718261133029978,76.73972602739725,588.4697964160077,0.0
16.0,price_st,0.4,30.0,0.0,3,optimal,True,22263916.983781148,0.5943478257868922,1.0294885662566773,22263916.983781148,2329287.55591349,19250427.16103822,27481831.82098708,8231404.659948859,19250427.161038224,24810536.38247753,2416643.5403499412,5.861645064767579,4.718261478522603,80.39793687573744,731.3922356076237,0.0
