vol_multiplier,shock_type,correlated,subsidy,deviation,run,termination_condition,feasible,objective,avg_h2_production,std_h2_production,avg_scenario_obj,std_scenario_obj,worst_scenario_obj,best_scenario_obj,obj_range,cvar_5pct,avg_revenue,std_revenue,avg_demand_met,min_demand_met,total_entry_booking,total_exit_booking,n_quality_deviations
1.0,price_lt,0.4,0.0,0.0,1,optimal,True,21628726.734346528,0.0,0.0,21628726.734346528,699178.4574869361,20846247.683757205,23142602.651820876,2296354.968063671,20857712.688957985,24109864.32522401,688917.9264227266,5.330899874888418,4.516865821306333,74.73972602739762,898.7820085455706,0.0
2.0,price_lt,0.4,0.0,0.0,1,optimal,True,23391499.401004326,0.0,0.0,23391499.401004326,1573925.1652038132,21880898.554594945,27032691.59571551,5151793.041120566,21958292.52719694,25870254.553952962,1566001.4718398936,5.328730051774929,4.517197914271909,74.73972602739767,630.0962876032303,0.0
4.0,price_lt,0.4,0.0,0.0,1,optimal,True,27177360.510479134,0.02000000000000064,0.11135528725660399,27177360.510479134,3310300.9209027067,24106171.556729347,34829057.77319869,10722886.21646934,24168030.581517726,29658077.800286707,3301674.240761331,5.312776754537891,4.517197914271944,92.52997184200576,645.3478156544968,0.0
8.0,price_lt,0.4,0.0,0.0,1,optimal,True,35035043.24641035,0.2996575342465753,0.7928193141032588,35035043.246410355,6683735.616016081,29259884.68325278,50678521.20013416,21418636.516881377,29259884.68325278,37568680.49076084,6820003.883179525,5.299281430644655,4.565645828787015,96.72342066978543,459.55037203680115,0.0
16.0,price_lt,0.4,0.0,0.0,1,optimal,True,51041439.888558954,0.8190228829478944,0.9645533375611974,51041439.888558954,13567710.11227291,39247866.97086766,83088927.00665982,43841060.03579216,39247866.9708677,53665131.782348976,13726238.26428699,5.246376129728726,4.565645828787015,117.35740024041202,464.75532190440765,0.0
