vol_multiplier,shock_type,correlated,subsidy,deviation,run,termination_condition,feasible,objective,avg_h2_production,std_h2_production,avg_scenario_obj,std_scenario_obj,worst_scenario_obj,best_scenario_obj,obj_range,cvar_5pct,avg_revenue,std_revenue,avg_demand_met,min_demand_met,total_entry_booking,total_exit_booking,n_quality_deviations
1.0,price_lt,0.6,70.0,0.0,1,optimal,True,21805295.013190754,2.2743096219793695,0.15709062428072543,21805295.013190754,987066.4965138371,20411081.23373733,23721262.103578243,3310180.8698409125,20423197.007774893,24298508.993655935,976209.5325030221,5.384905836322396,4.565491951121783,76.73972602739725,689.4323234116333,0.0
2.0,price_lt,0.6,70.0,0.0,1,optimal,True,23517764.409119196,2.2071726938746354,0.20966692748634483,23517764.409119196,2243041.3125029067,20742182.9410778,27966624.83359615,7224441.892518353,20742182.941078275,26008169.027541593,2235563.2675284888,5.383091817620539,4.565645828787015,75.73972602739725,709.9393893805698,0.0
4.0,price_lt,0.6,70.0,0.0,1,optimal,True,27173262.242618922,2.037580982283256,0.53202467250913,27173262.24261892,4614915.129871818,21487532.04570282,36505174.332938276,15017642.287235457,21487532.04570282,29660301.82435704,4610696.010959683,5.366020270580179,4.565645828787015,98.22928712844099,719.7527711674047,0.0
8.0,price_lt,0.6,70.0,0.0,1,optimal,True,34754818.234973095,1.8969404254036313,0.7418042656659493,34754818.2349731,9165756.085929822,24354501.680078227,53582699.404967874,29228197.724889647,24354501.680078227,37237654.576971516,9165319.425455436,5.336227154515866,4.565645828787015,95.85791966255562,535.2405207566378,0.0
16.0,price_lt,0.6,70.0,0.0,1,optimal,True,50199531.98068765,1.648037502383153,0.8296145621902081,50199531.98068765,18081989.412491128,30715525.22734946,87737161.58301999,57021636.35567053,30715525.22734946,52667310.281157374,18095707.75032874,5.262393019642717,4.565645828787015,116.24715149550725,550.2752475465627,0.0
