vol_multiplier,shock_type,correlated,subsidy,deviation,run,termination_condition,feasible,objective,avg_h2_production,std_h2_production,avg_scenario_obj,std_scenario_obj,worst_scenario_obj,best_scenario_obj,obj_range,cvar_5pct,avg_revenue,std_revenue,avg_demand_met,min_demand_met,total_entry_booking,total_exit_booking,n_quality_deviations
1.0,price_st,0.8,0.0,0.0,1,optimal,True,21534698.817542303,0.0,0.0,21534698.8175423,514576.84178617486,20968689.039943554,22501502.110927906,1532813.0709843524,21006036.943841483,24016799.10382074,510462.214441931,5.330920610122885,4.516865821298549,73.73972602739725,732.8203226929911,0.0
2.0,price_st,0.8,0.0,0.0,1,optimal,True,21600824.712714773,0.0,0.0,21600824.712714773,485713.415185867,20897761.54803708,22625005.09980992,1727243.5517728403,21044577.997820634,24083552.453537174,480335.3487583736,5.3308823784759385,4.516865821306333,74.73972602739765,882.146644563623,0.0
4.0,price_st,0.8,0.0,0.0,1,optimal,True,21767461.9934894,0.0,0.0,21767461.9934894,570648.8447599785,21223612.950510766,23017928.296395272,1794315.3458845057,21225951.805878747,24247115.927809812,562565.443908152,5.330953962507969,4.517197914271909,74.73972602739725,721.4538955624605,0.0
8.0,price_st,0.8,0.0,0.0,1,optimal,True,22117652.264039803,0.0,0.0,22117652.264039807,1024885.6967084412,20691581.3840807,23899713.28815748,3208131.904076781,20698285.889704958,24597899.52332455,1019542.8417010105,5.33093994826005,4.517215483907825,74.7397260273978,879.040543777034,0.0
16.0,price_st,0.8,0.0,0.0,1,optimal,True,22937077.424724657,-5.850387672931538e-11,2.0845389985723787e-10,22937077.424724657,2018056.1939321472,20105237.09910136,26263379.65584451,6158142.556743149,20253970.26484954,25412395.740324818,2018878.370302641,5.305186977092994,4.517113296423277,86.43974108406027,770.1202079748527,0.0
