subsidy,deviation,run,solve_time,avg_h2_production,objective_value
45.0,0.2,0,6.664703130722046,2.2567925388903745,21257061.389907327
45.0,0.2,0,28.925470113754272,2.728094105633386,21272010.66559665
45.0,0.2,0,165.67498660087585,2.6274492678407686,21277540.06596097
45.0,0.2,0,3067.364082336426,2.9662953131202383,21286260.956366435
45.0,0.2,0,7.331725835800171,2.6063465409868076,21756706.061092854
45.0,0.2,0,80.29229307174683,3.011222289069869,21768667.66587703
45.0,0.2,0,23927.522319078445,2.5051644171097056,21782022.37100994
