subsidy,deviation,run,solve_time,avg_h2_production,objective_value
70.0,0.2,3,7.702663421630859,3.297064789048326,19951732.924418774
70.0,0.2,3,19.464081287384033,3.3050505283632443,19956171.79569815
70.0,0.2,3,344.3895833492279,3.2729475802043795,19946407.474311214
70.0,0.2,3,959.9573786258698,3.2917165960577033,19953624.817980286
70.0,0.2,3,27.314857482910156,3.3617677979312166,20319380.821928807
70.0,0.2,3,92.66851043701172,3.402441647011864,20334291.167540368
