mean,stderr
7.7215036153793335,2.586075764043341
31.368543171882628,21.9019951031204
152.74785480499267,112.5585886530111
445.05666007995603,288.04497294051095
