subsidy,deviation,run,solve_time,avg_h2_production,objective_value
70.0,0.2,2,14.697466611862183,3.2454536699596015,21034562.637803152
70.0,0.2,2,55.56468439102173,3.2106281142740993,21032285.85564295
70.0,0.2,2,311.61171412467957,3.2701455992408928,21046207.39160155
70.0,0.2,2,1241.8907444477081,3.2537003297956244,21052832.47681525
70.0,0.2,2,24.44169592857361,3.0544719100601636,21451916.173996285
70.0,0.2,2,56.32010626792908,3.348937917416679,21469084.620796237
