subsidy,deviation,run,solve_time,avg_h2_production,objective_value
0.0,0.0,2,4.082983732223511,0.0,20740734.75275704
0.0,0.0,2,11.75984001159668,0.0,20750941.733357586
0.0,0.0,2,80.16932272911072,0.0679911242486106,20741434.74863728
0.0,0.0,2,468.54197812080383,0.015457386517512727,20753284.672425024
0.0,0.0,2,5.470116376876831,0.0,21142508.41494353
0.0,0.0,2,12.666654348373413,0.0057415772517472605,21155833.754407935
0.0,0.0,2,223.88435006141663,0.05825089132986859,21155631.804691985
0.0,0.0,2,619.7768054008484,0.007282809142160726,21170071.1764914
