subsidy,deviation,run,solve_time,avg_h2_production,objective_value
30.0,0.05,2,4.488390684127808,0.03429198326815416,20736497.896366857
30.0,0.05,2,11.531659603118896,0.04572264435753887,20747383.560244147
30.0,0.05,2,72.33698773384094,0.25629234491533065,20743457.963467527
30.0,0.05,2,475.5304145812988,0.6444191216759177,20737727.872368764
30.0,0.05,2,5.463373422622681,0.04572264435753888,21143060.074143134
30.0,0.05,2,14.303314208984375,0.04572264435753899,21156397.06714677
30.0,0.05,2,156.09237432479858,0.2266665734885212,21161158.441374924
30.0,0.05,2,1646.7119143009186,0.15255941308615278,21165624.225852802
