subsidy,deviation,run,solve_time,avg_h2_production,objective_value
45.0,0.05,1,4.526432037353516,2.0549160311502495,20737386.994912326
45.0,0.05,1,16.530262231826782,2.0489000798123396,20764244.831369445
45.0,0.05,1,99.73430943489075,2.0508415846586683,20767893.955700196
45.0,0.05,1,527.8941268920898,2.0556164877149308,20768658.672331057
45.0,0.05,1,5.5887041091918945,1.7935951668731245,21084129.36169793
45.0,0.05,1,25.344555616378784,2.2246524831309795,21086236.856124233
45.0,0.05,1,978.6043875217438,2.172959188713363,21106452.099799134
45.0,0.05,1,21139.05065011978,2.0519128853335733,21140911.656615105
