subsidy,deviation,run,solve_time,avg_h2_production,objective_value
30.0,1.0,3,4.179070472717285,0.025383216285770713,19685883.14980177
30.0,1.0,3,12.802925109863281,0.7445546390873378,19658746.671489973
30.0,1.0,3,62.211734771728516,0.5859778627440244,19669161.91864534
30.0,1.0,3,802.709832906723,0.7139759554078281,19662819.518733576
30.0,1.0,3,5.388831377029419,0.29970560788052264,20043070.258817203
30.0,1.0,3,22.93636417388916,0.3712434334783078,20040438.55622257
