subsidy,deviation,run,solve_time,avg_h2_production,objective_value
45.0,0.1,1,6.8585381507873535,2.4802170508531765,20766840.10162774
45.0,0.1,1,19.562908172607422,2.4501245780180336,20766891.11580118
45.0,0.1,1,299.08826661109924,2.4603058704309424,20774357.45874276
45.0,0.1,1,1209.6064257621765,2.4708397274096603,20783470.602449387
45.0,0.1,1,12.049099445343018,1.9333131962022887,21091438.97214646
45.0,0.1,1,179.89865636825562,2.414060439617357,21103780.58928899
45.0,0.1,1,17465.918417692184,2.588839637506673,21115962.930797953
