index,mean,stderr
1.0,6.34882766008377,0.5233107339546818
2.0,24.210197550058364,3.7981953280792586
3.0,91.815379935503,22.267928715073655
4.0,272.5512253761291,59.50851787548209
