subsidy,deviation,run,solve_time,avg_h2_production,objective_value
30.0,0.2,1,6.2457966804504395,0.0005448573889105777,20700584.002103157
30.0,0.2,1,22.801889181137085,0.10773826407057496,20710652.16752059
30.0,0.2,1,215.57211256027222,0.24029854572667494,20705720.374844912
30.0,0.2,1,1530.0319941043854,0.1662192615732851,20713585.20222923
30.0,0.2,1,7.959729909896851,0.0,21038238.392981585
30.0,0.2,1,45.95949625968933,0.0,21038438.180455193
30.0,0.2,1,23892.46803379059,0.10634681387908021,21066672.98152531
