subsidy,deviation,run,solve_time,avg_h2_production,objective_value
0.0,0.2,0,4.785982370376587,0.0,21175189.665764503
0.0,0.2,0,14.565640211105347,0.1338483334229574,21161930.732267268
0.0,0.2,0,109.95642352104187,0.027424899847688214,21191317.41061969
0.0,0.2,0,443.2394177913666,0.08564100438052717,21188280.046705592
0.0,0.2,0,6.230622053146362,0.0,21703090.748659413
0.0,0.2,0,21.33006453514099,0.0,21702778.307593722
0.0,0.2,0,554.6635208129883,0.04347157976790267,21716955.43435812
0.0,0.2,0,2447.4854617118835,0.01999493775820816,21730211.618068893
