subsidy,deviation,run,solve_time,avg_h2_production,objective_value
30.0,1.0,0,4.392860174179077,0.0,21193513.41039984
30.0,1.0,0,9.517515182495117,0.6390058010192594,21184721.9754264
30.0,1.0,0,97.3082549571991,1.0857565356187981,21184542.30023196
30.0,1.0,0,514.1168487071991,0.5272612528900513,21189144.58356064
30.0,1.0,0,6.621079683303833,0.0,21696851.388544302
30.0,1.0,0,21.416048288345337,3.8735310290549894e-06,21703294.689592693
30.0,1.0,0,663.4244213104248,0.656184650218246,21727206.725064885
