subsidy,deviation,run,solve_time,avg_h2_production,objective_value
0.0,1.0,2,6.442670106887817,0.0,20729855.65079183
0.0,1.0,2,16.04575753211975,0.07985078277886426,20737729.64978279
0.0,1.0,2,91.18086886405945,0.1470506847107541,20731534.345839582
0.0,1.0,2,749.041433095932,0.10555857980186638,20740791.278734166
0.0,1.0,2,8.718610525131226,0.0,21140949.226513047
0.0,1.0,2,37.28149390220642,0.0,21141136.155750506
0.0,1.0,2,280.464919090271,0.0917163274654513,21156472.378715817
