subsidy,deviation,run,solve_time,avg_h2_production,objective_value
0.0,0.0,1,4.389728546142578,0.0,20708039.267394826
0.0,0.0,1,14.074085712432861,0.0,20711565.2424139
0.0,0.0,1,84.69920992851257,0.06035634814550542,20703824.036052905
0.0,0.0,1,788.8626008033752,0.15149441144165154,20692870.871195827
0.0,0.0,1,4.245040416717529,0.0,21040799.745595373
0.0,0.0,1,17.325260877609253,0.0,21035231.83537935
0.0,0.0,1,534.6712038516998,0.011726615308257464,21049899.034646794
0.0,0.0,1,2776.917590856552,0.029438240627379732,21085983.980960168
