subsidy,deviation,run,solve_time,avg_h2_production,objective_value
0.0,0.2,3,5.40401554107666,0.0,19684489.6373253
0.0,0.2,3,13.793834447860718,0.0,19684786.43344758
0.0,0.2,3,116.33323526382446,0.01506620605944642,19684005.723552916
0.0,0.2,3,470.66322231292725,0.052579522181244724,19674598.844343383
0.0,0.2,3,7.435531139373779,0.0,20032937.918917384
0.0,0.2,3,43.22382640838623,0.007240460189255643,20055745.747771
0.0,0.2,3,576.0483419895172,0.03321944388048561,20059042.6945157
