subsidy,deviation,run,solve_time,avg_h2_production,objective_value
70.0,0.05,0,4.694792747497559,1.9809938997235754,21366580.94073487
70.0,0.05,0,13.719743490219116,1.9978346097471609,21367696.360850204
70.0,0.05,0,92.047776222229,1.9987937035008045,21370269.858071696
70.0,0.05,0,152.5858280658722,1.9908663507150466,21386693.2515759
70.0,0.05,0,4.70946478843689,2.120095039493438,21888983.023182303
70.0,0.05,0,21.318182945251465,2.238566198473994,21903744.188041773
70.0,0.05,0,220.78815364837646,2.2303368522428584,21911242.660586163
70.0,0.05,0,2145.3606328964233,2.1631594754468915,21932785.599955287
