subsidy,deviation,run,solve_time,avg_h2_production,objective_value
70.0,0.2,0,11.27087664604187,3.2096523985079335,21481210.553343248
70.0,0.2,0,63.38115668296814,3.191808384088951,21487859.452900402
70.0,0.2,0,1259.3199608325958,3.238701631540553,21502586.9393196
70.0,0.2,0,1437.6828362941742,3.254187967002162,21512089.31273502
70.0,0.2,0,20.502603769302368,3.2696754248965223,21982605.57672322
70.0,0.2,0,84.77077722549438,3.4351602587328065,22011528.426706165
