subsidy,deviation,run,solve_time,avg_h2_production,objective_value
70.0,0.05,2,4.746332406997681,2.0425578160467555,20919802.118663244
70.0,0.05,2,21.227468729019165,2.104603868726625,20908151.35699742
70.0,0.05,2,105.02395153045654,2.056050807677707,20940999.418875184
70.0,0.05,2,403.96062898635864,2.0779886780200973,20933836.19646884
70.0,0.05,2,7.297359466552734,2.0408091515681113,21361702.79445594
70.0,0.05,2,16.614206314086914,2.15304678026568,21362208.36031518
70.0,0.05,2,214.61473608016968,2.152935773936549,21372481.066684432
