subsidy,deviation,run,solve_time,avg_h2_production,objective_value
70.0,0.1,1,8.843374729156494,2.4888814021927095,20940939.4620649
70.0,0.1,1,38.07145667076111,2.472615184352019,20923882.576346993
70.0,0.1,1,319.34195280075073,2.4006755115194496,20942886.60635777
70.0,0.1,1,2097.7026178836823,2.4720515486483734,20955737.039962314
70.0,0.1,1,28.353226900100708,2.5274897874836393,21272005.235609334
70.0,0.1,1,320.50601148605347,2.6811200058786295,21292818.859748483
70.0,0.1,1,7597.875169992447,2.6713455196158185,21302947.353568204
