subsidy,deviation,run,solve_time,avg_h2_production,objective_value
70.0,0.1,2,17.210410594940186,2.4587163268294,20959314.24496558
70.0,0.1,2,30.72170352935791,2.444558500489931,20965429.086946268
70.0,0.1,2,376.7738387584686,2.4610930252197525,20966164.93689359
70.0,0.1,2,2287.014785528183,2.4627388082721957,20976695.99617733
70.0,0.1,2,11.545199871063232,2.537237504520605,21387387.375415616
70.0,0.1,2,76.38603258132935,2.548572820851553,21408745.685467973
70.0,0.1,2,826.792516708374,2.5490508940987784,21414640.050218232
