subsidy,deviation,run,solve_time,avg_h2_production,objective_value
45.0,0.2,1,4.933195352554321,2.8701351775546846,20789982.51101688
45.0,0.2,1,35.56085443496704,2.9573359963501686,20788488.262314126
45.0,0.2,1,775.0851695537567,3.2392138390990204,20803596.871976167
45.0,0.2,1,3540.9585814476013,3.286059095671969,20810413.973491646
45.0,0.2,1,13.503362655639648,3.069057846414873,21096240.3079431
45.0,0.2,1,179.53963494300842,3.2628564019813027,21112165.57533853
