mean,stderr
4.976151704788208,0.8293029832434567
17.0518519282341,3.9422864035505962
30.882905066013336,4.038618138383375
100.04579067230225,20.51706045133708
