subsidy,deviation,run,solve_time,avg_h2_production,objective_value
45.0,0.1,3,5.6668617725372314,1.8173872407504787,19717497.4256156
45.0,0.1,3,18.141740798950195,1.6350335621023961,19718538.105383124
45.0,0.1,3,175.32613492012024,1.6897764416193433,19718451.81721966
45.0,0.1,3,954.4909706115723,1.721548018543126,19721307.942073576
45.0,0.1,3,9.918575048446655,1.5538877337136179,20078349.118288856
45.0,0.1,3,71.72452640533447,2.0114860056620776,20089409.294134103
45.0,0.1,3,865.9426007270813,2.0478044841535903,20103206.304916408
