subsidy,deviation,run,solve_time,avg_h2_production,objective_value
45.0,0.05,2,4.48409104347229,1.8318055465193317,20788422.59104123
45.0,0.05,2,14.606688022613525,1.9307377257417513,20795468.18805692
45.0,0.05,2,93.7777156829834,1.8477969452505343,20794703.005748965
45.0,0.05,2,795.5042717456818,1.913326413605183,20787413.918648027
45.0,0.05,2,5.4312357902526855,1.9560937649634949,21205684.406419102
45.0,0.05,2,15.646688461303711,2.149672698243221,21223827.201147124
45.0,0.05,2,220.720445394516,2.082326133670667,21214204.772386257
45.0,0.05,2,532.0066339969635,2.042711946707463,21229221.929178048
