subsidy,deviation,run,solve_time,avg_h2_production,objective_value
70.0,0.0,0,4.698976278305054,1.9809938997235754,21366580.94073487
70.0,0.0,0,13.762069463729858,1.9978346097471609,21367696.360850204
70.0,0.0,0,94.37624931335449,1.9987937035008045,21370269.858071696
70.0,0.0,0,155.77525067329407,1.9908663507150466,21386693.2515759
70.0,0.0,0,4.718843936920166,2.120095039493438,21888983.023182303
70.0,0.0,0,21.393683195114136,2.238566198473994,21903744.188041773
70.0,0.0,0,217.55505514144897,2.2303368522428584,21911242.660586163
70.0,0.0,0,2146.7842552661896,2.1631594754468915,21932785.599955287
