subsidy,deviation,run,solve_time,avg_h2_production,objective_value
45.0,0.0,1,4.5864667892456055,2.0549160311502495,20737386.994912326
45.0,0.0,1,16.293768882751465,2.0489000798123396,20764244.831369445
45.0,0.0,1,103.54436111450195,2.0508415846586683,20767893.955700196
45.0,0.0,1,502.4377372264862,2.0556164877149308,20768658.672331057
45.0,0.0,1,5.650749206542969,1.7935951668731245,21084129.36169793
45.0,0.0,1,25.30093216896057,2.2246524831309795,21086236.856124233
45.0,0.0,1,983.5616593360901,2.172959188713363,21106452.099799134
45.0,0.0,1,20008.589935302734,2.0519128853335733,21140911.656615105
