subsidy,deviation,run,solve_time,avg_h2_production,objective_value
45.0,0.1,2,9.610490322113037,2.24386289050476,20785869.77811367
45.0,0.1,2,29.256731033325195,1.911440053976858,20799297.001599446
45.0,0.1,2,333.58066606521606,2.146743764912463,20806336.945209086
45.0,0.1,2,862.536735534668,2.276112814606408,20808736.072345283
45.0,0.1,2,9.308552980422974,2.2187559004093744,21215808.30829153
45.0,0.1,2,45.6927330493927,2.295932524960519,21219505.13023139
45.0,0.1,2,707.554922580719,2.5005110110099564,21235194.67714914
