subsidy,deviation,run,solve_time,avg_h2_production,objective_value
45.0,0.1,0,8.816188097000122,2.102792043941445,21244740.310740717
45.0,0.1,0,18.25916051864624,2.244894485377782,21235585.852248378
45.0,0.1,0,241.7824215888977,2.042267973308192,21257933.56064929
45.0,0.1,0,759.1994249820709,2.2980040528917876,21259455.365072127
45.0,0.1,0,7.9658730030059814,2.2008709762786056,21754697.769216113
45.0,0.1,0,57.81032204627991,2.2933215265602107,21744159.250250556
45.0,0.1,0,3561.333592891693,1.929281533397606,21767412.135945387
45.0,0.1,0,28029.59201359749,2.507453807155854,21798561.59665596
