vol_multiplier,shock_type,correlated,subsidy,deviation,run,termination_condition,feasible,objective,avg_h2_production,std_h2_production,avg_scenario_obj,std_scenario_obj,worst_scenario_obj,best_scenario_obj,obj_range,cvar_5pct,avg_revenue,std_revenue,avg_demand_met,min_demand_met,total_entry_booking,total_exit_booking,n_quality_deviations
1.0,demand,1.0,70.0,0.0,1,optimal,True,21175407.886002522,1.3861787007633997,0.4893794365731291,21175407.88600252,2113496.0398025066,18287978.803580076,24887439.885126647,6599461.081546571,18287978.80358015,23654946.75213718,2119730.002378417,5.329264449033126,4.54598856893959,101.41806588904001,264.1028256314084,0.0
2.0,demand,1.0,70.0,0.0,1,optimal,True,21449169.39339871,2.0151640362065377,0.3447668219228616,21449169.39339871,2199073.6984643945,18108389.183430787,25313609.17680843,7205219.993377645,18123449.495791163,23940445.96296445,2198157.051139017,5.6882956101061275,3.9337575524671764,83.73972602739946,384.4767384082627,0.0
4.0,demand,1.0,70.0,0.0,1,optimal,True,21598296.1904008,2.1853013550978364,0.3693483391814726,21598296.1904008,2604009.4519827547,17793024.51454766,26212160.96333803,8419136.448790368,17800848.55525537,24092109.133843347,2604181.4055467076,6.847999686429476,3.27486442549355,82.73972602739724,572.9193960208995,0.0
8.0,demand,1.0,70.0,0.0,1,optimal,True,21966360.08993903,2.3231095731932583,0.11907033315519513,21966360.08993903,3372193.930295432,17082657.663928296,27967530.035066623,10884872.371138327,17082657.66393279,24460805.629048057,3371163.9675080343,10.115306760469633,2.9442918576315655,75.73972602739644,265.777534948257,0.0
16.0,demand,1.0,70.0,0.0,1,optimal,True,22628495.853445154,1.9542082969976484,0.41773934344437225,22628495.853445154,4910787.809749952,15586221.851716714,31454790.115953915,15868568.2642372,15586221.851716714,25119544.15265852,4911167.34193006,17.502445002559277,3.039029306535333,78.73972602739725,429.62382918141105,0.0
