vol_multiplier,shock_type,correlated,subsidy,deviation,run,termination_condition,feasible,objective,avg_h2_production,std_h2_production,avg_scenario_obj,std_scenario_obj,worst_scenario_obj,best_scenario_obj,obj_range,cvar_5pct,avg_revenue,std_revenue,avg_demand_met,min_demand_met,total_entry_booking,total_exit_booking,n_quality_deviations
1.0,demand,0.6,30.0,0.0,3,optimal,True,19956724.12602008,0.0,0.0,19956724.12602008,2220841.4000714603,15895712.45849158,22333860.33172943,6438147.87323785,15895712.458491618,22431205.490546927,2219462.476851325,5.845184650596153,4.716581499010053,73.9184011157515,883.43614207934,0.0
2.0,demand,0.6,30.0,0.0,3,optimal,True,19985895.389767185,0.02251303090027717,0.08013085194955716,20201005.589916818,2145255.757572921,16624596.32672207,22849901.32605899,6225304.999336921,16691309.428327506,22680531.902511984,2139546.563825799,6.633113378640186,4.297439525860531,75.6051317163043,830.3698421078142,0.0
4.0,demand,0.6,30.0,0.0,3,optimal,True,20266548.288851645,0.29965753424661123,0.7928193141033543,20266548.288851645,2517667.7773009376,16536474.941510363,23894585.783360336,7358110.841849973,16559282.769850334,22776208.975945696,2567660.2498753765,8.62855913221767,3.900873905651283,125.20809766702808,1050.6985082053943,0.0
8.0,demand,0.6,30.0,0.0,3,optimal,True,20652234.891335435,0.3731239292239851,0.8332336255980028,20652234.891335435,3230280.4993211958,15737438.547453718,25987352.990377743,10249914.442924025,15925049.593129778,23179081.098535832,3285876.9366081515,13.586546104497849,3.8597635628393476,84.73972602739725,1056.8238637481081,0.0
16.0,demand,0.6,30.0,0.0,3,optimal,True,21410632.288291276,0.5986390249397975,1.036886429960281,21572370.987776987,4648669.0084212655,15384738.347600065,30182570.684119288,14797832.336519223,15473734.49931047,24117601.959581055,4722644.982842317,24.39473548484734,4.011932706706782,82.43404255279019,674.2868595083313,0.0
