vol_multiplier,shock_type,correlated,subsidy,deviation,run,termination_condition,feasible,objective,avg_h2_production,std_h2_production,avg_scenario_obj,std_scenario_obj,worst_scenario_obj,best_scenario_obj,obj_range,cvar_5pct,avg_revenue,std_revenue,avg_demand_met,min_demand_met,total_entry_booking,total_exit_booking,n_quality_deviations
1.0,demand,0.0,0.0,0.0,0,optimal,True,20655484.30591884,0.004939978353039068,0.02750463542720266,20655484.309589922,1430963.8952297769,14135444.475302922,23541476.062410194,9406031.587107273,17398254.609758023,23122927.152733065,1504776.16274212,4.894777681685778,3.5427408863649585,116.03392956031594,1697.2920375002984,0.0
2.0,demand,0.0,0.0,0.0,0,optimal,True,20756679.17846565,0.0,0.0,20756679.17846565,1226269.2287647317,18268044.252641782,23873170.068937056,5605125.816295274,18874408.627765503,23237583.99916443,1229173.3172463146,4.810095498783098,2.5987922490172597,74.73972602739725,2202.774591086445,0.0
4.0,demand,0.0,0.0,0.0,0,optimal,True,20897438.36466691,0.0,0.0,20897438.36466691,1267257.485987295,18963687.67217574,24529126.60339104,5565438.931215301,19161355.78978255,23379996.088541016,1271098.3896833342,4.97835200784506,1.7488027418551169,127.97568638707658,2193.9924375061905,0.0
8.0,demand,0.0,0.0,0.0,0,optimal,True,21148077.20612745,0.04119005172110804,0.22933650207591072,21148077.20612745,1519964.549558212,18732850.839297805,25805996.23720306,7073145.397905257,19092485.902300537,23640293.74608887,1516570.9765873638,6.024673470650673,1.284816017123113,97.95498890260502,2561.6427504778353,0.0
16.0,demand,0.0,0.0,0.0,0,optimal,True,18282559.3259733,-5.496079825640378e-12,2.2010967594582933e-11,21852866.001402427,2337992.1342177372,18253295.475686498,28444433.327330332,10191137.851643834,18540563.867558938,24338988.79728865,2339772.118488005,8.591228352201835,1.101504932343751,84.308499593115,2828.4590974311795,0.0
