vol_multiplier,shock_type,correlated,subsidy,deviation,run,termination_condition,feasible,objective,avg_h2_production,std_h2_production,avg_scenario_obj,std_scenario_obj,worst_scenario_obj,best_scenario_obj,obj_range,cvar_5pct,avg_revenue,std_revenue,avg_demand_met,min_demand_met,total_entry_booking,total_exit_booking,n_quality_deviations
1.0,demand,0.4,70.0,0.0,0,optimal,True,21543456.218549095,2.201460181295358,0.2892575512841632,21543456.218549095,1866195.6170942618,18812904.166039795,25001709.703493405,6188805.53745361,18818641.650313523,24033009.147887945,1869537.3171535807,4.980341014645478,3.5859576069273715,83.28961156357718,1463.4843142338916,0.0
2.0,demand,0.4,70.0,0.0,0,optimal,True,21544813.221845344,2.2165280091697275,0.26703030895281377,21544813.221845344,1944015.3218935747,18854206.85910396,25143018.251620818,6288811.392516859,18854206.859103974,24036896.14938563,1946107.8262626273,4.867369316681959,2.6269069940359255,75.73972602739768,1401.5528450712918,0.0
4.0,demand,0.4,70.0,0.0,0,optimal,True,21940881.07107365,2.1703219594962797,0.3064123228916553,21940881.07107365,2219984.699013075,18425383.502875555,25513733.42931277,7088349.926437214,18425383.502875563,24431133.57820389,2222556.4595083743,5.037561065365668,1.7676955592675654,77.64194728888587,621.021257037349,0.0
8.0,demand,0.4,70.0,0.0,0,optimal,True,22267421.82312666,2.1911690535014348,0.23867716525310326,22267421.82312666,2740367.5228136955,17555625.127716605,25897735.75496042,8342110.627243817,17555625.12771661,24759224.417355448,2740707.0016229013,6.089850199210886,1.298614225188187,76.73972602739725,788.9406828060485,0.0
16.0,demand,0.4,70.0,0.0,0,optimal,True,19583287.62750626,2.026378021939275,0.4034822786087122,23153593.857080683,4143064.208942429,15700886.97656142,29155479.57950352,13454592.602942102,15700886.977989586,25640758.19310662,4143824.400702805,8.65694202467427,1.1166410779314364,81.07953953649039,603.6491486781646,0.0
