vol_multiplier,shock_type,correlated,subsidy,deviation,run,termination_condition,feasible,objective,avg_h2_production,std_h2_production,avg_scenario_obj,std_scenario_obj,worst_scenario_obj,best_scenario_obj,obj_range,cvar_5pct,avg_revenue,std_revenue,avg_demand_met,min_demand_met,total_entry_booking,total_exit_booking,n_quality_deviations
1.0,demand,0.6,30.0,0.0,3,optimal,True,19956724.12602008,0.0,0.0,19956724.12602008,2220841.4000714603,15895712.45849158,22333860.33172943,6438147.87323785,15895712.458491618,22431205.490546927,2219462.476851325,5.845184650596153,4.716581499010053,73.9184011157515,883.43614207934,0.0
2.0,demand,0.6,30.0,0.0,3,optimal,True,20742208.47897297,0.3871321016716257,0.7936312675213952,20742208.47897297,3942317.914528023,14501500.895163035,25135948.667908493,10634447.772745458,14501500.895163035,23263072.669047434,3983348.9533674517,6.638786216102118,4.280879378766959,82.98340974015944,619.2118133420454,0.0
4.0,demand,0.6,30.0,0.0,3,optimal,True,22074970.863652896,0.4371401301480613,0.8227391624686773,22074971.553129166,7910896.452021076,10481818.46591916,31786371.284780793,21304552.818861634,10481818.487155106,24592370.072495773,7963971.607173336,8.60334506190119,3.4469039694703913,172.14803816052842,1060.0245164474336,0.0
8.0,demand,0.6,30.0,0.0,3,optimal,True,26444891.607423723,0.40735729105056107,0.786872929856908,26444891.607423723,14977289.165746648,4831491.1156936595,45031460.7361448,40199969.620451145,4863780.150802191,28852903.304465972,15154158.918696588,13.24947291901865,2.6128772328568326,400.82363511465775,793.2555692017658,0.0
16.0,demand,0.6,30.0,0.0,3,optimal,True,37140183.496397085,0.4296968456551702,0.8297452003961754,37140183.49639708,26124233.74583078,-628327.5679387936,72011057.33848318,72639384.90642197,-628327.5679387936,39294802.656281576,26664236.99970705,20.527207752338608,1.119010419098773,394.2311747859565,550.0938776441803,0.0
