vol_multiplier,shock_type,correlated,subsidy,deviation,run,termination_condition,feasible,objective,avg_h2_production,std_h2_production,avg_scenario_obj,std_scenario_obj,worst_scenario_obj,best_scenario_obj,obj_range,cvar_5pct,avg_revenue,std_revenue,avg_demand_met,min_demand_met,total_entry_booking,total_exit_booking,n_quality_deviations
1.0,demand,1.0,30.0,0.0,1,optimal,True,21048995.836881977,0.08835637200591148,0.233768987075551,21048995.836881977,2087460.5818829983,18173373.765826497,24681153.074611872,6507779.308785375,18173373.765826497,23532630.68643359,2110103.2361521684,5.297940089780443,4.517218037040864,100.44338706083506,152.28170147875952,0.0
2.0,demand,1.0,30.0,0.0,1,optimal,True,21951356.272451136,0.4333662793996764,0.7967114068065275,21951356.272451136,3865998.6218015198,16152167.309951825,28773017.467350814,12620850.15739899,16152167.309951862,24484390.28188071,3943726.106304898,5.6468875907061244,3.912623841129395,79.27857036183671,545.3676167724165,0.0
4.0,demand,1.0,30.0,0.0,1,optimal,True,23645861.806644347,0.3671364939883401,0.650734546310527,23645861.806644343,7910746.206390822,12113890.537516322,38161659.018903196,26047768.481386874,12113890.537516326,26169706.258239843,7970799.531067231,6.791782171350561,3.2647159606093323,82.73972602739761,798.1134395661852,0.0
8.0,demand,1.0,30.0,0.0,1,optimal,True,27322620.815633107,0.5932121328811866,0.6736565246639051,27322620.815633107,16301602.424558852,4157515.7128192005,57440018.35930092,53282502.646481715,4157515.7128192014,29870553.509515647,16344356.782901248,10.027778826464143,2.9312218921473487,75.73972602739725,675.7559669470603,0.0
16.0,demand,1.0,30.0,0.0,1,optimal,True,36361314.36922576,0.6401083495937678,0.6221145797515996,36361314.36922577,31200964.393804204,-212054.4703299585,95893283.38685022,96105337.85718018,-212054.4703299585,38634804.99581398,31578818.445319522,9.077092747282343,1.6252533552282662,500.1371948993243,983.1078331722985,0.0
