vol_multiplier,shock_type,correlated,subsidy,deviation,run,termination_condition,feasible,objective,avg_h2_production,std_h2_production,avg_scenario_obj,std_scenario_obj,worst_scenario_obj,best_scenario_obj,obj_range,cvar_5pct,avg_revenue,std_revenue,avg_demand_met,min_demand_met,total_entry_booking,total_exit_booking,n_quality_deviations
1.0,demand,0.0,30.0,0.0,1,optimal,True,21222532.323794186,0.00928564053434903,0.041871272284315614,21222532.323794186,681447.868507553,20223313.414894138,22823712.03632792,2600398.6214337833,20240345.06353755,23700592.458821196,678431.8219958775,5.30765628640075,4.494468361848035,119.48468632268617,1263.1288151751858,0.0
2.0,demand,0.0,30.0,0.0,1,optimal,True,22782481.136515494,0.5563109075649797,0.9211384058847158,22782481.136515494,1291295.374793261,20588950.25206285,25845957.250510707,5257006.998447858,20607574.129480578,25324679.424950473,1344271.8906094835,5.641972733200706,3.9498817767112433,81.18880183985523,1372.3430922810535,0.0
4.0,demand,0.0,30.0,0.0,1,optimal,True,26074588.764698666,0.7950706107157983,0.9710279534264687,26074588.764698666,2590471.7683954784,21456621.951182302,32065149.553783424,10608527.602601122,21492750.470352713,28642979.525167033,2652127.8015467175,6.798673984911481,3.2630723598667313,75.89966749889666,1296.7574657020627,0.0
8.0,demand,0.0,30.0,0.0,1,optimal,True,33073177.759739943,1.1400460382792157,0.9080512959929731,33073177.759739943,5745412.217926395,23735156.882083263,45847109.473638155,22111952.59155489,23784300.662851583,35679602.84384534,5773910.519486809,10.023347451927396,2.933346526761897,86.2541748276218,874.3216770120094,0.0
16.0,demand,0.0,30.0,0.0,1,optimal,True,47459427.6995854,1.3926575246556279,0.8639255676367706,47459427.6995854,12310855.92463856,30151882.427628323,76609929.10272561,46458046.67509729,30352797.240855157,50093664.35642783,12331599.411938397,17.386173753952136,3.024827270457478,89.9201521732662,911.2512588394137,0.0
