vol_multiplier,shock_type,correlated,subsidy,deviation,run,termination_condition,feasible,objective,avg_h2_production,std_h2_production,avg_scenario_obj,std_scenario_obj,worst_scenario_obj,best_scenario_obj,obj_range,cvar_5pct,avg_revenue,std_revenue,avg_demand_met,min_demand_met,total_entry_booking,total_exit_booking,n_quality_deviations
1.0,demand,0.8,30.0,0.0,0,optimal,True,21012061.19224029,0.2690269544621832,0.6058085905365637,21012061.19224029,2901274.217084783,16914514.81973951,26067934.232468456,9153419.412728947,16914514.819739517,23522599.361427896,2949558.838719978,4.9421599140804915,3.547788321668727,80.2073124877244,969.1187487619432,0.0
2.0,demand,0.8,30.0,0.0,0,optimal,True,21000820.074791644,0.2622473601706202,0.5538417790180709,21000820.074791644,3119791.8117287313,16782871.98453219,26435411.5994367,9652539.614904512,16782871.985238653,23509101.33117167,3168237.730216203,4.8161363245455835,2.598936547706928,77.73972602739725,1451.2807527723207,0.0
4.0,demand,0.8,30.0,0.0,0,optimal,True,21193806.597217236,0.26489966663070813,0.577294225571105,21193806.597217232,3558824.2750873407,16182725.637709491,27161262.968858935,10978537.331149444,16182725.637709491,23703993.98617405,3605868.531849451,4.99766793322737,1.7488737152211797,78.73972602739725,989.2557404132248,0.0
8.0,demand,0.8,30.0,0.0,0,optimal,True,21525262.48123552,0.31748604484046594,0.5584294237164945,21525262.48123552,4556138.441968773,14988949.015900888,28671971.084762305,13683022.068861417,14988949.015900994,24042487.040387355,4611387.851039919,6.043795568830422,1.2848349000320431,75.73972602739731,1102.9534456522733,0.0
16.0,demand,0.8,30.0,0.0,0,optimal,True,18818287.02357837,0.47838566564361285,0.6474252626861289,22388593.699005436,6720147.595626828,12235277.200983783,33181376.34512865,20946099.14414487,12315635.17695499,24923070.704760805,6791409.06735049,8.616640137797024,1.083537605364621,89.68040280814364,707.4659727939919,0.0
