vol_multiplier,shock_type,correlated,subsidy,deviation,run,termination_condition,feasible,objective,avg_h2_production,std_h2_production,avg_scenario_obj,std_scenario_obj,worst_scenario_obj,best_scenario_obj,obj_range,cvar_5pct,avg_revenue,std_revenue,avg_demand_met,min_demand_met,total_entry_booking,total_exit_booking,n_quality_deviations
1.0,demand,0.6,30.0,0.0,1,optimal,True,21636729.955604102,0.2996575342465754,0.792819314103259,21636729.955604106,1090123.9971989763,20126101.135880616,23668647.68999192,3542546.5541113056,20147909.867370185,24152496.942072336,1146563.4050111673,5.336937911994262,4.565296166185522,76.73972602739725,1034.2217837370536,0.0
2.0,demand,0.6,30.0,0.0,1,optimal,True,21636752.138065338,0.616952054794521,1.0373005435588476,21636752.138065338,1131448.2151488452,19939892.456016865,23617300.13219142,3677407.676174555,20011572.173211217,24188829.269016687,1226254.2861634989,5.65051029502208,3.950525580429094,76.73972602739725,1014.5109238036123,0.0
4.0,demand,0.6,30.0,0.0,1,optimal,True,21774585.362018995,0.6737360786671973,0.9939134143095083,21774585.362018995,1326166.4102283958,19872425.784296535,23905325.513937436,4032899.729640901,19967087.327515274,24332880.61261632,1406479.7726915844,6.796443531865011,3.2781186544201306,91.26829298229096,874.6985851863835,0.0
8.0,demand,0.6,30.0,0.0,1,optimal,True,22003002.707920745,0.6623162883107316,0.9849172588989297,22003002.707920745,1665751.8258261145,19920369.032229174,25009168.927070305,5088799.894841131,19920369.032229174,24554855.978163406,1743505.6165897092,10.00223354794385,2.947472135565187,104.92082847823906,887.4238458142963,0.0
16.0,demand,0.6,30.0,0.0,1,optimal,True,22865653.189351093,0.7459962874079219,0.9677531041581148,22865653.189351097,2751947.605268662,19302317.480872765,27700397.77705018,8398080.296177413,19316593.798353963,25424927.70223261,2811506.3600492077,17.144554076727427,3.024425458183634,127.4989242764805,1453.3967728562936,0.0
