vol_multiplier,shock_type,correlated,subsidy,deviation,run,termination_condition,feasible,objective,avg_h2_production,std_h2_production,avg_scenario_obj,std_scenario_obj,worst_scenario_obj,best_scenario_obj,obj_range,cvar_5pct,avg_revenue,std_revenue,avg_demand_met,min_demand_met,total_entry_booking,total_exit_booking,n_quality_deviations
1.0,demand,0.4,45.0,0.0,3,optimal,True,20253603.081534352,1.8630211398556165,0.6235083573791969,20253603.081534352,1465650.3442433176,17390013.667011797,22072674.146779288,4682660.47976749,17650925.0105177,22865164.41718121,1445514.3021873995,5.881978025846433,4.637652137474154,110.46164895498286,1294.1779168079881,0.0
2.0,demand,0.4,45.0,0.0,3,optimal,True,21179172.113227155,1.1460547114810915,0.8893389738900727,21179172.113227155,3033974.529919061,15790404.876737304,25274286.844350185,9483881.967612881,16336266.333319658,23739907.734953694,3020794.235393787,6.6574565308577895,4.229059614671346,99.30215822936559,987.4199729321806,0.0
4.0,demand,0.4,45.0,0.0,3,optimal,True,22944404.55926955,1.0420923225610115,0.9297988375156329,22944404.559269547,6103874.524251347,12136787.438308246,31798218.856567144,19661431.418258898,13434631.987203686,25480011.69166492,6151504.210270427,8.653178114754994,2.924026493651444,137.60132050563587,984.0041625947359,0.0
8.0,demand,0.4,45.0,0.0,3,optimal,True,27886440.05953066,0.799496180006758,0.943387248385799,27886440.05953066,11661308.80387402,9384547.927843824,45807297.736925215,36422749.80908139,11918806.356465818,30370938.20083654,11722073.477952212,13.348669993641458,2.6674620594305893,210.53850707260892,883.7387400851686,0.0
16.0,demand,0.4,45.0,0.0,3,optimal,True,38914775.93857602,0.577337349296656,0.9292928547563619,38914775.93857601,21491432.365290686,11892164.479592143,73360531.46736883,61468366.98777668,11892164.479592143,41311330.67090012,21647848.28888519,22.075192156535763,2.7422863188581488,477.6575087367513,717.6023122292214,0.0
