vol_multiplier,shock_type,correlated,subsidy,deviation,run,termination_condition,feasible,objective,avg_h2_production,std_h2_production,avg_scenario_obj,std_scenario_obj,worst_scenario_obj,best_scenario_obj,obj_range,cvar_5pct,avg_revenue,std_revenue,avg_demand_met,min_demand_met,total_entry_booking,total_exit_booking,n_quality_deviations
1.0,demand,0.2,30.0,0.0,0,optimal,True,21535071.667461064,0.050908966092437516,0.26788239074762155,21535071.667461067,1279186.4184221611,19658089.9372736,23970757.142735355,4312667.205461755,19658089.9372736,24019735.090149663,1288785.3591327774,4.931267105148688,3.5665349445641956,94.46711177279889,734.767778982349,0.0
2.0,demand,0.2,30.0,0.0,0,optimal,True,23285073.154588018,0.49833941606059173,0.9107924656718718,23285073.154588018,2570701.544527521,18921902.51287101,28141513.431882102,9219610.919011094,19100679.80397566,25820071.770799104,2621559.816038501,4.820862705808437,2.5989082124779714,89.39310405223411,1053.4517237008522,0.0
4.0,demand,0.2,30.0,0.0,0,optimal,True,26935066.323107522,0.34984541767852717,0.7241903749252868,26935066.323107526,4985803.760359769,18775621.09200281,35401933.949678674,16626312.857675865,18775621.09200281,29451030.720466256,5013808.125786291,4.981360564508146,1.7489490180586913,80.99460782946919,524.741939115125,0.0
8.0,demand,0.2,30.0,0.0,0,optimal,True,33829014.60203673,1.327988945265052,1.0268077185371636,33829014.60203673,8980019.732529141,17990363.1512567,46114835.62782253,28124472.476565834,17990363.1512567,36455248.4484779,9011175.358416824,6.037683777731791,1.2848390283636117,81.82951648994108,498.884120569532,0.0
16.0,demand,0.2,30.0,0.0,0,optimal,True,45581970.25948705,1.2381295228897151,0.9855144966407153,49152276.93491345,17263949.37793796,17304554.771174993,68062043.83523375,50757489.06405875,17304554.77117507,51766386.81355103,17289469.373799987,8.576064905943426,1.101504932343751,82.85531941549911,556.2855615707381,0.0
