vol_multiplier,shock_type,correlated,subsidy,deviation,run,termination_condition,feasible,objective,avg_h2_production,std_h2_production,avg_scenario_obj,std_scenario_obj,worst_scenario_obj,best_scenario_obj,obj_range,cvar_5pct,avg_revenue,std_revenue,avg_demand_met,min_demand_met,total_entry_booking,total_exit_booking,n_quality_deviations
1.0,demand,0.0,70.0,0.0,0,optimal,True,20879972.83158244,2.0333944038591536,0.4485204757004088,20879972.833995663,1179834.0688541653,19306695.83129547,23724309.82331043,4417613.992014959,19408963.332140226,23367794.67197664,1183385.3578266304,4.9571837610032174,3.5809805546194156,144.82562609107504,1931.7654203330019,0.0
2.0,demand,0.0,70.0,0.0,0,optimal,True,20989404.63674165,2.1158976396425775,0.409058241876894,20989404.636741653,1203879.2969092552,19260979.055651076,24009331.961890545,4748352.906239469,19341005.914866976,23478804.3678796,1206137.3598113558,4.846449314887215,2.626657522439022,127.1951519696685,1914.483602569932,0.0
4.0,demand,0.0,70.0,0.0,0,optimal,True,21033904.316360723,2.157166081874604,0.3551302495654192,21033904.316360727,1060931.3190336253,19243104.13245135,23745036.735492874,4501932.603041522,19344286.37704099,23525705.182865534,1059732.8303812514,5.036775202988029,1.7675538130568251,88.2675807751486,2341.8451133043027,0.0
8.0,demand,0.0,70.0,0.0,0,optimal,True,21354558.686341036,2.212510681628185,0.27442823391344956,21354558.686341036,1463939.9406660486,18880602.402876623,25280576.38931854,6399973.986441918,19277554.097215712,23850757.66581603,1463613.00374318,6.0935110945350495,1.2970626042373945,77.90873287795301,2685.30389141432,0.0
16.0,demand,0.0,70.0,0.0,0,optimal,True,18463228.737655986,2.23383944751082,0.3219206917496336,22033535.413084738,2355984.6527863247,18390218.248647634,28683072.53323408,10292854.284586444,18682912.704194184,24529664.947177973,2358536.019946132,8.675471594721449,1.1166410779333447,91.99734498745073,2931.9080268514326,0.0
