vol_multiplier,shock_type,correlated,subsidy,deviation,run,termination_condition,feasible,objective,avg_h2_production,std_h2_production,avg_scenario_obj,std_scenario_obj,worst_scenario_obj,best_scenario_obj,obj_range,cvar_5pct,avg_revenue,std_revenue,avg_demand_met,min_demand_met,total_entry_booking,total_exit_booking,n_quality_deviations
1.0,demand,0.2,30.0,0.0,1,optimal,True,21526881.85668206,0.35439477410343856,0.728702733884433,21526881.856682055,458493.1736558714,20554537.202672146,22594245.63262783,2039708.4299556836,20813951.34314389,24046868.459122572,516949.4190315508,5.336719112092005,4.559162914817799,77.73972602739725,1014.2822142393609,0.0
2.0,demand,0.2,30.0,0.0,1,optimal,True,21586015.60302458,0.3517554801627561,0.7933264732512937,21586015.60302458,506876.363768632,20542513.89776185,22655900.17434904,2113386.2765871882,20913452.1475099,24106630.708152525,574685.2501250757,5.644297973812235,3.9505255804287187,76.73972602739725,830.9616472552801,0.0
4.0,demand,0.2,30.0,0.0,1,optimal,True,21655381.874798127,0.49710066005038966,0.8823729728904662,21655381.874798127,504075.8595730603,20174852.99309384,22482902.12181141,2308049.128717568,20612664.461152963,24191654.24230454,563836.7359796418,6.794256278888456,3.28217700997075,76.73972602739725,949.3944370178172,0.0
8.0,demand,0.2,30.0,0.0,1,optimal,True,21893141.695409995,0.4493152621912926,0.8360789055988873,21893141.69540999,536639.2695883344,20983901.89034052,22537547.07672634,1553645.1863858216,20983901.890340555,24421096.23693366,559665.2022020406,10.026195755596184,2.9179636989538134,88.32810346892782,771.2379728957953,0.0
16.0,demand,0.2,30.0,0.0,1,optimal,True,22787887.107055362,0.6750121178536365,1.0430427850531698,22787887.107055362,895847.9393596218,21363201.511112712,23876116.16779966,2512914.6566869467,21449793.97365038,25339701.290287964,943887.7076348166,17.04229981187553,3.0145586325580447,103.73351422244275,877.4252313595123,0.0
