vol_multiplier,shock_type,correlated,subsidy,deviation,run,termination_condition,feasible,objective,avg_h2_production,std_h2_production,avg_scenario_obj,std_scenario_obj,worst_scenario_obj,best_scenario_obj,obj_range,cvar_5pct,avg_revenue,std_revenue,avg_demand_met,min_demand_met,total_entry_booking,total_exit_booking,n_quality_deviations
1.0,demand,0.8,45.0,0.0,0,optimal,True,20912175.53410113,2.138860531741318,0.3567795318728171,20912175.53410113,2864197.2947034836,16476864.08520621,26109335.24096749,9632471.15576128,16634205.560286025,23548207.313217267,2852488.19503208,4.975498822426482,3.4836299799739936,122.37152193534263,1420.3407619634063,0.0
2.0,demand,0.8,45.0,0.0,0,optimal,True,20949121.150640942,2.1110763740490976,0.554063123263091,20949121.150640942,3095283.0997111243,16620628.590038711,26393802.787409,9773174.197370289,16653641.093012473,23587915.526168987,3093339.574490074,4.865336897913135,2.62660369178811,75.73972602739725,1690.944272372473,0.0
4.0,demand,0.8,45.0,0.0,0,optimal,True,21253426.29697167,2.049481976295159,0.5886468062198059,21253426.29697167,3589242.6992136845,16205813.903210595,27203470.22509504,10997656.321884446,16205813.903210765,23886758.188917425,3581518.5679211146,5.036912809365088,1.7676212342989968,83.73972602740191,1216.9246732512554,0.0
8.0,demand,0.8,45.0,0.0,0,optimal,True,21665268.345382396,1.8965905695846144,0.6607303471629445,21665268.345382392,4646748.386966175,15003906.18058661,28738253.790713113,13734347.610126503,15003906.180586612,24286869.63170873,4642405.509287533,6.081597746493079,1.298614225188193,75.73972602739725,823.6091796204657,0.0
16.0,demand,0.8,45.0,0.0,0,optimal,True,18878876.374903355,1.446188382093387,0.90046068281169,22449183.050331242,6718011.942754952,12527665.779314771,33252814.4215062,20725148.64219143,12527665.779314803,25037303.18769489,6745557.374159866,8.650831657427034,1.1074168006097858,80.04344532702602,675.3306847383816,0.0
