vol_multiplier,shock_type,correlated,subsidy,deviation,run,termination_condition,feasible,objective,avg_h2_production,std_h2_production,avg_scenario_obj,std_scenario_obj,worst_scenario_obj,best_scenario_obj,obj_range,cvar_5pct,avg_revenue,std_revenue,avg_demand_met,min_demand_met,total_entry_booking,total_exit_booking,n_quality_deviations
1.0,demand,0.4,0.0,0.0,0,optimal,True,21464110.617017414,0.0,0.0,21464110.617017414,1809262.4302045952,18679752.04074984,24893903.121992256,6214151.081242416,18771551.391676467,23943289.71095421,1809315.6735931216,4.9370852866706665,3.547788321668727,74.73972602739725,1059.1916079361874,0.0
2.0,demand,0.4,0.0,0.0,0,optimal,True,21552051.040063247,0.0,0.0,21552051.040063247,1928794.9521694335,18267734.07287674,25100473.470794488,6832739.3979177475,18493959.57312654,24031644.32841023,1928552.8932378923,4.819707700930812,2.5989365477071473,74.73972602739725,1064.2418875393998,0.0
4.0,demand,0.4,0.0,0.0,0,optimal,True,21660723.67956223,0.03763698631565594,0.17689405744386907,21660723.67956223,2175724.965948959,18185681.036957625,25387012.737584673,7201331.700627048,18185681.036964864,24147617.770756535,2187913.760917669,4.986803491185812,1.7488737152190759,79.32716108530397,1104.3397842575403,0.0
8.0,demand,0.4,0.0,0.0,0,optimal,True,22019217.13865247,0.0,0.0,22019217.138652466,2708821.687810099,17344869.869659167,25654649.170175407,8309779.30051624,17344869.869659167,24498575.99433045,2709231.7864136514,6.029380054193725,1.284839028363619,77.57105894725882,913.4766521811333,0.0
16.0,demand,0.4,0.0,0.0,0,optimal,True,19390529.14632351,0.0,0.0,22960835.82175147,4124936.3427524404,15543324.536941353,28959542.75810101,13416218.221159656,15543324.536941355,25439184.465227507,4125793.027031466,8.585361326933365,1.1074168006097855,81.81250906983178,632.9148122726516,0.0
