vol_multiplier,shock_type,correlated,subsidy,deviation,run,termination_condition,feasible,objective,avg_h2_production,std_h2_production,avg_scenario_obj,std_scenario_obj,worst_scenario_obj,best_scenario_obj,obj_range,cvar_5pct,avg_revenue,std_revenue,avg_demand_met,min_demand_met,total_entry_booking,total_exit_booking,n_quality_deviations
1.0,demand,0.0,45.0,0.0,3,optimal,True,21283283.441427667,2.0108874085714703,0.4924901135206446,21283283.441429004,1010382.6131579976,18695408.07661976,23013468.058079917,4318059.981460158,19214711.245012973,23906919.101558693,1027199.7231691102,5.88270970265616,4.76716198758468,126.40630692465052,1510.9333824120763,0.0
2.0,demand,0.0,45.0,0.0,3,optimal,True,22883135.536602005,1.7544949767178146,0.7352412323829745,22883135.536602005,1782128.9678626552,19334228.25622394,26024852.649899818,6690624.393675879,19421998.38397022,25488647.047594257,1787448.08771331,6.659529534716683,4.334379434403322,122.80754477323275,1306.7078246420097,0.0
4.0,demand,0.0,45.0,0.0,3,optimal,True,26220740.845444437,1.4741341143741993,0.8798048634797607,26344212.39740432,3476376.8449290567,19690631.06173459,32280691.55225282,12590060.490518231,19720730.94538751,28926096.05917769,3494331.862101181,8.636928337293718,3.7850530922278764,127.11058663448284,978.2103052950295,0.0
8.0,demand,0.0,45.0,0.0,3,optimal,True,33637808.20739699,1.4808524152406097,0.9687991904790046,33637808.20739699,7105105.239894444,18887905.111819502,44485897.41462843,25597992.30280893,19602589.11439039,36216676.05633856,7109005.309575184,13.469954128878985,3.901096650469595,130.91105935125418,1060.0802077035441,0.0
16.0,demand,0.0,45.0,0.0,3,optimal,True,49808925.58378957,1.2262364147428835,1.0419228700241652,49808925.58378957,13455221.09939911,23538036.438116904,69176578.07321087,45638541.63509396,23665885.158593565,52335032.27835937,13443739.122832013,23.32651173962109,3.8032156950013625,179.5395512974699,950.5596803153131,0.0
