vol_multiplier,shock_type,correlated,subsidy,deviation,run,termination_condition,feasible,objective,avg_h2_production,std_h2_production,avg_scenario_obj,std_scenario_obj,worst_scenario_obj,best_scenario_obj,obj_range,cvar_5pct,avg_revenue,std_revenue,avg_demand_met,min_demand_met,total_entry_booking,total_exit_booking,n_quality_deviations
1.0,demand,1.0,30.0,0.0,3,optimal,True,19772421.36648103,0.02650935950860296,0.07013717267536886,19772421.36648103,3045099.924929739,14667713.40236617,23895091.25713611,9227377.85476994,14667713.402366176,22249733.723255582,3045300.275059201,5.811682295665916,4.717767257482266,101.81190814669863,245.08759642316792,0.0
2.0,demand,1.0,30.0,0.0,3,optimal,True,19934345.706107136,0.08710821012852298,0.23054776439302588,19934345.706107132,3364394.378453817,14275051.004313616,24244217.01704249,9969166.012728876,14275051.004313892,22424226.888259947,3377430.087395614,6.636983243483078,4.304295088235474,90.73972602739725,125.24820998456192,0.0
4.0,demand,1.0,30.0,0.0,3,optimal,True,19827647.59206825,0.08835637172358823,0.23376898680104843,19827647.592068247,3811594.5458900123,13483077.147891466,24937468.44803725,11454391.300145786,13483077.147891507,22317019.838155407,3824573.463832689,8.636256146845087,3.901038843248174,88.52611707036463,470.2476037098553,0.0
8.0,demand,1.0,30.0,0.0,3,optimal,True,19859896.71923493,0.17950217660222823,0.3833390809053588,19859896.71923493,4838609.910407419,11905106.991208442,26331550.81655506,14426443.825346619,11906561.624297818,22364809.171127506,4862508.701518457,13.598130325371274,3.8595271100722166,96.73972602739725,386.975321274234,0.0
16.0,demand,1.0,30.0,0.0,3,optimal,True,19829706.53688015,0.627781877869924,0.924098369842674,19829706.53688015,6858463.064085896,8752272.563820824,29121001.54896967,20368728.985148847,8752272.563820826,22384245.162514992,6932992.820005009,24.44075235469024,4.055083701965624,76.73972602739725,228.2851079146432,0.0
