vol_multiplier,shock_type,correlated,subsidy,deviation,run,termination_condition,feasible,objective,avg_h2_production,std_h2_production,avg_scenario_obj,std_scenario_obj,worst_scenario_obj,best_scenario_obj,obj_range,cvar_5pct,avg_revenue,std_revenue,avg_demand_met,min_demand_met,total_entry_booking,total_exit_booking,n_quality_deviations
1.0,demand,0.6,70.0,0.0,0,optimal,True,21427343.699945398,2.1826881233806317,0.2658790717134405,21427343.699945398,2369713.0392203513,17520920.137557503,25774328.53006302,8253408.392505515,17752910.34711089,23917001.7743001,2370569.472537116,4.982218785285571,3.4836299799740185,86.05767875100165,1306.6735758974796,0.0
2.0,demand,0.6,70.0,0.0,0,optimal,True,22858919.533475533,2.1012984568878226,0.5082553845388933,22858919.533475533,4772558.718973351,16294319.599891689,31521251.48365781,15226931.883766122,16311585.733459735,25339534.21287802,4776149.136110853,4.832348445228586,2.6267997244858368,161.17898069382346,1187.8984899840002,0.0
4.0,demand,0.6,70.0,0.0,0,optimal,True,26163261.35264228,2.054732503663423,0.4996109909348258,26163261.352642283,8899634.768555297,12654786.642553786,41838532.998064965,29183746.35551118,12654786.642553858,28647001.523317784,8902872.630072884,5.020085463943999,1.7676684360080435,87.73043654412847,699.0644666754512,0.0
8.0,demand,0.6,70.0,0.0,0,optimal,True,32062040.674997885,1.922352304758276,0.6220790290690166,32062040.674997885,16466613.000991574,6158779.026011494,59247688.5071478,53088909.4811363,6158779.026011494,34542805.61241387,16467117.076422274,6.054946028068741,1.2986142251881947,92.79963233959143,940.5854631503104,0.0
16.0,demand,0.6,70.0,0.0,0,optimal,True,42622129.05013629,1.7773215976791978,0.7507049788980478,46192435.72556408,30445741.129262354,-2370318.960087012,90831499.20286134,93201818.16294836,-2370318.960086739,48615210.489333645,30496739.598289743,8.526350323673903,1.0773605127691914,156.74916373539864,506.37844939448865,0.0
