vol_multiplier,shock_type,correlated,subsidy,deviation,run,termination_condition,feasible,objective,avg_h2_production,std_h2_production,avg_scenario_obj,std_scenario_obj,worst_scenario_obj,best_scenario_obj,obj_range,cvar_5pct,avg_revenue,std_revenue,avg_demand_met,min_demand_met,total_entry_booking,total_exit_booking,n_quality_deviations
1.0,demand,0.4,70.0,0.0,1,optimal,True,21801778.73906619,2.078665707329006,0.36717678982675334,21801778.73906619,763652.6706812487,20270002.57373813,23521882.113252956,3251879.5395148247,20756391.768592842,24292014.07548443,757591.9772998248,5.376968792806096,4.559162914817762,75.73972602739725,1125.8809540109746,0.0
2.0,demand,0.4,70.0,0.0,1,optimal,True,21848567.83418666,1.909238961464641,0.4045482766661415,21848567.83418666,801601.9454717783,20929323.309128396,23501502.989249017,2572179.680120621,21004866.29289588,24337651.085457444,793225.2850821808,5.684403277554124,3.95049855685216,75.73972602739725,963.2827876484706,0.0
4.0,demand,0.4,70.0,0.0,1,optimal,True,21986090.21829605,2.1712828541137092,0.3262934179093281,21986090.21829605,886098.5031735655,20542279.621036023,23517552.998032264,2975273.3769962415,20745637.10927174,24477515.487049602,877130.7642719366,6.847305417576811,3.28217700997075,75.73972602739725,966.2226744762754,0.0
8.0,demand,0.4,70.0,0.0,1,optimal,True,22170656.978893425,1.9002906162596622,0.4788192978959767,22170656.97889343,1115282.957568277,20527400.718298186,24039876.48896989,3512475.770671703,20580028.583897013,24655116.417763967,1111527.5324332414,10.074550389884772,2.947482108468888,84.97718068120655,1057.9933242652319,0.0
16.0,demand,0.4,70.0,0.0,1,optimal,True,23156877.056470383,1.701439522789523,0.8352171328002558,23156877.056470383,1698018.7411773177,20884958.5060069,25999069.67485177,5114111.168844871,20884958.506006975,25636742.956761032,1697883.1993478562,17.024330777918408,3.024385751577359,117.66870376510046,943.11725200117,0.0
