vol_multiplier,shock_type,correlated,subsidy,deviation,run,termination_condition,feasible,objective,avg_h2_production,std_h2_production,avg_scenario_obj,std_scenario_obj,worst_scenario_obj,best_scenario_obj,obj_range,cvar_5pct,avg_revenue,std_revenue,avg_demand_met,min_demand_met,total_entry_booking,total_exit_booking,n_quality_deviations
1.0,demand,0.8,0.0,0.0,1,optimal,True,21487041.340949126,0.0,0.0,21487041.34094913,1438741.3346127183,19371815.653922312,23764938.83151903,4393123.177596718,19371815.653922312,23967533.118118487,1432620.8335615296,5.330956645641377,4.516949154108535,75.73972602739761,1200.7396804117404,0.0
2.0,demand,0.8,0.0,0.0,1,optimal,True,21553124.547472086,0.006285170084970738,0.04988699097772583,21553124.547472086,1549009.1697781594,19245693.537228826,23933719.05140866,4688025.514179833,19245693.537228826,24033423.326521717,1541551.3809517613,5.637143819014746,3.9086175923099025,74.73972602739774,718.829923293446,0.0
4.0,demand,0.8,0.0,0.0,1,optimal,True,21602140.79297096,0.0,0.0,21602140.792970963,1952278.8334177614,18131164.966682985,24671087.392064743,6539922.425381757,18512652.7542002,24076517.44731549,1954846.341192106,6.740334991965293,3.2473620665442615,78.73972602739725,1093.646191812506,0.0
8.0,demand,0.8,0.0,0.0,1,optimal,True,22029602.57988716,0.0,0.0,22029602.579887155,2530068.3092126446,18366668.868892647,26280018.29763488,7913349.428742234,18366668.86889342,24508616.33229988,2522654.5198390544,10.009831902021766,2.917965877538635,74.73972602739725,793.2108185492554,0.0
16.0,demand,0.8,0.0,0.0,1,optimal,True,22951024.21986619,0.01778987479700974,0.05531096851290044,22951024.21986619,3741104.053287505,17838910.754118357,29491413.45462407,11652502.700505715,17838910.754118357,25432226.009095192,3740615.2522325083,17.317949710058542,3.01192416873083,89.24558523638467,876.5565547719373,0.0
