vol_multiplier,shock_type,correlated,subsidy,deviation,run,termination_condition,feasible,objective,avg_h2_production,std_h2_production,avg_scenario_obj,std_scenario_obj,worst_scenario_obj,best_scenario_obj,obj_range,cvar_5pct,avg_revenue,std_revenue,avg_demand_met,min_demand_met,total_entry_booking,total_exit_booking,n_quality_deviations
1.0,demand,0.4,30.0,0.0,3,optimal,True,20253920.28360261,0.0033136699385753685,0.02630143975326331,20253920.283602607,1439826.3581955144,17816729.915184088,22050376.602827743,4233646.687643655,17888874.263769593,22729132.822789114,1438068.9247342297,5.8454145412251695,4.705140674574372,74.96945114099677,1325.913791375261,0.0
2.0,demand,0.4,30.0,0.0,3,optimal,True,20407566.63779817,-2.7492631319246294e-10,2.182165331925618e-09,20407566.63779817,1530569.2368604827,18073929.034237232,22199466.583691884,4125537.549454652,18120026.587118242,22883429.379785605,1527318.5614279679,6.630827895579957,4.237767419384549,75.44532054584332,721.6474370484858,0.0
4.0,demand,0.4,30.0,0.0,3,optimal,True,20483065.47851933,0.3000866432289505,0.7926644269870325,20483065.478519328,1813779.4205271052,17998056.659475457,23178823.69480711,5180767.035331652,18035731.091273945,22989322.8519523,1868547.2122501356,8.624567982979542,3.8686151388840564,111.20019812474376,1121.9508757689964,0.0
8.0,demand,0.4,30.0,0.0,3,optimal,True,21008449.288967,0.2996575342465754,0.7928193141032591,21008449.288967,2257532.5231064153,17005829.388363715,25150408.744295545,8144579.35593183,17811240.143686038,23522363.84566973,2316154.788007629,13.601061193252939,3.859809480953335,76.73972602739725,1029.1560486930148,0.0
16.0,demand,0.4,30.0,0.0,3,optimal,True,22029044.818249002,0.3715749407604423,0.8176250751061385,22029044.818249002,3358740.455813021,18290647.78428209,29096090.48559737,10805442.70131528,18290647.784282107,24549657.206178397,3427645.2001700476,24.37762545723512,4.011932706706761,79.73455998712532,804.9513965806383,0.0
