vol_multiplier,shock_type,correlated,subsidy,deviation,run,termination_condition,feasible,objective,avg_h2_production,std_h2_production,avg_scenario_obj,std_scenario_obj,worst_scenario_obj,best_scenario_obj,obj_range,cvar_5pct,avg_revenue,std_revenue,avg_demand_met,min_demand_met,total_entry_booking,total_exit_booking,n_quality_deviations
1.0,demand,0.6,0.0,0.0,2,optimal,True,21555621.12610416,0.0,0.0,21555621.126104157,1573314.779738531,19609277.750315797,23770404.22114331,4161126.4708275124,19733055.95517804,24027790.67928529,1571626.505105734,5.581331022347637,4.6383329404088505,74.65047945718085,636.7107719543307,0.0
2.0,demand,0.6,0.0,0.0,2,optimal,True,21477953.33754832,-5.070604222618462e-11,1.8244199655544424e-10,21477953.337548316,1658385.6398460155,19769195.56428784,23970891.201830335,4201695.637542494,19769195.56428784,23953427.92627208,1657949.5858356568,6.071905629796682,4.079346466576954,72.73972602739725,795.1056106580211,0.0
4.0,demand,0.6,0.0,0.0,2,optimal,True,21379817.77644157,0.0,0.0,21379817.776441574,1949533.592582491,19057316.69450806,24403351.904053845,5346035.209545784,19059283.161597703,23854343.380926635,1948536.7421501514,7.458105999261035,3.3282958823094715,73.73972602739725,1142.674296869416,0.0
8.0,demand,0.6,0.0,0.0,2,optimal,True,21352828.544550546,0.05443073703445639,0.2108093380562449,21352828.544550546,2528419.343619063,18194697.1187486,25374533.705926042,7179836.5871774405,18194697.118748605,23840999.79145851,2519496.7777284146,11.161434147316696,2.7030001578381757,81.997111350865,1041.0989211306453,0.0
16.0,demand,0.6,0.0,0.0,2,optimal,True,21945896.818183724,0.0,0.0,21945896.81818372,3642816.0308299013,16950130.20437455,27489619.622118052,10539489.4177435,17203391.1870825,24421762.30860667,3645090.889348345,19.803295169892426,2.386121914682184,73.73972602739725,913.040250131373,0.0
