vol_multiplier,shock_type,correlated,subsidy,deviation,run,termination_condition,feasible,objective,avg_h2_production,std_h2_production,avg_scenario_obj,std_scenario_obj,worst_scenario_obj,best_scenario_obj,obj_range,cvar_5pct,avg_revenue,std_revenue,avg_demand_met,min_demand_met,total_entry_booking,total_exit_booking,n_quality_deviations
1.0,demand,0.0,70.0,0.0,3,optimal,True,21527565.556385074,2.164693487827437,0.4002238100538275,21527565.556385074,1029537.1353465784,19029539.628271427,23302771.239749584,4273231.611478157,19277277.495687615,24015268.672926884,1030977.7158643672,5.904337023299926,4.767161987590897,75.89287610313039,1297.1645154921614,0.0
2.0,demand,0.0,70.0,0.0,3,optimal,True,21446009.474643987,2.0583335281737947,0.4794572117916009,21446009.474643983,1043672.5243181094,18902340.87135757,23551977.895806514,4649637.024448942,19392225.273736488,23934472.80434416,1043347.8091446969,6.692763545681853,4.3343794344033295,79.44599174939474,1763.513091816397,0.0
4.0,demand,0.0,70.0,0.0,3,optimal,True,21414319.275204185,2.0334361148223916,0.48269879094630536,21414319.275204185,1262175.6559074249,19002922.94768651,24311890.914264992,5308967.966578484,19144427.47472554,23899345.9426087,1264082.4233474422,8.692715689767425,3.7897990108756927,130.12288139356744,2220.169381030432,0.0
8.0,demand,0.0,70.0,0.0,3,optimal,True,21833495.770817623,2.049126794743107,0.5112349347795833,21833495.770817623,1601284.9412860686,18297210.341358993,25418947.8892934,7121737.5479344055,18729104.64479119,24322064.05217589,1599963.622659227,13.6715437403779,3.899132836768606,122.94866149745364,3032.2898290086846,0.0
16.0,demand,0.0,70.0,0.0,3,optimal,True,22572385.2374003,2.151783280809736,0.39542391555187295,22572385.237400305,2585474.5985858324,17613146.776230182,29442865.26593982,11829718.489709638,17885999.978613477,25064390.976700526,2586221.968304863,24.515159832156236,4.031881511809719,123.25493597779098,3416.090558571525,0.0
