vol_multiplier,shock_type,correlated,subsidy,deviation,run,termination_condition,feasible,objective,avg_h2_production,std_h2_production,avg_scenario_obj,std_scenario_obj,worst_scenario_obj,best_scenario_obj,obj_range,cvar_5pct,avg_revenue,std_revenue,avg_demand_met,min_demand_met,total_entry_booking,total_exit_booking,n_quality_deviations
1.0,demand,0.6,45.0,0.0,2,optimal,True,21571011.06709457,1.889391779117741,0.6282918571155007,21571011.06709457,1566718.4380752242,19865197.758590356,23821441.282850705,3956243.5242603496,19865197.758590356,24183129.80568061,1568010.1956393258,5.627243555995594,4.669919483838297,75.73972602739725,992.6923234043368,0.0
2.0,demand,0.6,45.0,0.0,2,optimal,True,21525089.624532633,1.8099267330617594,0.6552065776429611,21525089.624532633,1672855.0934990232,19492673.003632914,24030823.709167913,4538150.705534998,19722305.853462573,24131143.49860327,1677395.2461228454,6.119945209795065,4.035755150374942,78.21465769408614,898.1596679461751,0.0
4.0,demand,0.6,45.0,0.0,2,optimal,True,21341677.88273032,1.8534785041806425,0.6155398099792901,21341677.88273032,1982920.0619931074,19070191.333677936,24448684.074467357,5378492.740789421,19071424.34153523,23949671.5107933,1998089.7179452344,7.509564459851907,3.3472364163816986,75.73972602739725,1467.404333724973,0.0
8.0,demand,0.6,45.0,0.0,2,optimal,True,21486156.09687353,1.9242894209898214,0.4611524712886105,21486156.096873533,2554515.78490159,18234164.398408327,25456815.833175566,7222651.434767239,18234164.398408327,24107602.42282995,2562500.964475071,11.274340791586106,2.722901053740196,75.73972602739725,729.9847117081508,0.0
16.0,demand,0.6,45.0,0.0,2,optimal,True,21980743.033586938,2.098723217861906,0.42697589965582766,21980743.033586934,3604013.532139945,17413301.224450372,27586111.13054135,10172809.906090979,17413301.224450722,24611034.913435273,3607857.5344074224,19.99398541827251,2.4060473081436102,75.73972602739724,982.7843600803247,0.0
