vol_multiplier,shock_type,correlated,subsidy,deviation,run,termination_condition,feasible,objective,avg_h2_production,std_h2_production,avg_scenario_obj,std_scenario_obj,worst_scenario_obj,best_scenario_obj,obj_range,cvar_5pct,avg_revenue,std_revenue,avg_demand_met,min_demand_met,total_entry_booking,total_exit_booking,n_quality_deviations
1.0,demand,0.4,70.0,0.0,0,optimal,True,21660657.42196403,2.1517703775158363,0.26432571491694634,21660657.42196403,1804233.4931884953,19069115.107090417,25080413.043880075,6011297.936789658,19069115.10709051,24150177.38422055,1804726.6545196706,4.984376347497967,3.6049189421783616,75.73972602739725,972.5723630048018,0.0
2.0,demand,0.4,70.0,0.0,0,optimal,True,23323893.187234446,2.1143013256987446,0.4447638200647184,23323893.187234446,3591512.405826844,17985745.22022095,30111005.03966371,12125259.81944276,17985745.220221028,25808076.508525774,3592688.670714209,4.839565638201814,2.626906994035927,86.51997963012525,976.9577299647312,0.0
4.0,demand,0.4,70.0,0.0,0,optimal,True,26694748.493529096,2.1085119306108373,0.42334453344233053,26694748.493529093,6665083.935018501,15844636.959254896,38990978.74889217,23146341.789637275,15844636.959254898,29177320.571505137,6667246.505251069,5.01531450280194,1.7676684360080444,87.698089870569,717.1446885822937,0.0
8.0,demand,0.4,70.0,0.0,0,optimal,True,33520974.50794485,1.9297863976207341,0.6586752399144185,33520974.507944852,12650028.228204392,12241735.618340839,53250066.482307486,41008330.863966644,12241735.61834084,36004010.6199804,12649414.333524387,6.05813361824532,1.2986142251881927,80.829516489941,511.7187163353639,0.0
16.0,demand,0.4,70.0,0.0,0,optimal,True,44536410.53702427,1.7858832415148673,0.7573068320888925,48106717.21244641,23233111.217864536,6787147.242366116,78096833.71197408,71309686.46960796,6787147.2423661165,50542677.822277,23252987.598218262,8.530552034061506,1.1109979731386785,145.25389131232208,529.6405998052419,0.0
