vol_multiplier,shock_type,correlated,subsidy,deviation,run,termination_condition,feasible,objective,avg_h2_production,std_h2_production,avg_scenario_obj,std_scenario_obj,worst_scenario_obj,best_scenario_obj,obj_range,cvar_5pct,avg_revenue,std_revenue,avg_demand_met,min_demand_met,total_entry_booking,total_exit_booking,n_quality_deviations
1.0,demand,0.6,70.0,0.0,0,optimal,True,21427343.699945398,2.1826881233806317,0.2658790717134405,21427343.699945398,2369713.0392203513,17520920.137557503,25774328.53006302,8253408.392505515,17752910.34711089,23917001.7743001,2370569.472537116,4.982218785285571,3.4836299799740185,86.05767875100165,1306.6735758974796,0.0
2.0,demand,0.6,70.0,0.0,0,optimal,True,21543357.72062456,2.1814263113314505,0.24485029230761116,21543357.72062456,2527796.71074106,17939815.048720792,26069381.094790988,8129566.046070196,17939815.0487208,24033008.580067486,2526998.583299421,4.86630060125718,2.6269069940359295,79.73972602739725,1240.5781575735548,0.0
4.0,demand,0.6,70.0,0.0,0,optimal,True,21798032.687804185,2.2605326242333916,0.20383624661325764,21798032.687804185,2941906.3474732563,17409600.38864868,26581323.422215518,9171723.033566836,17409600.388648693,24289755.46207445,2943532.582674631,5.042035863876036,1.7676955592675754,79.7397260273977,701.1927587105982,0.0
8.0,demand,0.6,70.0,0.0,0,optimal,True,22116988.066440336,2.132524332007652,0.2960733475404834,22116988.066440336,3687706.8476526216,16336947.219611026,27464313.056201447,11127365.83659042,16336947.219611032,24608173.139484573,3688236.708080655,6.085159565268484,1.298614225188195,81.17942323076554,842.9482781768932,0.0
16.0,demand,0.6,70.0,0.0,0,optimal,True,19411145.14701747,2.082748463206123,0.3105277384405774,22981451.817055684,5422880.702898437,14103705.229931993,31433664.09453328,17329958.864601284,14103705.22993215,25468441.44174742,5424921.2931753155,8.65803933694817,1.1166410779333433,80.07953953686398,528.5944285424055,0.0
