vol_multiplier,shock_type,correlated,subsidy,deviation,run,termination_condition,feasible,objective,avg_h2_production,std_h2_production,avg_scenario_obj,std_scenario_obj,worst_scenario_obj,best_scenario_obj,obj_range,cvar_5pct,avg_revenue,std_revenue,avg_demand_met,min_demand_met,total_entry_booking,total_exit_booking,n_quality_deviations
1.0,demand,0.4,45.0,0.0,0,optimal,True,21485560.957198244,1.8388638241097603,0.678777611472987,21485560.95719824,1784364.8434954034,18871002.881985787,24956906.58433828,6085903.702352494,18891897.849188786,24098861.766438007,1770479.3722406805,4.974612251449672,3.6047673688570283,75.73972602739725,871.3184544702034,0.0
2.0,demand,0.4,45.0,0.0,0,optimal,True,22982613.23965279,1.591152141075586,0.956582483565188,22982613.23965279,3487756.6171547784,17818650.835185576,29981330.799948443,12162679.964762866,17818650.83518642,25570773.255101286,3497944.617099076,4.808396090651735,2.6269069940356973,152.68690059517272,1015.5841860734882,0.0
4.0,demand,0.4,45.0,0.0,0,optimal,True,26660890.097906094,1.8265659423910507,0.7859285884992009,26660890.09790609,6877003.149364236,15677487.188885309,38903960.8901952,23226473.70130989,15677487.188885314,29270444.399467304,6876797.297323052,5.014131710986376,1.7676684360080461,85.4509402071047,811.953534392211,0.0
8.0,demand,0.4,45.0,0.0,0,optimal,True,33378406.693115782,1.864469702633869,0.7514284386888384,33378406.69311578,12660499.559949055,12075096.371203208,53140334.83724977,41065238.466046564,12075096.371204004,35986097.32217392,12660178.990700336,6.047932157679376,1.2986142251881934,81.82951648994084,572.5770138198379,0.0
16.0,demand,0.4,45.0,0.0,0,optimal,True,44390839.886706054,1.4879676410979257,0.9222440452797721,47961146.56213518,23274365.16600176,6489296.033665798,78009362.72904646,71520066.69538067,6489296.033665799,50498460.76223633,23328313.82499043,8.519248664870432,1.0835376053645847,159.2899623785556,571.4183476138469,0.0
