vol_multiplier,shock_type,correlated,subsidy,deviation,run,termination_condition,feasible,objective,avg_h2_production,std_h2_production,avg_scenario_obj,std_scenario_obj,worst_scenario_obj,best_scenario_obj,obj_range,cvar_5pct,avg_revenue,std_revenue,avg_demand_met,min_demand_met,total_entry_booking,total_exit_booking,n_quality_deviations
1.0,demand,0.2,70.0,0.0,2,optimal,True,21752868.255724452,2.0164789235809906,0.5940407121043108,21752868.255724456,1473433.4938126775,18028697.494934294,24482981.31273453,6454283.817800235,18344470.5961147,24229846.823655166,1484580.8560511705,5.604582554498255,4.146564054356869,153.44276899495796,1580.3819001632432,0.0
2.0,demand,0.2,70.0,0.0,2,optimal,True,24163709.257054385,2.0996527129068516,0.42386923673421495,24163709.25705438,2547067.761583209,19776241.18597923,28890633.86763323,9114392.681654003,19878449.565850135,26641920.16015459,2542440.082675213,6.117044210007204,4.097209183241793,84.13351758166601,1081.6585044982598,0.0
4.0,demand,0.2,70.0,0.0,2,optimal,True,28774785.626639206,2.0634983025936195,0.43257042056487605,28774785.626639206,5272797.628289683,19246859.85819571,38028710.98756141,18781851.1293657,19277958.888503462,31246888.135095585,5273393.585324133,7.441687667021588,3.3472406845729203,101.51288013464816,605.7492393073185,0.0
8.0,demand,0.2,70.0,0.0,2,optimal,True,38308486.47324235,2.007281790885049,0.37882582313731883,38308486.47324234,9518101.180553922,21134026.466954295,55074157.50226551,33940131.03531122,21134026.46695434,40782710.001108676,9514098.288476298,11.163479660338913,2.722976065343567,96.02076514135652,558.3186670096372,0.0
16.0,demand,0.2,70.0,0.0,2,optimal,True,58190324.93554044,2.052659762984086,0.3851935493756319,58190324.935540445,20234559.022665285,23262404.280755598,96114927.94653991,72852523.66578431,23262404.280755747,60665248.11958149,20230326.214047924,19.808576863614533,2.405693090067987,97.21019492410862,703.158913617811,0.0
