vol_multiplier,shock_type,correlated,subsidy,deviation,run,termination_condition,feasible,objective,avg_h2_production,std_h2_production,avg_scenario_obj,std_scenario_obj,worst_scenario_obj,best_scenario_obj,obj_range,cvar_5pct,avg_revenue,std_revenue,avg_demand_met,min_demand_met,total_entry_booking,total_exit_booking,n_quality_deviations
1.0,demand,0.2,45.0,0.0,0,optimal,True,21465276.756007135,1.941002168457901,0.6117754947521832,21465276.75600714,1230180.2643569103,19035828.989972703,24058009.785586454,5022180.795613751,19402765.202380966,24086284.102606297,1218845.3302794988,4.969900926500843,3.4836299799740047,93.89665832087479,1057.0707758581664,0.0
2.0,demand,0.2,45.0,0.0,0,optimal,True,23385339.29031561,1.6704319252739066,0.8745781139580863,23385339.29031561,2581403.8749053935,19448484.29833208,28245392.604020298,8796908.305688217,19448484.29833215,25985806.430432223,2571658.931311754,4.848412831073837,2.6269069940359104,84.85288096658235,996.5807189054054,0.0
4.0,demand,0.2,45.0,0.0,0,optimal,True,26786763.516391683,1.9401032261546904,0.6418226965816116,26786763.51639168,4919324.954787585,18845050.674341667,35269077.41623675,16424026.741895083,18845050.674341667,29404445.752794627,4912319.009418747,5.008216312744078,1.767700089260406,89.93728291254548,905.4399385420666,0.0
8.0,demand,0.2,45.0,0.0,0,optimal,True,33898750.02027206,1.8949947555670184,0.713807182789847,33898750.02027206,8976215.581668386,18068884.759591408,46180656.84772323,28111772.088131823,18068884.759591408,36511153.56175333,8968173.337429017,6.057457822207262,1.2986142251881871,81.82951648994114,516.7216203643351,0.0
16.0,demand,0.2,45.0,0.0,0,optimal,True,45650384.19689794,1.710930227885688,0.7046440802555464,49220690.87232707,17269339.506831322,17202000.355463773,68114498.16116637,50912497.8057026,17310888.631983582,51817956.87173398,17266491.09237703,8.609779589649206,1.109018425490875,81.41993809742966,525.6383179978961,0.0
