vol_multiplier,shock_type,correlated,subsidy,deviation,run,termination_condition,feasible,objective,avg_h2_production,std_h2_production,avg_scenario_obj,std_scenario_obj,worst_scenario_obj,best_scenario_obj,obj_range,cvar_5pct,avg_revenue,std_revenue,avg_demand_met,min_demand_met,total_entry_booking,total_exit_booking,n_quality_deviations
1.0,demand,0.2,0.0,0.0,2,optimal,True,21698853.100119464,0.002574142781039418,0.01646785731130018,21698853.100119464,1076697.9565358327,19638241.266911134,24214594.47484569,4576353.207934555,19810973.162686337,24172060.610032607,1077442.6683598273,5.5725914026006516,4.581557782920884,86.15770017448342,1247.138749758705,0.0
2.0,demand,0.2,0.0,0.0,2,optimal,True,21678150.75881087,0.014177136555500488,0.07893495568069037,21678150.75881087,1147738.8572858684,19954074.876229335,23946523.689030234,3992448.812800899,19974858.800198454,24153332.12978275,1143311.1048928718,6.0721717923701775,4.079377487809355,74.73972602739725,1120.7769909265178,0.0
4.0,demand,0.2,0.0,0.0,2,optimal,True,21545854.92991007,0.0,0.0,21545854.929910067,1277356.6803698756,19875908.65863742,24021729.829401117,4145821.1707636975,19898425.90588292,24019695.559967026,1276649.7907928491,7.458349676904282,3.3282136550755146,73.73972602739767,1152.0571640493672,0.0
8.0,demand,0.2,0.0,0.0,2,optimal,True,21500245.10551115,0.013607684258613965,0.10800764540334268,21500245.10551115,1511028.7563856815,19055964.00689432,23962000.89730814,4906036.890413821,19133745.34857327,23978365.75242003,1510805.193283928,11.171731474137216,2.702896350286617,74.73972602739725,1119.3142138461835,0.0
16.0,demand,0.2,0.0,0.0,2,optimal,True,22160467.754993506,0.0,0.0,22160467.754993506,1944136.05129018,19239523.5489924,25191740.438248046,5952216.889255647,19477850.735316608,24636273.38467023,1948236.6776548545,19.79456537945657,2.386161707203294,79.98117098334794,831.4510097149175,0.0
