vol_multiplier,shock_type,correlated,subsidy,deviation,run,termination_condition,feasible,objective,avg_h2_production,std_h2_production,avg_scenario_obj,std_scenario_obj,worst_scenario_obj,best_scenario_obj,obj_range,cvar_5pct,avg_revenue,std_revenue,avg_demand_met,min_demand_met,total_entry_booking,total_exit_booking,n_quality_deviations
1.0,demand,0.0,45.0,0.0,2,optimal,True,20971658.13028772,2.1670927593871805,0.3635887643222585,20971658.13028772,754418.6060058557,19492331.777986065,22136814.09795912,2644482.3199730553,19557345.316910233,23611242.712307528,756400.1864672446,5.625477766434953,4.639884657973728,90.10434775590555,1321.7145287564927,0.0
2.0,demand,0.0,45.0,0.0,2,optimal,True,22214193.60709107,1.8452247084960618,0.7584042092981157,22214193.60709107,1465368.345888138,19203693.021197252,24810663.117482454,5606970.096285202,19383523.80257109,24830873.404722657,1457753.9320503245,6.09436409155205,4.045167472563883,119.61023404377922,1351.0904789266394,0.0
4.0,demand,0.0,45.0,0.0,2,optimal,True,25092079.654406805,2.0366735921576904,0.5605132644194519,25092079.6544068,2794540.7086744043,19648540.03239286,30048466.549088992,10399926.516696133,19729970.581938922,27712741.827496216,2800254.4604583047,7.414687254652371,3.2682812820510208,106.98959764016901,1185.2840050139878,0.0
8.0,demand,0.0,45.0,0.0,2,optimal,True,31236763.001834277,2.036909447352013,0.6382793481783819,31236763.00183428,5868402.432717259,21060109.778096896,40601434.33813614,19541324.56003924,21163440.288403034,33853894.13987614,5873263.699122493,11.04892365091792,2.707763310448529,110.48836466018967,1111.1843916378962,0.0
16.0,demand,0.0,45.0,0.0,2,optimal,True,45112649.6028734,2.0783688158870692,0.5006486814785113,45112649.6028734,12410010.463070923,24354076.44267246,62668460.155349664,38314383.7126772,24489517.006745875,47728779.71364095,12413006.18938224,19.454492548334198,2.377901075757809,112.05911590113409,1186.242065837281,0.0
