vol_multiplier,shock_type,correlated,subsidy,deviation,run,termination_condition,feasible,objective,avg_h2_production,std_h2_production,avg_scenario_obj,std_scenario_obj,worst_scenario_obj,best_scenario_obj,obj_range,cvar_5pct,avg_revenue,std_revenue,avg_demand_met,min_demand_met,total_entry_booking,total_exit_booking,n_quality_deviations
1.0,demand,1.0,45.0,0.0,1,optimal,True,21088379.595868405,1.5012152226181472,0.5510065746005123,21088379.595868405,2097404.1549059395,17787008.400809556,24746012.823298022,6959004.422488466,18035041.441410903,23675001.692396224,2104787.503535495,5.336583462263927,4.545988568939615,123.70146570243847,413.6685694030711,0.0
2.0,demand,1.0,45.0,0.0,1,optimal,True,21317981.21746567,1.9551211160667417,0.27811723197095894,21317981.21746567,2205351.199598363,18010439.326386373,25181748.224513255,7171308.898126882,18010439.326386407,23942076.53296291,2205473.4558148654,5.6863275556425394,3.9337575524671764,75.73972602739725,219.85388785594103,0.0
4.0,demand,1.0,45.0,0.0,1,optimal,True,21425762.77176739,1.5648296377049955,0.5201103740187305,21425762.77176739,2612633.077057892,17642809.36690587,26041046.044936012,8398236.67803014,17646299.818834167,24020861.311738767,2620271.6402594764,6.824690457619905,3.2679580379190343,103.42127618908633,417.2957702578502,0.0
8.0,demand,1.0,45.0,0.0,1,optimal,True,21767474.505014665,1.5815691255126672,0.3495411452299768,21767474.505014665,3386138.197914973,16926279.49320307,27792819.605564974,10866540.112361904,16927601.04011604,24365371.45657683,3388861.442168084,10.075668422851923,2.936430600820477,98.73972602739725,273.34056117829596,0.0
16.0,demand,1.0,45.0,0.0,1,optimal,True,22444095.83344296,1.517835565995912,0.56849838902446,22444095.83344296,4928636.597339329,15490335.415717462,31320128.93585204,15829793.520134578,15490335.41571947,25038167.9607139,4943448.675994986,17.449578887548128,3.0309151003702963,85.73972602669535,481.39690004642927,0.0
