vol_multiplier,shock_type,correlated,subsidy,deviation,run,termination_condition,feasible,objective,avg_h2_production,std_h2_production,avg_scenario_obj,std_scenario_obj,worst_scenario_obj,best_scenario_obj,obj_range,cvar_5pct,avg_revenue,std_revenue,avg_demand_met,min_demand_met,total_entry_booking,total_exit_booking,n_quality_deviations
1.0,demand,0.8,30.0,0.0,0,optimal,True,21012061.19224029,0.2690269544621832,0.6058085905365637,21012061.19224029,2901274.217084783,16914514.81973951,26067934.232468456,9153419.412728947,16914514.819739517,23522599.361427896,2949558.838719978,4.9421599140804915,3.547788321668727,80.2073124877244,969.1187487619432,0.0
2.0,demand,0.8,30.0,0.0,0,optimal,True,22278310.868046887,0.7242257085279671,1.0146076275519438,22278310.868046887,5674816.596289469,14404576.515267594,32175803.738890596,17771227.223623,14413535.894687198,24840183.59419492,5757539.268203669,4.833522573220872,2.5989923347790795,82.64669573115617,1041.0154202782123,0.0
4.0,demand,0.8,30.0,0.0,0,optimal,True,24714214.391522918,0.7730904555570398,1.031756982845246,24714214.391522918,10865069.3541312,9162480.055662772,43498722.7251448,34336242.66948203,9162480.055662919,27280219.616202258,10962297.636466172,5.0033914261597126,1.7489173648063376,81.90492065518379,955.0313707729159,0.0
8.0,demand,0.8,30.0,0.0,0,optimal,True,29953551.46472638,0.7444226405201615,0.9925625731398152,29953551.46472638,20716022.439387366,129990.27424687133,63593306.40688175,63463316.13263488,129990.27424720046,32435409.251938596,20896995.814020332,5.944092681614079,1.174125231541358,182.14991945023226,756.1080637718042,0.0
16.0,demand,0.8,30.0,0.0,0,optimal,True,39660467.06429332,0.7695456384630954,1.021085814100015,43230773.73972093,36214306.01339435,-2392291.3999866256,101102298.36400487,103494589.76399149,-2392291.3999866256,45679516.112418026,36407474.5864733,8.37250446847512,1.0782553408031528,249.07200018300142,497.72104979052193,0.0
