vol_multiplier,shock_type,correlated,subsidy,deviation,run,termination_condition,feasible,objective,avg_h2_production,std_h2_production,avg_scenario_obj,std_scenario_obj,worst_scenario_obj,best_scenario_obj,obj_range,cvar_5pct,avg_revenue,std_revenue,avg_demand_met,min_demand_met,total_entry_booking,total_exit_booking,n_quality_deviations
1.0,demand,0.0,70.0,0.0,2,optimal,True,20994938.16643739,2.252236592356648,0.26140574968562696,20994938.16643739,782815.4982133459,18995671.954414565,22303175.607414216,3307503.6529996507,19437481.226279106,23481667.60432753,786103.8149072535,5.626139497987156,4.6291756593935816,120.36225852930735,1679.7059723656296,0.0
2.0,demand,0.0,70.0,0.0,2,optimal,True,21116722.08388837,2.277062821496526,0.24695206747457418,21116722.083888374,807622.8525453117,19437496.73640418,22801570.69580037,3364073.959396191,19568841.482831743,23606312.80486685,809186.666734819,6.12155893182929,4.0464966314357875,106.33383280189749,1819.4699467251369,0.0
4.0,demand,0.0,70.0,0.0,2,optimal,True,21196346.196730897,2.340881594409649,0.15148639113543752,21196346.196730897,912884.537649765,19147706.213539854,23684676.035954714,4536969.82241486,19390661.676793456,23686248.566230383,914096.8657129562,7.534637426039963,3.3590241239743324,78.0552679022895,2228.2974685010377,0.0
8.0,demand,0.0,70.0,0.0,2,optimal,True,21344406.028390955,2.281020198695904,0.2096831089596417,21344406.028390955,1337982.5382919821,18951428.86422776,25489506.461698905,6538077.597471144,19055434.540001605,23834328.218966477,1338265.355944223,11.284078718742421,2.72622947597689,76.73972602739725,3277.119216763912,0.0
16.0,demand,0.0,70.0,0.0,2,optimal,True,22145018.05422333,2.1106596478820245,0.4372021628291355,22145018.054223325,2334076.1235397765,17925497.25794987,29546032.615032043,11620535.357082173,18265281.746598538,24635478.20378279,2335595.869326087,19.97542239099085,2.4054608437049265,99.70225438462103,3566.3524536050963,0.0
