vol_multiplier,shock_type,correlated,subsidy,deviation,run,termination_condition,feasible,objective,avg_h2_production,std_h2_production,avg_scenario_obj,std_scenario_obj,worst_scenario_obj,best_scenario_obj,obj_range,cvar_5pct,avg_revenue,std_revenue,avg_demand_met,min_demand_met,total_entry_booking,total_exit_booking,n_quality_deviations
1.0,demand,0.2,0.0,0.0,0,optimal,True,21530305.934011467,0.0,0.0,21530305.934011467,1272784.5979044633,19657805.029073805,24050526.39822538,4392721.369151574,19657805.02907382,24009404.73201655,1273351.253642337,4.933332238420624,3.5665349445642116,84.26604693022965,872.76716885995,0.0
2.0,demand,0.2,0.0,0.0,0,optimal,True,23336818.74890865,0.040000000000001416,0.17738493636782596,23336818.74890865,2566165.268725018,19357736.836757217,28222339.042484175,8864602.205726959,19357736.836757217,25820029.835928664,2580128.062796088,4.803231714597466,2.5989365477071558,85.00700074289233,834.4768567879785,0.0
4.0,demand,0.2,0.0,0.0,0,optimal,True,26835680.0835109,0.010000000000000425,0.07937253933194108,26835680.0835109,4912445.224722466,18775673.760852467,35384104.946475185,16608431.185622718,18775673.76085257,29313159.165767554,4915181.102034062,4.975518522415412,1.7489490180586968,80.7485847006038,700.7866957467464,0.0
8.0,demand,0.2,0.0,0.0,0,optimal,True,33785411.93663139,0.19730581505006833,0.5220221188493859,33785411.93663139,8942459.225951595,17990363.151256695,45983193.18802143,27992830.036764733,17990363.151256695,36297653.156177,8998160.767133009,6.0125363098843,1.2848390283636115,81.34692401376756,486.80789368512137,0.0
16.0,demand,0.2,0.0,0.0,0,optimal,True,45471032.85856172,0.686454994990254,0.9023219137592633,49041339.53399025,17208244.50963161,17304533.448396537,67957113.86058986,50652580.41219333,17304533.44839661,51648385.72083366,17301083.608449668,8.552915412302752,1.101504932343754,82.8165089929552,555.2059495408591,0.0
