vol_multiplier,shock_type,correlated,subsidy,deviation,run,termination_condition,feasible,objective,avg_h2_production,std_h2_production,avg_scenario_obj,std_scenario_obj,worst_scenario_obj,best_scenario_obj,obj_range,cvar_5pct,avg_revenue,std_revenue,avg_demand_met,min_demand_met,total_entry_booking,total_exit_booking,n_quality_deviations
1.0,demand,0.8,0.0,0.0,3,optimal,True,19884087.208649576,0.0,0.0,19884087.208649576,2544151.458701427,15498652.297214277,22914611.26837014,7415958.971155863,15498652.297214279,22361780.344099585,2541342.7160238996,5.850782118872919,4.7165814990100525,73.88011359681848,1038.8518158769284,0.0
2.0,demand,0.8,0.0,0.0,3,optimal,True,19943286.27263059,0.0,0.0,19943286.272630587,2732819.3081131894,15342360.979882017,23430995.716815896,8088634.73693388,15342360.979882041,22421121.606053397,2729438.667541851,6.6326681589107785,4.297439525860515,74.44532054584363,993.7882644023459,0.0
4.0,demand,0.8,0.0,0.0,3,optimal,True,19993499.199548285,0.0,0.0,19993499.199548285,3193645.6732773203,14696006.65050458,24460041.54369615,9764034.89319157,14832048.069754772,22470671.730103016,3188599.4222685066,8.628889608287185,3.879032288839432,81.16742231386407,852.2162318052244,0.0
8.0,demand,0.8,0.0,0.0,3,optimal,True,20301652.791690342,0.0,0.0,20301652.791690342,4089821.5460761436,14027556.499776172,26518443.73883063,12490887.239054458,14027556.499776198,22781792.293373536,4084067.894848696,13.5845758394239,3.8599893992174925,73.73972602739725,582.953151316397,0.0
16.0,demand,0.8,0.0,0.0,3,optimal,True,20782985.107532296,0.0,0.0,20782985.107532296,5869869.800671632,12120370.700632162,30634934.44409676,18514563.743464597,12187048.13211985,23258660.890279964,5868622.28052396,24.128890195590404,4.011932706706786,93.31410497748622,873.2330985869702,0.0
