vol_multiplier,shock_type,correlated,subsidy,deviation,run,termination_condition,feasible,objective,avg_h2_production,std_h2_production,avg_scenario_obj,std_scenario_obj,worst_scenario_obj,best_scenario_obj,obj_range,cvar_5pct,avg_revenue,std_revenue,avg_demand_met,min_demand_met,total_entry_booking,total_exit_booking,n_quality_deviations
1.0,demand,1.0,45.0,0.0,2,optimal,True,20347438.932449386,1.5685734521755383,0.7146134737222652,20347438.932449386,2332608.9645436564,17126118.034842964,23643365.6627505,6517247.627907537,17126118.034843,22935075.604387514,2362219.086494059,5.562493540972412,4.210528982942109,154.4219650267471,913.6480485835355,0.0
2.0,demand,1.0,45.0,0.0,2,optimal,True,20803604.867793486,1.2094305312285414,0.5458464377653576,20803604.867793486,4209727.587619352,14990288.349923527,26588074.634954885,11597786.285031358,14990288.349923553,23372965.21124564,4242795.847913808,6.101210300567497,4.045014301647629,81.82240851848827,469.192647500238,0.0
4.0,demand,1.0,45.0,0.0,2,optimal,True,21424245.443373557,1.125964130794395,0.9004085018216691,21424245.44337356,8494806.403415008,9850848.51942011,33331955.863569748,23481107.344149638,9850848.519420119,23988016.407338053,8533590.828605842,7.497307527169321,3.3287352805287873,76.73972602739725,447.6306186037425,0.0
8.0,demand,1.0,45.0,0.0,2,optimal,True,22991516.7855546,1.0295031492857298,0.895953328876252,22991516.785554603,17176534.88920128,416964.70714526647,47271651.56650574,46854686.85936047,416964.70714526647,25409574.703305684,17395614.974694043,10.78612236702143,2.7029052877039255,210.4198887218703,937.0569502205404,0.0
16.0,demand,1.0,45.0,0.0,2,optimal,True,30297564.26202503,0.7645722758836058,0.733950711701716,30297564.26202503,30880145.282127775,-445254.9573281724,76332666.42630368,76777921.38363186,-401645.8640158635,32097845.116408635,31640319.721373685,16.926169065475563,1.1095065679739389,407.262596058021,722.5512641396678,0.0
