vol_multiplier,shock_type,correlated,subsidy,deviation,run,termination_condition,feasible,objective,avg_h2_production,std_h2_production,avg_scenario_obj,std_scenario_obj,worst_scenario_obj,best_scenario_obj,obj_range,cvar_5pct,avg_revenue,std_revenue,avg_demand_met,min_demand_met,total_entry_booking,total_exit_booking,n_quality_deviations
1.0,demand,0.4,70.0,0.0,3,optimal,True,20423611.507347442,1.9249692550985404,0.5182202357143443,20423611.507347442,1411219.3471930812,18091431.370917585,22118495.74759611,4027064.3766785264,18116196.23006748,22905242.448899,1411044.9356039,5.893442737669107,4.768263646284837,76.73972602739725,1108.3540637283315,0.0
2.0,demand,0.4,70.0,0.0,3,optimal,True,21270432.37736897,1.7281022014548628,0.8039544905065875,21270432.377368968,2965314.7942533186,16925206.226035826,25319457.014312167,8394250.78827634,16967926.053712297,23754311.847391672,2960285.152519667,6.672210660239663,4.283916635674981,101.45993038649594,904.1136577949866,0.0
4.0,demand,0.4,70.0,0.0,3,optimal,True,23048968.105037004,1.4699191060282488,0.952388019485341,23048968.105037004,6088931.862706636,13932314.473023865,31495081.65735121,17562767.184327345,13932314.473023867,25522703.594556406,6095326.66126987,8.675295879524773,3.2763942870718523,109.26571692809851,1124.260218789671,0.0
8.0,demand,0.4,70.0,0.0,3,optimal,True,27909509.331327505,1.1700896021694747,0.9809794559391496,27909509.3313275,11531501.67276043,13704338.259125667,45857543.18925427,32153204.930128604,13704338.259125963,30334455.011049315,11586386.214007732,13.367520774852114,2.960052539416506,189.48035426184126,760.9044899321789,0.0
16.0,demand,0.4,70.0,0.0,3,optimal,True,38803942.27862678,1.0387370086762757,0.962427020281262,38803942.27862678,21274067.6722372,13659896.974606708,73412295.53528753,59752398.56068082,13659896.974606732,41200193.74029238,21359365.423979647,22.73571970198849,2.844447961239049,294.7875756164207,773.3768207612794,0.0
