vol_multiplier,shock_type,correlated,subsidy,deviation,run,termination_condition,feasible,objective,avg_h2_production,std_h2_production,avg_scenario_obj,std_scenario_obj,worst_scenario_obj,best_scenario_obj,obj_range,cvar_5pct,avg_revenue,std_revenue,avg_demand_met,min_demand_met,total_entry_booking,total_exit_booking,n_quality_deviations
1.0,demand,0.0,45.0,0.0,1,optimal,True,21261099.272939306,1.850988395253038,0.6335309055241322,21261099.272939306,702010.6383150861,19443831.92662534,22761156.45600394,3317324.5293786004,19779901.74186279,23878837.084509294,686208.0554559019,5.3662130311016565,4.536295246157082,81.6014013254742,1627.1658232450181,0.0
2.0,demand,0.0,45.0,0.0,1,optimal,True,21346965.400667086,1.578957616272325,0.8331694763781304,21346965.40066709,726905.9975449698,20202702.928119276,23029150.636933886,2826447.70881461,20233722.46486578,23948714.979219124,723583.2937785403,5.670878036219007,3.950629621811725,85.21266879567163,2009.1269863157477,0.0
4.0,demand,0.0,45.0,0.0,1,optimal,True,21509493.126267184,1.8961812413774481,0.6759822094024734,21509493.12626718,833882.9889189487,20133738.183114536,23255287.731713574,3121549.5485990383,20163818.0700209,24138031.427889943,810771.6725954049,6.841067382934773,3.27281285405343,75.73972602739725,2628.0330580304017,0.0
8.0,demand,0.0,45.0,0.0,1,optimal,True,21889364.71668521,1.9074328995550163,0.6569552452067177,21889364.71668521,1248076.6629217633,19395922.38218387,24373836.357804123,4977913.975620255,19583274.309409957,24517964.9921544,1234728.595009741,10.094717808594616,2.932182467395771,77.73972602739819,3156.4442206356252,0.0
16.0,demand,0.0,45.0,0.0,1,optimal,True,22682829.69015356,1.5783704039197897,0.8121237079761766,22682829.69015356,2197630.6751552196,17283141.97529029,27740121.34048658,10456979.365196288,18214167.071766485,25281972.987833157,2210156.0803201073,17.34742039201386,3.014257706802837,80.47523782559017,3385.8239207471643,0.0
