vol_multiplier,shock_type,correlated,subsidy,deviation,run,termination_condition,feasible,objective,avg_h2_production,std_h2_production,avg_scenario_obj,std_scenario_obj,worst_scenario_obj,best_scenario_obj,obj_range,cvar_5pct,avg_revenue,std_revenue,avg_demand_met,min_demand_met,total_entry_booking,total_exit_booking,n_quality_deviations
1.0,demand,0.0,45.0,0.0,1,optimal,True,21345433.53557824,1.9811694025183006,0.5375428572052794,21345433.53557824,654394.9333429963,19944255.300415892,22806970.041913893,2862714.741498001,20168547.411691617,23975438.91199099,638129.3854118952,5.375052978492674,4.542898706727334,81.5915426416504,1365.6525753077049,0.0
2.0,demand,0.0,45.0,0.0,1,optimal,True,22924503.22320265,1.5069143576706243,0.9007959258085495,22924503.223202653,1375985.1158150241,20642848.115800466,26065347.60764916,5422499.491848692,20656867.512671378,25516808.369401168,1365690.0882854885,5.66761237085465,3.9495166759570774,78.03225508539738,1087.266165327611,0.0
4.0,demand,0.0,45.0,0.0,1,optimal,True,26175744.975176387,1.827377285552503,0.7274574268990847,26175744.975176387,2719481.8467491628,20101562.98121475,32189399.15450732,12087836.17329257,21053441.023174733,28787522.296316575,2713388.4632171793,6.834116434068589,3.2629748610627396,87.90605871869246,1352.9414398452175,0.0
8.0,demand,0.0,45.0,0.0,1,optimal,True,32938044.7445144,1.6709131329097937,0.6998157893181833,32938044.7445144,5796935.007068365,23775932.142059676,45923126.216270916,22147194.07421124,23825772.077904794,35535698.94166784,5808119.682991823,10.051310935593122,2.933346526761897,89.4162284291028,1001.2086221522062,0.0
16.0,demand,0.0,45.0,0.0,1,optimal,True,47457447.82832155,1.4978899107539374,0.864629249686927,47522165.188013524,12308124.510324638,30375699.523996953,76705765.80043751,46330066.27644056,30425810.229938507,50107533.88586371,12313197.855329178,17.419356864873905,3.0248272704574775,90.43057328985142,1157.6909868287746,0.0
