vol_multiplier,shock_type,correlated,subsidy,deviation,run,termination_condition,feasible,objective,avg_h2_production,std_h2_production,avg_scenario_obj,std_scenario_obj,worst_scenario_obj,best_scenario_obj,obj_range,cvar_5pct,avg_revenue,std_revenue,avg_demand_met,min_demand_met,total_entry_booking,total_exit_booking,n_quality_deviations
1.0,demand,0.0,0.0,0.0,3,optimal,True,21332965.09642637,0.0,0.0,21332965.096426375,973125.0372515883,18748943.816744637,23027554.791296788,4278610.974552151,19315746.294994824,23809075.0560164,977098.6297225558,5.8280741881090865,4.716581499010064,118.8848469497921,1090.2266496861905,0.0
2.0,demand,0.0,0.0,0.0,3,optimal,True,21350202.493939992,0.012428490911248242,0.09864808836896814,21350202.493939996,1011362.5010090665,18760390.540560097,23194853.488612413,4434462.948052317,19090087.24209075,23832763.397908736,1009309.9204948059,6.631482280497314,4.28823021811294,78.50607572022432,1926.6420286780215,0.0
4.0,demand,0.0,0.0,0.0,3,optimal,True,21258876.04878714,0.010964673161301468,0.04246599655032801,21308264.669548538,1109746.8953737577,18977378.21160021,23655689.331374332,4678311.119774122,19097288.793300763,23787747.954851143,1109830.8558633581,8.615277316839375,3.772195663450697,130.66368220729808,2219.477484911439,0.0
8.0,demand,0.0,0.0,0.0,3,optimal,True,21621956.22734001,0.0,0.0,21621956.227340013,1619455.546496645,17757232.906808406,25734157.359986167,7976924.453177761,18214133.110373225,24101220.145517852,1625894.9024951048,13.512030657920251,3.851699151688212,84.00023236542901,2846.362172593795,0.0
16.0,demand,0.0,0.0,0.0,3,optimal,True,22407466.362320658,0.0,0.0,22407466.362320658,2496865.764455728,17513694.253444184,29084576.060377724,11570881.80693354,17840976.487581808,24887651.978678722,2496156.6772364024,24.267208937348144,3.9060373382511973,134.6859093624114,3355.6380117315407,0.0
