vol_multiplier,shock_type,correlated,subsidy,deviation,run,termination_condition,feasible,objective,avg_h2_production,std_h2_production,avg_scenario_obj,std_scenario_obj,worst_scenario_obj,best_scenario_obj,obj_range,cvar_5pct,avg_revenue,std_revenue,avg_demand_met,min_demand_met,total_entry_booking,total_exit_booking,n_quality_deviations
1.0,demand,0.6,30.0,0.0,0,optimal,True,21279780.745396305,0.22305910234114237,0.6094960095630821,21279780.745396305,2358238.614887554,17816492.595969208,25622256.946453117,7805764.350483909,17816492.595969208,23783654.339898765,2400499.610848126,4.938616450504584,3.54778832166871,81.74846202564689,1070.7110216149479,0.0
2.0,demand,0.6,30.0,0.0,0,optimal,True,22815745.078911316,0.7332079926177392,1.0139183454484708,22815745.078911316,4520746.940632067,16101594.121955268,31352045.35675189,15250451.23479662,16109556.664764518,25377525.783550154,4606280.037374147,4.829654889687843,2.5989365477071504,84.34862501866452,1043.5428831143324,0.0
4.0,demand,0.6,30.0,0.0,0,optimal,True,26015784.47436638,0.729786935814096,0.962113307954388,26015784.47436638,8951218.557645336,12489092.353536911,41662707.84433331,29173615.490796402,12489092.353536911,28576002.90767146,9042867.254879665,4.999710960709105,1.748917364806338,82.00391578811325,701.8124114487254,0.0
8.0,demand,0.6,30.0,0.0,0,optimal,True,31773473.159418683,0.954358636986268,0.9801879314356994,31773473.159418676,16239175.67795246,6050674.9284359375,59022202.397655435,52971527.4692195,6050674.9284359375,34347686.87967627,16329200.348452756,6.019769734211585,1.2848390283636213,129.64642666566124,786.3966619986784,0.0
16.0,demand,0.6,30.0,0.0,0,optimal,True,42454627.53680603,1.4833151035446266,0.9188275236901411,46024934.21223204,30402388.332868516,-2391189.7493256754,90691702.61529487,93082892.36462055,-2391189.7493256745,48615206.927581206,30496742.01828935,8.526457434581445,1.0782553408031526,153.4765273951173,505.55396228282723,0.0
