vol_multiplier,shock_type,correlated,subsidy,deviation,run,termination_condition,feasible,objective,avg_h2_production,std_h2_production,avg_scenario_obj,std_scenario_obj,worst_scenario_obj,best_scenario_obj,obj_range,cvar_5pct,avg_revenue,std_revenue,avg_demand_met,min_demand_met,total_entry_booking,total_exit_booking,n_quality_deviations
1.0,demand,1.0,45.0,0.0,2,optimal,True,20347438.932449386,1.5685734521755383,0.7146134737222652,20347438.932449386,2332608.9645436564,17126118.034842964,23643365.6627505,6517247.627907537,17126118.034843,22935075.604387514,2362219.086494059,5.562493540972412,4.210528982942109,154.4219650267471,913.6480485835355,0.0
2.0,demand,1.0,45.0,0.0,2,optimal,True,20661665.343772177,1.9024021250715166,0.4179853808248278,20661665.343772177,2400811.1984159146,17351383.416971136,23963115.825989284,6611732.409018148,17351383.416971136,23282825.42673684,2403396.4035798768,6.122451396179256,4.045014301647629,75.73972602742293,244.4440089837377,0.0
4.0,demand,1.0,45.0,0.0,2,optimal,True,20594325.093903992,1.4925985308923122,0.7183540170081454,20594325.093903992,2840326.4184171674,16901207.024096474,24594253.25484909,7693046.230752617,16902535.230433624,23183109.746681917,2857940.4289075723,7.494520617571178,3.2692706479008993,118.25113882971803,302.76016396736964,0.0
8.0,demand,1.0,45.0,0.0,2,optimal,True,20813947.983730882,1.6200949617620384,0.5183458556446012,20813947.983730882,3604808.324434546,16008808.33286649,25858768.336065028,9849960.003198538,16008808.332866555,23414717.773611836,3616712.331498311,11.248948820863323,2.7301860005329837,81.73972602739752,363.6325925409556,0.0
16.0,demand,1.0,45.0,0.0,2,optimal,True,21065469.348292425,1.392006757910561,0.7238817342127484,21065469.348292425,5204926.095559246,14220750.608450351,28385473.311631247,14164722.703180896,14220750.608450355,23652134.119853936,5243390.302966904,19.94613935092469,2.3865824545866534,77.57557106532755,525.992773225996,0.0
