vol_multiplier,shock_type,correlated,subsidy,deviation,run,termination_condition,feasible,objective,avg_h2_production,std_h2_production,avg_scenario_obj,std_scenario_obj,worst_scenario_obj,best_scenario_obj,obj_range,cvar_5pct,avg_revenue,std_revenue,avg_demand_met,min_demand_met,total_entry_booking,total_exit_booking,n_quality_deviations
1.0,demand,1.0,70.0,0.0,3,optimal,True,19877937.440418046,1.6372311779886268,0.5480070556882423,19877937.440418046,3039552.289979799,14760255.056636829,24094996.87357888,9334741.816942051,14760255.056636902,22360077.885486044,3038719.295029929,5.851018592580222,4.747815103802533,146.99080437841312,748.6457094812566,0.0
2.0,demand,1.0,70.0,0.0,3,optimal,True,20083852.5157063,1.772062256247916,0.34615606714185526,20083852.515706304,3383106.667494739,14367373.141860904,24406884.50622709,10039511.364366187,14367373.141860908,22572220.59126832,3384007.876272949,6.686479188026802,4.331866936834313,77.73972602739725,373.5513478712248,0.0
4.0,demand,1.0,70.0,0.0,3,optimal,True,19939900.845813613,1.7097902777617526,0.5700766345417181,19939900.845813613,3854543.362279137,13366814.87782415,25144500.88245229,11777686.00462814,13457536.634661287,22427230.632831477,3855008.2620288185,8.697731804283713,3.925884879379755,92.76346510292908,1224.734870552641,0.0
8.0,demand,1.0,70.0,0.0,3,optimal,True,19874810.072734162,1.62226634427605,0.3403907401926022,19874810.072734162,4802944.472278055,11984807.63602099,26484837.308758453,14500029.672737462,11984807.636021426,22357639.31778281,4801422.741479241,13.649374173299812,3.8841662225873512,117.56488585351634,367.9985996741902,0.0
16.0,demand,1.0,70.0,0.0,3,optimal,True,19996580.330963157,2.0056274798241036,0.35164811421056136,19996580.330963157,6912955.1651742775,8811714.10034084,29355633.12374676,20543919.02340592,8825230.365441091,22488769.9255017,6914677.295057258,24.58550177809608,4.055093707723734,79.73972602739767,421.09689050964965,0.0
