vol_multiplier,shock_type,correlated,subsidy,deviation,run,termination_condition,feasible,objective,avg_h2_production,std_h2_production,avg_scenario_obj,std_scenario_obj,worst_scenario_obj,best_scenario_obj,obj_range,cvar_5pct,avg_revenue,std_revenue,avg_demand_met,min_demand_met,total_entry_booking,total_exit_booking,n_quality_deviations
1.0,demand,0.6,0.0,0.0,3,optimal,True,20074654.91048672,0.0,0.0,20074654.91048672,2038093.6675980154,16656700.455220062,22333754.303977173,5677053.848757111,16663357.842010448,22550172.85480735,2034948.5139179206,5.850733977060854,4.716581499010079,73.93116362206395,929.214535830151,0.0
2.0,demand,0.6,0.0,0.0,3,optimal,True,19925044.004766483,0.026128907089432794,0.08979977637575906,20158221.045514412,2189652.798985467,16508675.053672867,22849907.625199456,6341232.571526589,16639910.876757301,22640522.087317474,2177713.027206354,6.631822924247404,4.304119163567309,75.03271317290434,813.7153624637382,0.0
4.0,demand,0.6,0.0,0.0,3,optimal,True,20256757.209347215,0.0,0.0,20256757.20934721,2515804.481312533,16515752.56844872,23882908.870180674,7367156.301731953,16535017.957247155,22731826.07073894,2515640.275076896,8.620091706609234,3.8796758692296542,99.37020499392492,1323.2271500212184,0.0
8.0,demand,0.6,0.0,0.0,3,optimal,True,20608294.682731688,0.0,0.0,20608294.682731688,3227598.8992134477,15402835.158493556,25950412.672429442,10547577.513935886,15935341.997017203,23082566.10527223,3231069.7839815225,13.494015292566292,3.859988237266376,112.56608052984552,1091.6172166370945,0.0
16.0,demand,0.6,0.0,0.0,3,optimal,True,21338387.77496635,0.0,0.0,21338387.77496635,4558677.87540405,15511462.2876699,30094708.585133526,14583246.297463626,15515128.131397063,23814390.56375553,4554531.942218087,24.348968879232963,4.011932706706798,73.73972602739725,1181.790731082435,0.0
