vol_multiplier,shock_type,correlated,subsidy,deviation,run,termination_condition,feasible,objective,avg_h2_production,std_h2_production,avg_scenario_obj,std_scenario_obj,worst_scenario_obj,best_scenario_obj,obj_range,cvar_5pct,avg_revenue,std_revenue,avg_demand_met,min_demand_met,total_entry_booking,total_exit_booking,n_quality_deviations
1.0,demand,0.8,0.0,0.0,0,optimal,True,20954995.2542115,0.0,0.0,20954995.2542115,2838791.9442267492,16838831.24562941,25953951.280019887,9115120.034390476,16889519.89306582,23432240.36713428,2838775.6997511303,4.932644044721547,3.5477883216687305,83.60133587045613,1134.9569958181849,0.0
2.0,demand,0.8,0.0,0.0,0,optimal,True,21027313.67502648,0.0,0.0,21027313.695618913,3107214.847677121,16812216.75747242,26461328.976551555,9649112.219079137,16812216.75751027,23507058.495448872,3110974.35244933,4.808147103204704,2.5990406593293867,78.73972602739725,1270.368888007387,0.0
4.0,demand,0.8,0.0,0.0,0,optimal,True,21227223.35499726,0.010000000000000502,0.0793725393319417,21227223.354997262,3629636.1453666175,16182504.393289194,27219205.232599434,11036700.83931024,16182504.393289277,23708615.802650854,3632361.8186539006,4.991498978936313,1.748873715221188,76.73972602739725,975.151789153814,0.0
8.0,demand,0.8,0.0,0.0,0,optimal,True,21520306.212167006,-4.965015403032266e-11,2.046494461411027e-10,21520306.212167006,4534500.05884072,14988849.990293408,28631114.761906605,13642264.771613197,14988849.990293412,24001645.184767906,4533786.00347927,6.029815246237508,1.2848349000320822,77.57219310834607,1310.4160922053604,0.0
16.0,demand,0.8,0.0,0.0,0,optimal,True,18830719.86563325,0.029999999997648193,0.1352774925728686,22401026.54106217,6679253.088180285,12527654.326794779,33140718.218318373,20613063.891523592,12527654.32679478,24889169.671015345,6691054.6410470605,8.590727885659327,1.1074168006097855,80.04709728781137,646.0931328653211,0.0
