vol_multiplier,shock_type,correlated,subsidy,deviation,run,termination_condition,feasible,objective,avg_h2_production,std_h2_production,avg_scenario_obj,std_scenario_obj,worst_scenario_obj,best_scenario_obj,obj_range,cvar_5pct,avg_revenue,std_revenue,avg_demand_met,min_demand_met,total_entry_booking,total_exit_booking,n_quality_deviations
1.0,demand,1.0,45.0,0.0,1,optimal,True,21088379.595868405,1.5012152226181472,0.5510065746005123,21088379.595868405,2097404.1549059395,17787008.400809556,24746012.823298022,6959004.422488466,18035041.441410903,23675001.692396224,2104787.503535495,5.336583462263927,4.545988568939615,123.70146570243847,413.6685694030711,0.0
2.0,demand,1.0,45.0,0.0,1,optimal,True,21992197.03820931,1.8941956854424036,0.544639077268024,21992197.03820931,3892060.9785324307,16149805.122943953,28857355.5200518,12707550.397107847,16149805.122952245,24616739.723078616,3911282.275290718,5.682738305199781,3.9382127653047463,77.73972602739725,614.992822689073,0.0
4.0,demand,1.0,45.0,0.0,1,optimal,True,23710473.695088774,1.3436898502766719,0.6740551289565807,23710473.695088774,7976804.364578012,12113873.660136648,38188232.51931067,26074358.85917402,12113873.660136653,26290489.877935085,8000717.995847028,6.816440533327317,3.2708122571005154,83.73972602739725,662.5340183116922,0.0
8.0,demand,1.0,45.0,0.0,1,optimal,True,27457261.284932856,1.2679875261896276,0.8607411878493958,27457261.28493286,16477133.749928491,4133512.8673897744,57486019.839521825,53352506.97213205,4133512.8673897744,30029465.69887606,16483635.423276434,10.046885865820476,2.9312218921473483,76.73972602739725,476.57788151656706,0.0
16.0,demand,1.0,45.0,0.0,1,optimal,True,36222294.6474914,1.1117903572239456,0.8086846317560007,36222294.647491395,30917761.325363938,-212580.1305082032,95914614.90993859,96127195.04044679,-210057.34815828977,38502540.441352256,31267192.998139754,9.022576547670646,1.1804627027079568,508.29631137136835,1159.1989987471643,0.0
