vol_multiplier,shock_type,correlated,subsidy,deviation,run,termination_condition,feasible,objective,avg_h2_production,std_h2_production,avg_scenario_obj,std_scenario_obj,worst_scenario_obj,best_scenario_obj,obj_range,cvar_5pct,avg_revenue,std_revenue,avg_demand_met,min_demand_met,total_entry_booking,total_exit_booking,n_quality_deviations
1.0,demand,0.4,30.0,0.0,0,optimal,True,21473842.270333625,0.18711838209674322,0.5337441969075898,21473842.270333625,1783066.6541459071,18818785.027827688,24903912.97352028,6085127.945692591,18818785.02782769,23974428.32685159,1819861.4552748057,4.937673867137081,3.566534944564214,83.01810456203778,883.4194889963366,0.0
2.0,demand,0.4,30.0,0.0,0,optimal,True,21529285.399114363,0.104946671998433,0.3502454403501133,21529285.399114363,1892192.7691550406,18607263.003039535,25111578.44806316,6504315.445023626,18618819.01714556,24021615.846443534,1913180.6115882145,4.82127283845681,2.5989365477043176,77.73972602739725,1187.0295472381667,0.0
4.0,demand,0.4,30.0,0.0,0,optimal,True,21652480.926798083,0.25799855730841703,0.6421737282224192,21652480.926798083,2161509.9581486797,18185436.74608892,25284868.165573135,7099431.419484217,18185436.74608901,24162184.871478863,2210263.7236455893,4.9933714415822115,1.7488737152211922,79.43149330320855,1127.4988012061344,0.0
8.0,demand,0.4,30.0,0.0,0,optimal,True,22067245.389571458,0.18813146268993294,0.4368952133413763,22067250.936240926,2749793.3463745387,17344980.834126294,25747809.15281694,8402828.318690646,17344980.834128115,24570004.710402034,2780293.7313693697,6.0375513681360555,1.2848390283634188,79.9755350788231,881.2175544383414,0.0
16.0,demand,0.4,30.0,0.0,0,optimal,True,19347458.31319258,0.5652753831601621,0.8053186438339344,22917764.988620922,4165783.6732225176,15493094.461366022,28987988.70955888,13494894.24819286,15509842.398250816,25461737.29468368,4222449.5966671,8.599390494311308,1.101504932343751,90.43433670544648,794.3561862153307,0.0
