vol_multiplier,shock_type,correlated,subsidy,deviation,run,termination_condition,feasible,objective,avg_h2_production,std_h2_production,avg_scenario_obj,std_scenario_obj,worst_scenario_obj,best_scenario_obj,obj_range,cvar_5pct,avg_revenue,std_revenue,avg_demand_met,min_demand_met,total_entry_booking,total_exit_booking,n_quality_deviations
1.0,demand,0.6,30.0,0.0,2,optimal,True,21526149.163685344,1.5959455978986625e-16,5.635048354547151e-16,21526149.163685348,1574099.743449336,19671342.113174114,23768912.52710431,4097570.4139301963,19738884.109307222,23998227.891041093,1574454.5597430519,5.5820254764719,4.638119522634113,75.48488792449405,1010.9032595788548,0.0
2.0,demand,0.6,30.0,0.0,2,optimal,True,23433486.82348484,0.6106255165369316,0.8966387196855807,23433486.823484845,3241892.862695838,19122295.90694992,27997860.357977096,8875564.451027177,19142148.224228416,25973777.250934705,3319048.488124682,6.076578688909258,4.079377487809355,85.18179067736386,788.1424323838459,0.0
4.0,demand,0.6,30.0,0.0,2,optimal,True,27173576.392988853,1.1007826511353713,0.9904901448343184,27173576.392988853,6499668.927628621,18323814.807242986,36553296.95855596,18229482.151312973,18407304.44718502,29769225.294804122,6560445.95008542,7.455043493104013,3.3282136550755146,120.81012551798824,1101.6853245018092,0.0
8.0,demand,0.6,30.0,0.0,2,optimal,True,35422096.79343511,1.7210205644130678,0.7973176639378246,35422096.79343511,12567111.697170246,18828164.563385695,53643993.48155561,34815828.918169916,18982751.70125225,38088190.43053837,12581331.446451453,11.166953579735342,2.704508242015119,97.92923732363028,1006.0493627487202,0.0
16.0,demand,0.6,30.0,0.0,2,optimal,True,53415169.29497745,1.6852128276149627,0.9069729200587053,53415169.29497745,25460078.349016238,19726114.45878909,87829167.95596178,68103053.49717268,19726114.458789095,56069755.975939125,25466151.132186897,19.77537716606242,2.219653494250126,96.36938305188241,636.6139839835249,0.0
