vol_multiplier,shock_type,correlated,subsidy,deviation,run,termination_condition,feasible,objective,avg_h2_production,std_h2_production,avg_scenario_obj,std_scenario_obj,worst_scenario_obj,best_scenario_obj,obj_range,cvar_5pct,avg_revenue,std_revenue,avg_demand_met,min_demand_met,total_entry_booking,total_exit_booking,n_quality_deviations
1.0,demand,0.6,0.0,0.0,3,optimal,True,20074654.91048672,0.0,0.0,20074654.91048672,2038093.6675980154,16656700.455220062,22333754.303977173,5677053.848757111,16663357.842010448,22550172.85480735,2034948.5139179206,5.850733977060854,4.716581499010079,73.93116362206395,929.214535830151,0.0
2.0,demand,0.6,0.0,0.0,3,optimal,True,20607238.0526843,0.0,0.0,20607238.0526843,3996507.5356430444,13998010.338957284,25122173.219898377,11124162.880941093,14186259.751741009,23082804.26214515,3994315.6550669787,6.620299876116227,3.994613449285222,96.79239713967124,1237.1171458845292,0.0
4.0,demand,0.6,0.0,0.0,3,optimal,True,22132808.09212444,0.0,0.0,22132808.105266437,8067721.40060796,9984228.923504492,31761499.578225017,21777270.654720522,10227600.986558124,24597842.17760828,8075283.189512081,8.613081113401712,3.2928923962992895,115.57034070660904,1149.8974532746038,0.0
8.0,demand,0.6,0.0,0.0,3,optimal,True,26293508.789306678,0.06960034564550752,0.31384534139839276,26293508.789306674,14502045.746383572,4881544.705823423,45091002.30077352,40209457.594950095,4881544.705823423,28720095.099541273,14580246.338384746,13.156035453716502,2.657874196298145,287.50955536060076,828.0229395181548,0.0
16.0,demand,0.6,0.0,0.0,3,optimal,True,37207996.16191512,0.5807824826711157,0.914472905352527,37207996.16191512,26105975.529022142,-554662.2619283843,71951103.08292083,72505765.34484921,-478464.08822806453,39411409.62181355,26717316.592857547,20.520053011014166,1.1051082000992227,411.5937796186026,510.72404924450507,0.0
