vol_multiplier,shock_type,correlated,subsidy,deviation,run,termination_condition,feasible,objective,avg_h2_production,std_h2_production,avg_scenario_obj,std_scenario_obj,worst_scenario_obj,best_scenario_obj,obj_range,cvar_5pct,avg_revenue,std_revenue,avg_demand_met,min_demand_met,total_entry_booking,total_exit_booking,n_quality_deviations
1.0,demand,0.4,70.0,0.0,1,optimal,True,21801778.73906619,2.078665707329006,0.36717678982675334,21801778.73906619,763652.6706812487,20270002.57373813,23521882.113252956,3251879.5395148247,20756391.768592842,24292014.07548443,757591.9772998248,5.376968792806096,4.559162914817762,75.73972602739725,1125.8809540109746,0.0
2.0,demand,0.4,70.0,0.0,1,optimal,True,23433902.871100895,1.8062922866537756,0.662015158316386,23433902.871100895,1630694.7781555348,21836401.206158813,27103265.87712833,5266864.670969516,21956088.468240764,25916538.624736622,1632571.699455075,5.66962606257524,3.9505723795108967,100.27574835161776,875.3757429618173,0.0
4.0,demand,0.4,70.0,0.0,1,optimal,True,26927068.214419957,2.1601347224637735,0.2179523200781458,26927068.214419954,3018757.751148838,22544885.535561454,33531468.20238372,10986582.666822266,23509820.408829074,29413614.5597956,3012204.433912605,6.836571816594867,3.28217700996843,84.36907454384855,895.7801629522723,0.0
8.0,demand,0.4,70.0,0.0,1,optimal,True,33951630.323886804,1.7394439276623954,0.8983514271560038,34044644.702141955,5597410.610084106,25988626.771977287,46200689.5394494,20212062.767472114,26365600.615524363,36525363.09244902,5596902.792456283,9.853649242577617,2.949165877416179,103.35009498633583,918.6997570531032,0.0
16.0,demand,0.4,70.0,0.0,1,optimal,True,49306177.33358923,1.778499791644228,0.8692930495767307,49306177.33358923,11130623.65789822,35342463.76430231,74389653.3939273,39047189.62962499,36581196.9941195,51775515.736181796,11135727.920689525,16.417900186012083,3.044074015575006,123.07488545079711,902.780538881129,0.0
