vol_multiplier,shock_type,correlated,subsidy,deviation,run,termination_condition,feasible,objective,avg_h2_production,std_h2_production,avg_scenario_obj,std_scenario_obj,worst_scenario_obj,best_scenario_obj,obj_range,cvar_5pct,avg_revenue,std_revenue,avg_demand_met,min_demand_met,total_entry_booking,total_exit_booking,n_quality_deviations
1.0,demand,0.8,45.0,0.0,2,optimal,True,21277297.78310215,1.870165418654667,0.5734677372033393,21277297.783102155,1839401.4974174323,19280815.41372791,23922185.060666427,4641369.646938518,19280815.41372791,23888275.271838263,1839206.6400436414,5.629366055927553,4.677075699318841,76.73972602739777,591.3673818045445,0.0
2.0,demand,0.8,45.0,0.0,2,optimal,True,22620277.24874218,1.7673632411314746,0.6088304395106016,22620277.24874218,3690370.627172256,18517695.13636847,28121034.654072933,9603339.517704464,18517695.136368472,25222410.229240067,3698358.907424672,6.115582658019596,4.097425815831993,81.54576483172687,1199.3308336639689,0.0
4.0,demand,0.8,45.0,0.0,2,optimal,True,25626422.804587454,1.6192859042831682,0.7557665496546722,25626422.804587454,7548722.840706105,17210874.800041545,36654161.39910344,19443286.599061895,17280663.85692649,28215721.78523197,7557609.451905273,7.47569478769674,3.347240684572921,121.98676728440466,1232.4738476162574,0.0
8.0,demand,0.8,45.0,0.0,2,optimal,True,32258291.420792956,1.5678570157762644,0.892642615727197,32258291.420792952,14918597.97162606,16627026.294798046,53699103.00813673,37072076.71333868,16627026.29479806,34839565.89917494,14924919.371469675,11.178769945373851,2.7031316962421057,102.44670536124673,840.4656705799197,0.0
16.0,demand,0.8,45.0,0.0,2,optimal,True,46397320.183534816,1.552492822094826,0.9672338289010319,46397320.183534816,29325385.011476085,6699529.03090388,87788200.41078715,81088671.37988327,13099267.155373521,48974568.185469605,29332115.240047954,19.78479211263511,2.3444282663427676,112.50301911592774,997.3390825013203,0.0
