vol_multiplier,shock_type,correlated,subsidy,deviation,run,termination_condition,feasible,objective,avg_h2_production,std_h2_production,avg_scenario_obj,std_scenario_obj,worst_scenario_obj,best_scenario_obj,obj_range,cvar_5pct,avg_revenue,std_revenue,avg_demand_met,min_demand_met,total_entry_booking,total_exit_booking,n_quality_deviations
1.0,demand,0.4,45.0,0.0,2,optimal,True,21688082.768743142,1.712509442816608,0.6396658375040045,21688082.768743142,1341498.087562362,19886963.032564532,24080637.283553585,4193674.2509890534,19912845.082298175,24286908.732516862,1345770.9037136713,5.619807539159444,4.654122061395503,76.73972602739725,1309.1643332843387,0.0
2.0,demand,0.4,45.0,0.0,2,optimal,True,23684653.976601973,1.7058462853277692,0.7884912957008576,23684653.976601973,2722053.223596671,18496983.6827938,28255267.36509469,9758283.682300892,19020493.04915631,26281432.214106165,2730654.9260967183,6.1049898139369745,4.097788545849812,88.63698027698099,1292.0126221842652,0.0
4.0,demand,0.4,45.0,0.0,2,optimal,True,28373682.69615262,1.740010003793551,0.7597759311573603,28373682.69615262,5780652.432657246,18902434.92636833,36943157.88805127,18040722.96168294,19167381.25828312,30970562.290425226,5793614.936515601,7.4740902985493705,3.347240684572921,89.14164904601373,744.3328158309869,0.0
8.0,demand,0.4,45.0,0.0,2,optimal,True,37392779.414508924,1.758117704696415,0.7504274607072373,37392779.414508924,10720487.432616523,20265520.87673298,52171565.61920595,31906044.742472973,20265520.87673298,39988672.20938988,10724732.386915587,11.158871517616268,2.7229760653435666,96.45081037836285,624.6667800538526,0.0
16.0,demand,0.4,45.0,0.0,2,optimal,True,56090980.34476158,1.986134516512685,0.431964522812782,56124162.21266125,23053214.363787677,18224999.297446854,91668472.41496302,73443473.11751616,20536516.651088256,58732287.458358,23055398.353240043,19.77163842779975,2.115101275822099,99.09213499234188,889.0411564549015,0.0
