vol_multiplier,shock_type,correlated,subsidy,deviation,run,termination_condition,feasible,objective,avg_h2_production,std_h2_production,avg_scenario_obj,std_scenario_obj,worst_scenario_obj,best_scenario_obj,obj_range,cvar_5pct,avg_revenue,std_revenue,avg_demand_met,min_demand_met,total_entry_booking,total_exit_booking,n_quality_deviations
1.0,demand,1.0,30.0,0.0,2,optimal,True,20514951.856725942,0.013525900021931572,0.05238558552740751,20514951.856725942,2203788.9206771483,17562884.829682685,23587340.618821777,6024455.789139092,17562884.829684492,22993303.968042597,2204531.3874599086,5.563215524229767,4.517309222288133,123.05063664577153,258.7963884187151,0.0
2.0,demand,1.0,30.0,0.0,2,optimal,True,20615134.12554943,0.0,0.0,20615134.12554943,2398011.108876712,17341397.48489714,23902157.78826314,6560760.303365998,17341397.484897148,23093389.763926882,2398442.209541182,6.067135799248596,4.040714648894655,77.8383230807815,114.15635969190903,0.0
4.0,demand,1.0,30.0,0.0,2,optimal,True,20546823.648541924,0.176712744011783,0.30607545097332095,20546823.648541927,2823068.599148877,16894895.4380479,24529479.94267514,7634584.504627239,16894895.4380479,23042695.998955652,2852703.480140911,7.442931825407333,3.266540452391908,88.74628771463644,168.52578114057886,0.0
8.0,demand,1.0,30.0,0.0,2,optimal,True,20775147.86962274,0.17671274401180045,0.30607545097335126,20775147.869622737,3589134.142637112,16003727.340670463,25787364.71924666,9783637.378576197,16003727.34067046,23275501.673177626,3617333.2358456873,11.192237663017204,2.702747953184968,82.73972602739792,258.0145349603723,0.0
16.0,demand,1.0,30.0,0.0,2,optimal,True,21017307.08409862,0.477674755606729,0.6840374745020242,21017307.084098615,5173132.328400332,14221674.016891366,28304455.80557426,14082781.788682895,14221674.016891366,23554784.697266854,5242078.518592081,19.902114368861497,2.3812398304957076,81.73972602739725,386.87905284095484,0.0
