vol_multiplier,shock_type,correlated,subsidy,deviation,run,termination_condition,feasible,objective,avg_h2_production,std_h2_production,avg_scenario_obj,std_scenario_obj,worst_scenario_obj,best_scenario_obj,obj_range,cvar_5pct,avg_revenue,std_revenue,avg_demand_met,min_demand_met,total_entry_booking,total_exit_booking,n_quality_deviations
1.0,demand,0.4,70.0,0.0,2,optimal,True,21939082.88431354,2.0472181012941104,0.3808033727976345,21939082.88431354,1350881.5594446233,20093283.822461024,24249117.803605195,4155833.981144171,20093283.822461024,24420365.284620382,1347851.651144832,5.6336318208097715,4.663635277451093,77.73972602739725,938.1911395833329,0.0
2.0,demand,0.4,70.0,0.0,2,optimal,True,23978795.45590407,1.9196050584679134,0.5353549355416293,23978795.455904067,2976623.0745032486,18819202.5013589,28424994.604229275,9605792.102870375,18819202.5013589,26453806.662648667,2976845.3084796984,6.086910385678064,4.097784364954157,109.81563523107434,941.2584883821168,0.0
4.0,demand,0.4,70.0,0.0,2,optimal,True,28453521.84434238,2.0546453598244945,0.4298973016018632,28453521.84434238,5878505.150472346,18970572.861344863,37109810.62551494,18139237.764170077,18970572.86134487,30929768.48817918,5876570.178455007,7.4741374413848725,3.3472406845729203,95.58442732181051,643.5129253225346,0.0
8.0,demand,0.4,70.0,0.0,2,optimal,True,37567061.49445283,2.001665027669415,0.3790080419559369,37567061.49445283,10778965.56796114,20350330.382757686,52938568.489959955,32588238.10720227,20377518.968888063,40041121.90840895,10776268.248399815,11.163764665380123,2.7229760653435644,95.47059530361395,618.3209683464256,0.0
16.0,demand,0.4,70.0,0.0,2,optimal,True,56375157.34924564,2.07738073749413,0.31093677161014416,56375157.34924564,22867480.456517685,21760131.31984657,91835177.86983027,70075046.5499837,21760131.319846604,58849497.27579112,22866229.60178659,19.806789027816443,2.305627715583861,98.9144334685465,810.2524986544236,0.0
