vol_multiplier,shock_type,correlated,subsidy,deviation,run,termination_condition,feasible,objective,avg_h2_production,std_h2_production,avg_scenario_obj,std_scenario_obj,worst_scenario_obj,best_scenario_obj,obj_range,cvar_5pct,avg_revenue,std_revenue,avg_demand_met,min_demand_met,total_entry_booking,total_exit_booking,n_quality_deviations
1.0,demand,0.6,70.0,0.0,3,optimal,True,20318018.664217703,2.015992101532276,0.5307874447667892,20318018.6642177,1997047.057832711,16801668.447898008,22593789.48597862,5792121.03808061,16810462.20532931,22803144.658112075,1994917.3802820258,5.9037254094375164,4.7682636462872034,75.73972602820417,950.8761349109869,0.0
2.0,demand,0.6,70.0,0.0,3,optimal,True,20305934.462931413,1.9358146326350654,0.5754783184525919,20305934.462931413,2137304.6979455473,16752891.510911819,23115886.554514583,6362995.043602765,16752891.510911895,22785085.30150082,2132516.8841961212,6.674398684062864,4.34358874215093,97.16370664371476,781.0807862375476,0.0
4.0,demand,0.6,70.0,0.0,3,optimal,True,20372936.479771584,2.0274346437325375,0.4927795355575368,20372936.479771584,2666654.860130265,15644006.476092221,24161949.798314188,8517943.322221966,15727781.037565982,22858971.73499424,2662835.9785254183,8.725003509911243,3.942683008413825,76.73972602739771,1382.5400133496616,0.0
8.0,demand,0.6,70.0,0.0,3,optimal,True,20868542.680143476,2.165721248318411,0.3150703892318737,20868542.68014347,3199126.7232202967,16338763.976602606,26254312.226109557,9915548.24950695,16340476.071006974,23353435.556666162,3193455.141329308,13.718349185379015,3.8847869999209883,75.73972602739725,949.5997372811493,0.0
16.0,demand,0.6,70.0,0.0,3,optimal,True,21680068.140166234,2.184876682148814,0.3292353648814568,21680068.140166234,4743117.56242236,14790324.53450283,30449146.19443152,15658821.65992869,15190844.365362158,24165966.948240682,4739508.1265937835,24.559723279674227,4.0483343375501795,79.16239340994359,1294.692835987715,0.0
