vol_multiplier,shock_type,correlated,subsidy,deviation,run,termination_condition,feasible,objective,avg_h2_production,std_h2_production,avg_scenario_obj,std_scenario_obj,worst_scenario_obj,best_scenario_obj,obj_range,cvar_5pct,avg_revenue,std_revenue,avg_demand_met,min_demand_met,total_entry_booking,total_exit_booking,n_quality_deviations
1.0,demand,1.0,30.0,0.0,0,optimal,True,20296520.337748345,0.17671274401189915,0.30607545097352223,20296520.33774835,3446896.5163782462,15539949.468331115,25439469.127284873,9899519.658953758,15539949.468331115,22778427.49740968,3502135.620577527,4.844927439733892,3.5667084262999977,124.80213977347734,197.4860773206783,0.0
2.0,demand,1.0,30.0,0.0,0,optimal,True,20396771.541357346,0.19931412023319828,0.29878091424572323,20396771.541357346,3583950.812811039,15947998.235606391,25964619.06882103,10016620.83321464,15947998.235606426,22885747.117102798,3625716.9152206336,4.752379423408383,2.5990675376120285,119.47117550103381,186.50163372563722,0.0
4.0,demand,1.0,30.0,0.0,0,optimal,True,20730747.03052146,0.20051290927329804,0.3931960738213902,20730747.03052146,4016623.682159309,15313805.800341163,27015473.556667984,11701667.75632682,15313805.800341165,23234204.627732843,4052130.486656499,4.9965334443928615,1.7489694486452791,76.73972602739725,231.48660346764632,0.0
8.0,demand,1.0,30.0,0.0,0,optimal,True,20865126.044216875,0.4190100011900052,0.7400632490128253,20865126.04421688,5251035.2466366,14017746.211986434,29115785.657240305,15098039.445253871,14017746.211986436,23394149.66494976,5327633.951919932,6.037264346846248,1.2847945833288335,105.89790242520671,454.9384928033887,0.0
16.0,demand,1.0,30.0,0.0,0,optimal,True,17738351.437147256,0.5074053514367369,0.87885184872077,21308658.112573244,7571672.298361273,11513613.853411764,33334873.007545583,21821259.15413382,11513613.853413993,23849322.4121818,7664772.740757339,8.629651167152268,1.1074168006097163,80.50713598997604,284.5706489644681,0.0
