vol_multiplier,shock_type,correlated,subsidy,deviation,run,termination_condition,feasible,objective,avg_h2_production,std_h2_production,avg_scenario_obj,std_scenario_obj,worst_scenario_obj,best_scenario_obj,obj_range,cvar_5pct,avg_revenue,std_revenue,avg_demand_met,min_demand_met,total_entry_booking,total_exit_booking,n_quality_deviations
1.0,demand,0.4,30.0,0.0,0,optimal,True,21449892.559179757,0.1832635519789675,0.5369207180072354,21449892.559179757,1780415.3823036111,18818920.895788252,24834094.474507265,6015173.578719012,18818920.89578831,23950076.60226254,1817016.7744828416,4.93573013233812,3.566534944564195,91.4057085063614,921.951440525805,0.0
2.0,demand,0.4,30.0,0.0,0,optimal,True,23111682.92588988,0.7413826905664844,1.0058455138487623,23111682.94853963,3561027.470091962,17747160.297909953,29830829.802980952,12083669.505071,17747160.297922,25671159.180406258,3641825.2408433123,4.809208288863482,2.598936547702576,96.77402312634631,1056.6998909581064,0.0
4.0,demand,0.4,30.0,0.0,0,optimal,True,26441523.975922808,0.8840703929074656,1.0737078636101116,26441523.9759228,6707730.612762394,15643311.461989589,38827215.63330264,23183904.171313047,15643311.461989664,29019963.21384098,6799537.15433193,5.002815320181633,1.7489173648063385,84.13642834597665,759.9162477914406,0.0
8.0,demand,0.4,30.0,0.0,0,optimal,True,33019447.942640733,1.314238029902404,1.008932909933683,33019447.942640737,12401066.121958518,12063200.811491715,53025044.93340074,40961844.12190903,12063200.811491719,35642128.19805362,12455365.51952019,6.043612310739043,1.2848390283636208,84.53569790039317,735.6057305129162,0.0
16.0,demand,0.4,30.0,0.0,0,optimal,True,44366339.46773458,1.4833151035445322,0.9188275236900914,47936646.143161476,23209061.79534291,6684041.403041896,77956953.86384043,71272912.46079853,6684041.403041902,50536602.34903312,23279072.17134568,8.529363633524152,1.1015049323437567,146.3736078772673,506.1936275509622,0.0
