vol_multiplier,shock_type,correlated,subsidy,deviation,run,termination_condition,feasible,objective,avg_h2_production,std_h2_production,avg_scenario_obj,std_scenario_obj,worst_scenario_obj,best_scenario_obj,obj_range,cvar_5pct,avg_revenue,std_revenue,avg_demand_met,min_demand_met,total_entry_booking,total_exit_booking,n_quality_deviations
1.0,demand,0.4,45.0,0.0,1,optimal,True,21608712.54195773,1.930276642871772,0.4731715502978962,21608712.541957725,757963.9323825575,19984186.23208775,23355752.405371297,3371566.173283547,20453383.043446187,24230687.342252836,763869.0839426591,5.371222284641265,4.543928743127786,83.15078380938755,1331.7984929579216,0.0
2.0,demand,0.4,45.0,0.0,1,optimal,True,21567033.61570649,1.8968167585897007,0.5594593754469165,21567033.61570649,890958.7216719852,19871284.443671025,23334936.534125675,3463652.090454649,20170576.76860781,24180220.355792955,911635.5553557061,5.6698762155047335,3.9504985568521493,75.73972602739725,1392.5190940160805,0.0
4.0,demand,0.4,45.0,0.0,1,optimal,True,21840962.36435938,2.0215489266343667,0.39804843369613807,21840962.36435938,844830.9705847655,20741197.398855366,23350942.87360483,2609745.4747494645,20803389.733243704,24471562.724775784,842693.8827717878,6.843527902565901,3.2821770099676977,77.73972602739725,948.0557163855674,0.0
8.0,demand,0.4,45.0,0.0,1,optimal,True,22048242.2799095,1.701435054716889,0.6062203010076592,22048242.2799095,1086629.1872603418,20476942.346060403,23873139.56963022,3396197.223569818,20476942.346060403,24651014.009907648,1113425.8562859057,10.05603858298584,2.947482108468888,83.85159023647262,969.7542855554215,0.0
16.0,demand,0.4,45.0,0.0,1,optimal,True,22975205.99840115,1.606318910997255,0.748279830652717,22975205.99840115,1674675.6219297461,20827084.92920688,25832481.116475742,5005396.187268861,20827084.929207236,25566322.992226847,1691168.081773472,17.16526464675934,3.024346044971087,119.26816873974788,929.262000390602,0.0
