vol_multiplier,shock_type,correlated,subsidy,deviation,run,termination_condition,feasible,objective,avg_h2_production,std_h2_production,avg_scenario_obj,std_scenario_obj,worst_scenario_obj,best_scenario_obj,obj_range,cvar_5pct,avg_revenue,std_revenue,avg_demand_met,min_demand_met,total_entry_booking,total_exit_booking,n_quality_deviations
1.0,demand,1.0,70.0,0.0,3,optimal,True,19877937.440418046,1.6372311779886268,0.5480070556882423,19877937.440418046,3039552.289979799,14760255.056636829,24094996.87357888,9334741.816942051,14760255.056636902,22360077.885486044,3038719.295029929,5.851018592580222,4.747815103802533,146.99080437841312,748.6457094812566,0.0
2.0,demand,1.0,70.0,0.0,3,optimal,True,19709378.43802332,2.032751664429491,0.3985192668489305,19709378.43802332,5994687.9997386765,9549624.660825273,27368936.4718389,17819311.811013624,9553774.301396685,22200803.518780358,5994793.70073894,6.693708860415409,4.331866936834338,75.73972602739725,525.9908414262934,0.0
4.0,demand,1.0,70.0,0.0,3,optimal,True,19187780.83057367,2.0656796401769784,0.3247072647743052,19187780.83057367,11651551.575799441,134903.04032445315,34806717.64540251,34671814.605078064,134903.0403246172,21494899.552177466,11970856.543600319,8.415573721888105,2.716176137960727,285.63629669041416,753.4925755157866,0.0
8.0,demand,1.0,70.0,0.0,3,optimal,True,22014010.67702571,1.314453842603885,0.8434196366562934,22014010.67702571,18193109.372264855,-674561.2563445343,50520987.39387131,51195548.65021584,-674561.2563442126,23980003.393870182,18846201.121247202,9.20258832770677,1.0869395570830371,477.5182913898265,1247.9733297119371,0.0
16.0,demand,1.0,70.0,0.0,3,optimal,True,31013597.799700107,0.9253871898812795,0.6386547606145226,31013597.799700104,29176138.05689343,-688177.9606420005,81333330.61601362,82021508.57665561,-648052.760164718,32722446.00594186,30015604.73529352,14.352670369478908,1.0958510710891687,454.8793671888379,720.5884873850396,0.0
