vol_multiplier,shock_type,correlated,subsidy,deviation,run,termination_condition,feasible,objective,avg_h2_production,std_h2_production,avg_scenario_obj,std_scenario_obj,worst_scenario_obj,best_scenario_obj,obj_range,cvar_5pct,avg_revenue,std_revenue,avg_demand_met,min_demand_met,total_entry_booking,total_exit_booking,n_quality_deviations
1.0,demand,0.4,0.0,0.0,3,optimal,True,20220701.896113317,0.0,0.0,20220701.896113317,1479974.8351831387,17816029.978017084,22007616.370963637,4191586.3929465525,17816029.978017118,22695343.064580146,1478544.1503035536,5.841423869717939,4.586978745758789,111.00651742554997,1267.9954941180556,0.0
2.0,demand,0.4,0.0,0.0,3,optimal,True,20364518.805062234,0.0,0.0,20364518.805062234,1574135.294308111,17729171.43830411,22199466.830158364,4470295.391854253,17927481.155242566,22840510.53073095,1570092.2997930956,6.632786424057296,4.297439525860516,74.56291963225473,1088.431293752741,0.0
4.0,demand,0.4,0.0,0.0,3,optimal,True,20497330.10346362,0.0,0.0,20497330.10346362,1793745.3146448908,17495312.89781697,23172816.718142968,5677503.820325997,17676258.32174458,22973075.660188757,1791593.9479509194,8.600208585002704,3.8686151388840564,101.78648606871118,984.9130630064805,0.0
8.0,demand,0.4,0.0,0.0,3,optimal,True,20979841.439584095,0.0,0.0,20979841.4395841,2261573.265982844,18147521.041646145,25120141.918144528,6972620.876498383,18164216.716847837,23455395.224852495,2261108.2379675535,13.512001882652784,3.8599882372663674,94.14711423895928,1079.0955896355313,0.0
16.0,demand,0.4,0.0,0.0,3,optimal,True,21843937.377562307,0.0,0.0,21843937.377562307,3392949.440486953,18079991.55523336,29018211.087065607,10938219.531832248,18141118.788392346,24317605.211217605,3387885.2369203935,24.314526915319814,4.0119804195770845,74.73972602739725,927.6985255730034,0.0
