vol_multiplier,shock_type,correlated,subsidy,deviation,run,termination_condition,feasible,objective,avg_h2_production,std_h2_production,avg_scenario_obj,std_scenario_obj,worst_scenario_obj,best_scenario_obj,obj_range,cvar_5pct,avg_revenue,std_revenue,avg_demand_met,min_demand_met,total_entry_booking,total_exit_booking,n_quality_deviations
1.0,demand,1.0,70.0,0.0,0,optimal,True,20501085.307523858,1.4591624465744832,0.5437939163775894,20501085.307523858,3401178.8439645553,15558701.624907209,25656178.84538804,10097477.220480831,15558701.62493202,22975604.337045245,3422087.0215316243,4.901286955590429,3.5894250980668376,149.08678825486749,722.4816154847074,0.0
2.0,demand,1.0,70.0,0.0,0,optimal,True,20984817.00856595,1.924484007313541,0.3632827375092909,20984817.00856595,6173252.119426188,12523664.014601888,30684500.12701047,18160836.11240858,12557512.86669661,23476071.61831584,6172530.521705536,4.8505349328677605,2.615616609001523,111.18766024349556,856.2209751777932,0.0
4.0,demand,1.0,70.0,0.0,0,optimal,True,21739006.730506305,1.8464341598811667,0.3932650041203222,21739006.73050631,12423051.847558985,5056700.355464564,41786720.74574544,36730020.39028088,5056700.355464976,24229745.493626166,12417946.484115273,5.031483466493923,1.7601107175197563,81.73972602739771,765.5136448940231,0.0
8.0,demand,1.0,70.0,0.0,0,optimal,True,24319916.07478626,1.8842156147222067,0.49542769202615533,24319916.07478626,23671268.961257104,-2018967.6941207866,64451433.8448267,66470401.538947485,-2018967.694120786,26607531.22041162,23879118.59013538,5.868749885862762,1.0983863716331934,268.9195833671923,938.6994410283427,0.0
16.0,demand,1.0,70.0,0.0,0,optimal,True,30142289.141360994,1.5372120414013857,0.8413143189933614,33712595.8167875,42953574.02699995,-2374512.1901501766,109755005.6745201,112129517.86467028,-2374512.1901501766,35942671.74858732,43157055.96697532,8.259129048211623,1.0773605127691914,379.8547620094994,533.6072099132424,0.0
