vol_multiplier,shock_type,correlated,subsidy,deviation,run,termination_condition,feasible,objective,avg_h2_production,std_h2_production,avg_scenario_obj,std_scenario_obj,worst_scenario_obj,best_scenario_obj,obj_range,cvar_5pct,avg_revenue,std_revenue,avg_demand_met,min_demand_met,total_entry_booking,total_exit_booking,n_quality_deviations
1.0,demand,0.0,30.0,0.0,0,optimal,True,20647733.07325385,0.005884756854142904,0.03319796176751722,20647733.073253855,1294063.4986096027,16643418.741253713,23449219.888070237,6805801.146816524,17852358.302485924,23111035.981972314,1337855.5633940133,4.894633021344751,3.54274088636631,85.29036558826384,1764.7239301017917,0.0
2.0,demand,0.0,30.0,0.0,0,optimal,True,20787870.09396572,0.008475516082912343,0.0382182188019182,20787870.093965717,1200283.322411019,18864009.954389475,23873985.393874507,5009975.439485032,19146555.86607093,23267878.513310358,1205236.3613737796,4.79332373664829,2.5987922490172743,114.72999677961093,1926.8381177336648,0.0
4.0,demand,0.0,30.0,0.0,0,optimal,True,20771535.686685298,0.04694110452656274,0.29880312485891486,20771535.686685298,1271757.6010029058,17722014.909679852,24527002.353452336,6804987.443772484,18553092.73857493,23251270.077905204,1301523.0288445954,4.964308408505348,1.7488027418551155,111.56295714103875,2428.7173602809153,0.0
8.0,demand,0.0,30.0,0.0,0,optimal,True,21163602.540649567,0.2905360989805075,0.6853377109095712,21163602.540649567,1536820.7441603378,18717085.946383946,25811437.509620484,7094351.563236538,19101275.155068174,23683605.681928545,1560766.236249987,6.036756665618728,1.2848390283636102,82.5830661539252,2679.8245602004204,0.0
16.0,demand,0.0,30.0,0.0,0,optimal,True,18264360.085602663,0.4901444845705997,0.9078932509494805,21834666.761031788,2341842.623791641,18253240.441669136,28464130.97812272,10210890.536453582,18540489.31812524,24377065.772377133,2405094.96698634,8.608280180208997,1.0835376053645844,101.85489361713041,2848.944419524012,0.0
