vol_multiplier,shock_type,correlated,subsidy,deviation,run,termination_condition,feasible,objective,avg_h2_production,std_h2_production,avg_scenario_obj,std_scenario_obj,worst_scenario_obj,best_scenario_obj,obj_range,cvar_5pct,avg_revenue,std_revenue,avg_demand_met,min_demand_met,total_entry_booking,total_exit_booking,n_quality_deviations
1.0,demand,1.0,70.0,0.0,1,optimal,True,21178546.245304607,1.4292901691791844,0.5286553322809939,21178546.245304607,2112584.508794293,18287560.88679863,24887439.88512685,6599878.99832822,18287560.88679998,23658496.22410091,2118645.857926246,5.330398864573311,4.545988568939615,101.41806588903997,269.3646923877423,0.0
2.0,demand,1.0,70.0,0.0,1,optimal,True,22094475.95698134,1.7197441953800943,0.3404157017039433,22094475.95698134,3898220.4280778137,16168709.201901523,28994847.084862158,12826137.882960634,16197306.0362006,24585278.942253433,3897677.7250273945,5.6810269039012224,3.933757567248895,76.73972602739725,975.1452243652541,0.0
4.0,demand,1.0,70.0,0.0,1,optimal,True,23824232.52650368,1.7272172439335267,0.4515815013037907,23824232.526503682,7983782.311478556,12191903.783481872,38282501.07613243,26090597.292650558,12199666.281196835,26313384.794404283,7977247.685518877,6.836505978512566,3.264565388038295,79.73972602739725,1029.1455891598503,0.0
8.0,demand,1.0,70.0,0.0,1,optimal,True,27369424.751557466,1.916802568476496,0.5097711257220233,27369424.751557466,16151563.120754667,4137671.910158988,57538881.67769766,53401209.76753867,4173244.542110129,29858711.75589481,16142116.907241696,10.10295978327581,2.9311097523049745,76.73972602739725,1139.6539540795955,0.0
16.0,demand,1.0,70.0,0.0,1,optimal,True,36325777.52194767,1.3869164495834172,0.7500812610327346,36325777.52194767,30885973.430547796,-198194.8954461651,95732088.7187419,95930283.61418806,-198194.8954461651,38529813.00830658,31223495.5282373,9.011179516742398,1.3312415236764528,505.8695126468216,1024.5193907167077,0.0
