vol_multiplier,shock_type,correlated,subsidy,deviation,run,termination_condition,feasible,objective,avg_h2_production,std_h2_production,avg_scenario_obj,std_scenario_obj,worst_scenario_obj,best_scenario_obj,obj_range,cvar_5pct,avg_revenue,std_revenue,avg_demand_met,min_demand_met,total_entry_booking,total_exit_booking,n_quality_deviations
1.0,demand,0.2,45.0,0.0,2,optimal,True,21786462.663998116,1.7289787902752674,0.6492942232473562,21786462.663998112,1231432.0658228856,19687978.85271923,24319015.801944263,4631036.949225035,19818803.133941695,24387598.08504352,1231309.37018187,5.625940027484152,4.659425340655704,75.73972602739725,1337.019370813237,0.0
2.0,demand,0.2,45.0,0.0,2,optimal,True,23852035.153909806,1.654015157104849,0.8168660826187272,23852035.15390981,2388510.5788038946,18246126.339190576,28719005.733715665,10472879.394525088,18996785.32163286,26442272.03383813,2387126.4537774725,6.090548914762747,4.097788545849805,145.70795078660757,1219.557427076018,0.0
4.0,demand,0.2,45.0,0.0,2,optimal,True,28714903.32741741,1.751698084252055,0.7654998710029985,28714903.32741741,5170428.222055963,19179016.402361758,37862021.25646298,18683004.85410122,19465124.559374377,31311888.3698067,5178275.828630952,7.465741467899367,3.3472406845729203,100.01135699531902,762.0534152076814,0.0
8.0,demand,0.2,45.0,0.0,2,optimal,True,37700821.833170205,1.5878891732869516,0.8251765541474994,37700821.833170205,9431222.804327298,20967416.8779132,54905917.07407992,33938500.196166724,20967416.8779132,40286669.57670617,9424920.949276887,11.154024844008157,2.722976065343567,102.57859047608265,966.6616691977472,0.0
16.0,demand,0.2,45.0,0.0,2,optimal,True,57853662.001927525,2.051078712931185,0.40884924450189875,57853662.001927525,20176740.148018897,23095794.691714272,95948318.35749778,72852523.66578351,23095794.691714425,60471091.27844395,20173301.309760652,19.819679257839887,2.334249180799423,100.5321482862284,802.1979399337955,0.0
