vol_multiplier,shock_type,correlated,subsidy,deviation,run,termination_condition,feasible,objective,avg_h2_production,std_h2_production,avg_scenario_obj,std_scenario_obj,worst_scenario_obj,best_scenario_obj,obj_range,cvar_5pct,avg_revenue,std_revenue,avg_demand_met,min_demand_met,total_entry_booking,total_exit_booking,n_quality_deviations
1.0,demand,1.0,30.0,0.0,3,optimal,True,19772421.36648103,0.02650935950860296,0.07013717267536886,19772421.36648103,3045099.924929739,14667713.40236617,23895091.25713611,9227377.85476994,14667713.402366176,22249733.723255582,3045300.275059201,5.811682295665916,4.717767257482266,101.81190814669863,245.08759642316792,0.0
2.0,demand,1.0,30.0,0.0,3,optimal,True,19531153.084488403,0.21789636732258605,0.4885824488241135,19531153.0844884,5943886.142629206,9451718.917968364,27150274.93385329,17698556.01588493,9467208.799655754,22038695.10152817,5974309.419049269,6.641617006306713,4.304387862069413,94.73972602739725,474.4448955452646,0.0
4.0,demand,1.0,30.0,0.0,3,optimal,True,19059113.21220719,0.6383978967955213,0.8815966659901805,19059113.212207194,11606524.62043349,134704.59472082715,34704636.01258168,34569931.41786086,134704.59472093862,21413758.79976365,12014043.669142388,8.33396130742,2.451452011548573,305.8521162926639,601.9870789251868,0.0
8.0,demand,1.0,30.0,0.0,3,optimal,True,21947534.016268767,0.7639087979406378,0.8249042319735851,21947534.016268767,18161681.76562092,-573637.3246508505,50418881.799338475,50992519.12398933,-539989.7680084541,23990078.484211095,18897495.777349222,9.174972596493664,1.1233552553883919,459.4778697442035,998.8317852421993,0.0
16.0,demand,1.0,30.0,0.0,3,optimal,True,31071351.87538647,0.47893498223788733,0.49022832929063914,31299146.18788205,29731652.952967003,-611994.1824698556,81850211.63191919,82462205.81438905,-598306.6157849986,33055078.27338874,30610970.53230796,14.34448924628658,1.1051082000992227,415.7163921088813,584.7524765234848,0.0
