vol_multiplier,shock_type,correlated,subsidy,deviation,run,termination_condition,feasible,objective,avg_h2_production,std_h2_production,avg_scenario_obj,std_scenario_obj,worst_scenario_obj,best_scenario_obj,obj_range,cvar_5pct,avg_revenue,std_revenue,avg_demand_met,min_demand_met,total_entry_booking,total_exit_booking,n_quality_deviations
1.0,demand,0.2,70.0,0.0,2,optimal,True,21752868.255724452,2.0164789235809906,0.5940407121043108,21752868.255724456,1473433.4938126775,18028697.494934294,24482981.31273453,6454283.817800235,18344470.5961147,24229846.823655166,1484580.8560511705,5.604582554498255,4.146564054356869,153.44276899495796,1580.3819001632432,0.0
2.0,demand,0.2,70.0,0.0,2,optimal,True,21875782.215603262,2.1384020891176663,0.28501384083477377,21875782.215603262,1177429.0678850403,19878214.7267868,24214212.090111826,4335997.363325026,20087611.92222229,24357865.795761105,1172195.696279355,6.129870602292793,4.1029235571395875,75.73972602739725,1214.3568998649323,0.0
4.0,demand,0.2,70.0,0.0,2,optimal,True,21702866.46890647,2.072066987195095,0.3931620762127688,21702866.46890647,1269292.2034187464,20177712.84815728,24273456.240968898,4095743.3928116187,20186419.422894076,24183286.43852936,1266139.4964655265,7.527440495748223,3.347240684572921,77.73972602739725,1487.090627902497,0.0
8.0,demand,0.2,70.0,0.0,2,optimal,True,21718862.87427038,2.122926733937409,0.3862058552883418,21718862.87427038,1458871.4729589098,19576688.68191638,24122085.754183657,4545397.072267279,19583139.80126415,24203563.003044292,1461743.2845176281,11.280397947716274,2.722823693988004,75.73972602739792,1148.9631918057753,0.0
16.0,demand,0.2,70.0,0.0,2,optimal,True,22251604.400166832,2.1972535161618367,0.32540418002150184,22251604.400166832,1845698.2840340754,18547853.84603118,25396028.42639627,6848174.580365088,19325555.335391954,24737562.19359052,1847953.4343135294,20.004709184069462,2.4060488044810517,75.739726027398,1136.2133862032515,0.0
