vol_multiplier,shock_type,correlated,subsidy,deviation,run,termination_condition,feasible,objective,avg_h2_production,std_h2_production,avg_scenario_obj,std_scenario_obj,worst_scenario_obj,best_scenario_obj,obj_range,cvar_5pct,avg_revenue,std_revenue,avg_demand_met,min_demand_met,total_entry_booking,total_exit_booking,n_quality_deviations
1.0,demand,1.0,0.0,0.0,3,optimal,True,19568182.138502855,0.0,0.0,19568182.13850285,2964715.9822370126,14666699.872675158,23894077.7274462,9227377.85477104,14666699.872675208,22030832.555622377,2963605.109807631,5.758156407706099,4.717767257482241,150.6493533748481,292.00131504517816,0.0
2.0,demand,1.0,0.0,0.0,3,optimal,True,19939051.84256831,0.0,0.0,19939051.84256831,3362045.529183639,14275051.004368799,24243954.575033315,9968903.570664516,14275051.004368862,22417839.449395217,3362564.637878564,6.633943780436784,4.30445153224253,74.7397260273977,98.82746597752421,0.0
4.0,demand,1.0,0.0,0.0,3,optimal,True,19843107.29421592,0.0,0.0,19843107.294215918,3820971.0043147844,13484721.633875005,24936676.63632812,11451955.002453115,13484721.633875005,22321909.115797326,3821134.6759936176,8.631772311417816,3.9010388432668477,97.81926609654268,251.80156048689528,0.0
8.0,demand,1.0,0.0,0.0,3,optimal,True,19623163.634317692,0.0,0.0,19623163.634317696,4758822.133259212,11903460.090233194,26321470.826297916,14418010.736064723,11903460.090233212,22098476.112051688,4760469.172532206,13.539298746032632,3.859584199898571,147.332238038603,836.4191336016864,0.0
16.0,demand,1.0,0.0,0.0,3,optimal,True,19828030.01018203,0.0,0.0,19828030.010182027,6855253.427295345,8752250.74891971,29102467.212062873,20350216.463143162,8752250.74891974,22309693.02981673,6856726.221460885,24.382663515215455,4.0124477343318095,73.73972602739725,218.04007188507214,0.0
