vol_multiplier,shock_type,correlated,subsidy,deviation,run,termination_condition,feasible,objective,avg_h2_production,std_h2_production,avg_scenario_obj,std_scenario_obj,worst_scenario_obj,best_scenario_obj,obj_range,cvar_5pct,avg_revenue,std_revenue,avg_demand_met,min_demand_met,total_entry_booking,total_exit_booking,n_quality_deviations
1.0,demand,0.4,0.0,0.0,1,optimal,True,21631046.44691031,0.0,0.0,21631046.44691031,711349.3348467457,20776670.116119094,23237142.642544903,2460472.5264258087,20850066.05675115,24112282.108169753,704061.4959177229,5.3309193537105815,4.515085297547137,74.73972602739725,1051.3666468510353,0.0
2.0,demand,0.4,0.0,0.0,1,optimal,True,23287915.915499307,0.0,0.0,23287915.915499307,1555840.3664505768,21732444.99697911,26795561.87457621,5063116.877597101,21799194.298787158,25769259.186534114,1549208.839134498,5.634932942748707,3.908590568732968,74.73972602739725,820.3464252449726,0.0
4.0,demand,0.4,0.0,0.0,1,optimal,True,26804233.588586256,0.08000000000000301,0.21166010488517523,26804233.588586256,2823385.849540915,23700415.711787757,33071398.113099482,9370982.401311725,24015928.904346157,29300333.957408637,2800902.410471273,6.787116575253535,3.247362066545153,75.38023301282308,942.6522518661491,0.0
8.0,demand,0.4,0.0,0.0,1,optimal,True,33747504.97550915,0.32471117346096723,0.7860923833612568,34119562.48852985,5295641.919935335,28867200.934057392,45733727.58900114,16866526.65494375,28867200.934057396,36650904.94746626,5423618.376926338,9.826969104837051,2.9491745066622945,109.4403610297504,533.0010806042807,0.0
16.0,demand,0.4,0.0,0.0,1,optimal,True,49070880.43359456,0.9286976169333073,1.08958519090915,49070880.43359456,11280169.762405377,31823008.81085656,73922797.95988299,42099789.14902643,33230018.896824215,51719578.26934431,11400405.329508975,16.487061162920554,3.0440740155745956,131.81388555672748,994.3841565661477,0.0
