vol_multiplier,shock_type,correlated,subsidy,deviation,run,termination_condition,feasible,objective,avg_h2_production,std_h2_production,avg_scenario_obj,std_scenario_obj,worst_scenario_obj,best_scenario_obj,obj_range,cvar_5pct,avg_revenue,std_revenue,avg_demand_met,min_demand_met,total_entry_booking,total_exit_booking,n_quality_deviations
1.0,demand,0.6,45.0,0.0,1,optimal,True,21589361.379850227,1.9227341086942502,0.6276329497501152,21589361.379850227,1105576.930945574,20034739.12368621,23741197.135493144,3706458.011806935,20060342.08958965,24213679.590908475,1124505.250388546,5.375041395330444,4.536295246157082,75.13698630136986,1381.5781015021394,0.0
2.0,demand,0.6,45.0,0.0,1,optimal,True,23214616.836982016,1.7713690962371258,0.7139217889096449,23214616.83698202,2201013.6581675545,20368932.693177424,27406938.22649123,7038005.533313807,20415838.037309673,25825273.89625986,2223004.614645805,5.67436768465725,3.950591944348138,75.73972602739724,1060.9750086494143,0.0
4.0,demand,0.6,45.0,0.0,1,optimal,True,26521056.511261832,1.5856461262441597,0.9180234963355747,26521056.51126183,4229529.84674895,20068702.299392574,34964300.107728995,14895597.808336422,20524558.060123324,29120479.90379979,4248265.590694061,6.822422510718402,3.282177009967702,76.41946876793885,1174.4452623145135,0.0
8.0,demand,0.6,45.0,0.0,1,optimal,True,33438382.53866299,1.5318901636634363,0.9986531028533735,33810440.05168365,8101508.347341576,24255351.8060435,49198518.987661265,24943167.181617767,24255351.806043494,36387706.803978026,8144451.894075603,9.82312540763919,2.9491646442854362,113.24267113746986,618.2413999073913,0.0
16.0,demand,0.6,45.0,0.0,1,optimal,True,48253106.87851451,1.5575642767525477,0.9322104800490075,48253106.878514506,16124681.600724632,30783783.917115968,79118381.22737111,48334597.31025514,30783783.9171161,50828976.270062976,16175973.913619023,16.411374334024774,3.0440740155750055,123.31882567597609,1034.9026802373369,0.0
