vol_multiplier,shock_type,correlated,subsidy,deviation,run,termination_condition,feasible,objective,avg_h2_production,std_h2_production,avg_scenario_obj,std_scenario_obj,worst_scenario_obj,best_scenario_obj,obj_range,cvar_5pct,avg_revenue,std_revenue,avg_demand_met,min_demand_met,total_entry_booking,total_exit_booking,n_quality_deviations
1.0,demand,0.6,0.0,0.0,2,optimal,True,21555621.12610416,0.0,0.0,21555621.126104157,1573314.779738531,19609277.750315797,23770404.22114331,4161126.4708275124,19733055.95517804,24027790.67928529,1571626.505105734,5.581331022347637,4.6383329404088505,74.65047945718085,636.7107719543307,0.0
2.0,demand,0.6,0.0,0.0,2,optimal,True,23417152.747534625,0.0,0.0,23417152.747534625,3246560.6215860243,18513123.230251875,27992265.380702566,9479142.150450692,18986251.20799311,25887997.012806043,3245523.567879336,6.056694823594172,4.079377487809355,89.25630945536601,1024.1916543615007,0.0
4.0,demand,0.6,0.0,0.0,2,optimal,True,27226828.579064835,0.0,0.0,27226828.57906483,6475161.871851479,18588324.113580693,36508031.42923907,17919707.31565838,18595587.698108986,29695961.214431014,6475117.026047807,7.419856426658976,3.3282136550755146,111.22541485157198,942.7825317082865,0.0
8.0,demand,0.6,0.0,0.0,2,optimal,True,35170328.7255823,0.30081741664653433,0.7516166150813378,35170328.7255823,12422055.420089027,18951535.068654887,53521312.041049674,34569776.97239479,19016366.52514417,37695666.914244026,12467477.169700101,11.084594790942944,2.7030065192250814,103.07430368348759,848.6484615005808,0.0
16.0,demand,0.6,0.0,0.0,2,optimal,True,52903587.63945501,0.6510970350538071,0.9410756881460907,52903587.63945501,25259850.21969795,19634563.26282973,87640250.52066328,68005687.25783354,19634563.26282973,55493011.11864859,25408592.13827163,19.73779111660035,2.0906907629464215,96.60332542656903,822.9215644654366,0.0
