vol_multiplier,shock_type,correlated,subsidy,deviation,run,termination_condition,feasible,objective,avg_h2_production,std_h2_production,avg_scenario_obj,std_scenario_obj,worst_scenario_obj,best_scenario_obj,obj_range,cvar_5pct,avg_revenue,std_revenue,avg_demand_met,min_demand_met,total_entry_booking,total_exit_booking,n_quality_deviations
1.0,demand,0.6,70.0,0.0,3,optimal,True,20268172.452115517,1.9238697205616873,0.5597510308049437,20268172.45211552,2015745.5132140687,16721369.19059303,22593783.741386026,5872414.550792996,16752309.464505123,22752485.498622127,2014201.1827157293,5.899241321495072,4.637652137474179,75.88011359681926,1109.9396198588825,0.0
2.0,demand,0.6,70.0,0.0,3,optimal,True,20852304.599615756,1.6160104048919532,0.821886855892872,20852304.599615756,3970824.376291045,14422988.049560266,25167845.432798825,10744857.38323856,14422988.049560266,23334024.300805185,3966642.6672052913,6.68081906459606,4.3435887421509065,77.26851415069777,776.43136465502,0.0
4.0,demand,0.6,70.0,0.0,3,optimal,True,22387757.721050326,1.6443257698644658,0.8717970939517862,22387757.72105033,7966622.790099345,9335186.27150928,31866796.32292096,22531610.05141168,10118404.844523579,24865194.956846166,7968806.882983325,8.691750672600081,3.604407527338562,102.82814930220101,1107.5865915876939,0.0
8.0,demand,0.6,70.0,0.0,3,optimal,True,26424304.15706957,1.1088949309115472,0.990016396922723,26424304.15706957,15035197.62279227,1960621.719945403,45110687.719530836,43150065.999585435,2372775.1799034695,28841895.254922763,15096946.902706165,13.257178011275931,2.6307427413846214,239.36529147740993,1186.1028520967568,0.0
16.0,demand,0.6,70.0,0.0,3,optimal,True,37227059.1107691,0.5974636418352395,0.8191695483476286,37227059.11076911,26215211.351410996,-626986.4270416378,72090033.3530928,72717019.78013444,-626986.4270412218,39328069.233731516,26723617.20252544,20.509549876160193,1.1686733688833966,524.7779304682372,562.7753217721404,0.0
