vol_multiplier,shock_type,correlated,subsidy,deviation,run,termination_condition,feasible,objective,avg_h2_production,std_h2_production,avg_scenario_obj,std_scenario_obj,worst_scenario_obj,best_scenario_obj,obj_range,cvar_5pct,avg_revenue,std_revenue,avg_demand_met,min_demand_met,total_entry_booking,total_exit_booking,n_quality_deviations
1.0,demand,1.0,0.0,0.0,1,optimal,True,21048797.85570411,0.0,0.0,21048797.855704106,2087116.1342280123,18173373.76582643,24679569.225185547,6506195.459359117,18173373.765826475,23522265.406892546,2091983.2084078875,5.29581475968665,4.517218037040865,99.44338706083505,151.5748505027119,0.0
2.0,demand,1.0,0.0,0.0,1,optimal,True,21278075.933608662,0.0,0.0,21278075.933608666,2186745.7088762363,17995525.4163777,25108304.837533195,7112779.421155494,17995525.416377705,23757012.087733015,2187281.0137820113,5.6373839892912265,3.908861691989571,76.73972602739725,128.04493899953403,0.0
4.0,demand,1.0,0.0,0.0,1,optimal,True,21374668.115627978,0.0,0.0,21374668.115627978,2606099.842739935,17636317.600239184,25977250.38569456,8340932.785455376,17636317.600239184,23851884.866348233,2607488.1721331435,6.771456190623802,3.247275871753174,84.86749256358002,157.58478319000162,0.0
8.0,demand,1.0,0.0,0.0,1,optimal,True,21729680.021016106,0.0,0.0,21729680.021016106,3358734.433913742,16919841.950366337,27716480.233065814,10796638.282699477,16919841.95036653,24210957.998059634,3358596.623433793,10.006909651376398,2.917714859308305,90.73972602739725,315.85993041500654,0.0
16.0,demand,1.0,0.0,0.0,1,optimal,True,22440237.604601584,0.0,0.0,22440237.604601584,4874502.116432991,15487013.591827437,31195062.869009975,15708049.277182538,15487013.591827443,24920675.466693383,4874527.719204029,17.36170871419609,3.0117331143844934,82.73972602739725,236.61219936508144,0.0
