vol_multiplier,shock_type,correlated,subsidy,deviation,run,termination_condition,feasible,objective,avg_h2_production,std_h2_production,avg_scenario_obj,std_scenario_obj,worst_scenario_obj,best_scenario_obj,obj_range,cvar_5pct,avg_revenue,std_revenue,avg_demand_met,min_demand_met,total_entry_booking,total_exit_booking,n_quality_deviations
1.0,demand,0.0,30.0,0.0,2,optimal,True,20668301.906310633,0.04594348528587855,0.29741084017687613,20668301.906310633,724468.5169983363,19426042.356389914,22042928.168250944,2616885.8118610308,19477557.620049592,23145418.79586114,739332.0410796271,5.538211380517375,4.210528982942146,160.47519625312867,1581.530817011781,0.0
2.0,demand,0.0,30.0,0.0,2,optimal,True,20846505.928183876,0.07988921430061763,0.41730706330542217,20846505.928183876,790061.7253042975,19220520.32886772,22533884.27109479,3313363.942227073,19338487.50196776,23335160.089978002,808567.0249575387,6.068947214956066,4.040714648894657,93.33271341657743,1735.4095385712428,0.0
4.0,demand,0.0,30.0,0.0,2,optimal,True,20899461.61902486,0.12194640337834393,0.48380864617454,20899461.61902486,884320.1264834838,18886380.244528927,23417673.30289395,4531293.058365025,19153798.104149774,23391232.852314323,914665.1464136475,7.448707194425589,3.2692706479009175,111.06532392677516,2205.9853776804916,0.0
8.0,demand,0.0,30.0,0.0,2,optimal,True,21090993.536913108,0.4070187388590343,0.8376923284477714,21090993.53691311,1338967.3821285078,18798464.971201662,25222706.703779068,6424241.732577406,18839799.412643865,23616317.716483068,1400142.1132402217,11.190621561342112,2.6276504838533485,77.8063043249815,3276.209889235083,0.0
16.0,demand,0.0,30.0,0.0,2,optimal,True,21894075.161854513,0.7256989876517665,1.0489814035746692,21894075.161854513,2359044.5016664476,17412459.967032053,29253381.75441098,11840921.787378926,17763589.137624983,24459060.98587641,2430234.9998801677,19.729476408320338,2.382795702958989,99.51106248859631,3589.4572745304627,0.0
