vol_multiplier,shock_type,correlated,subsidy,deviation,run,termination_condition,feasible,objective,avg_h2_production,std_h2_production,avg_scenario_obj,std_scenario_obj,worst_scenario_obj,best_scenario_obj,obj_range,cvar_5pct,avg_revenue,std_revenue,avg_demand_met,min_demand_met,total_entry_booking,total_exit_booking,n_quality_deviations
1.0,demand,0.8,0.0,0.0,2,optimal,True,21110468.340719745,0.0,0.0,21110468.340719745,1858107.2088183374,18919836.58858591,23868228.660044074,4948392.071458165,18919836.588585947,23581456.5457189,1858698.1999118335,5.564508356395402,4.528654448553377,142.81173064835,939.7620738484088,0.0
2.0,demand,0.8,0.0,0.0,2,optimal,True,22639360.07191189,0.0,0.0,22639360.071911894,3829778.244683133,17715124.878051426,28041316.333946425,10326191.455895,17715124.87805211,25108570.374295123,3830563.9064919814,6.051805790299364,4.079377487809355,115.99238214783921,758.1812547618454,0.0
4.0,demand,0.8,0.0,0.0,2,optimal,True,25705064.257948913,0.0,0.0,25705064.257948913,7584155.597965935,17380109.443240967,36533922.723625325,19153813.280384358,17406789.4154558,28176220.857122976,7582788.45233556,7.428667348354194,3.3282136550755146,91.34955955101697,870.6673039076782,0.0
8.0,demand,0.8,0.0,0.0,2,optimal,True,32146969.794425182,0.12484133118267829,0.33499096928159855,32146969.79442518,14721718.100705724,15080165.39827859,53510583.66870013,38430418.270421535,16058636.326042697,34640118.4282913,14752416.041793894,11.117123616512547,2.703153383837219,101.56922202367589,999.8094195681902,0.0
16.0,demand,0.8,0.0,0.0,2,optimal,True,46810182.68887874,0.6162648212244632,0.8306217626527546,46810182.68887874,29033632.930621155,16299312.591803841,87574645.49982615,71275332.90802231,16299312.591803849,49397073.62475145,29147354.42290001,19.730222506595048,2.3862328488671385,97.42015000653159,697.6417494054695,0.0
