vol_multiplier,shock_type,correlated,subsidy,deviation,run,termination_condition,feasible,objective,avg_h2_production,std_h2_production,avg_scenario_obj,std_scenario_obj,worst_scenario_obj,best_scenario_obj,obj_range,cvar_5pct,avg_revenue,std_revenue,avg_demand_met,min_demand_met,total_entry_booking,total_exit_booking,n_quality_deviations
1.0,demand,1.0,70.0,0.0,0,optimal,True,20501085.307523858,1.4591624465744832,0.5437939163775894,20501085.307523858,3401178.8439645553,15558701.624907209,25656178.84538804,10097477.220480831,15558701.62493202,22975604.337045245,3422087.0215316243,4.901286955590429,3.5894250980668376,149.08678825486749,722.4816154847074,0.0
2.0,demand,1.0,70.0,0.0,0,optimal,True,20536306.203574646,1.5702594811166684,0.560267666274003,20536306.203574646,3603495.3773840587,15214668.58948422,26194281.16430647,10979612.574822249,15761833.873569766,23011542.28675619,3617735.77072822,4.788457323056883,2.4799771029160556,156.65833659379803,579.7954062479824,0.0
4.0,demand,1.0,70.0,0.0,0,optimal,True,20886435.64218704,1.8867012623807493,0.36048492051059744,20886435.642187037,4040825.2702460615,15400022.592577053,27257523.906128246,11857501.313551193,15417808.62916744,23377087.451695394,4039848.3773009405,5.034173058839521,1.7609400471393766,84.7397260274056,501.9645694847889,0.0
8.0,demand,1.0,70.0,0.0,0,optimal,True,21081730.06412597,1.9631812252908911,0.3566177198683467,21081730.06412597,5220692.629568395,14183620.72613056,29350497.0256718,15166876.299541239,14183620.72613057,23574282.588037275,5218930.118095983,6.083812539283418,1.2985662991017572,76.73972602739725,506.6068830192579,0.0
16.0,demand,1.0,70.0,0.0,0,optimal,True,17928354.072107334,2.3886012008301614,0.029387983422200274,21498660.74753646,7617425.829601281,11618927.004158702,33591601.329891786,21972674.325733084,11618927.0041587,23994723.311978243,7620048.509272403,8.684550478673891,1.1166410779333436,81.89064221458455,300.20289821129325,0.0
