vol_multiplier,shock_type,correlated,subsidy,deviation,run,termination_condition,feasible,objective,avg_h2_production,std_h2_production,avg_scenario_obj,std_scenario_obj,worst_scenario_obj,best_scenario_obj,obj_range,cvar_5pct,avg_revenue,std_revenue,avg_demand_met,min_demand_met,total_entry_booking,total_exit_booking,n_quality_deviations
1.0,demand,0.8,45.0,0.0,2,optimal,True,21255293.08028471,1.8594569905598681,0.6355639339848288,21255293.080284707,1830343.6446558058,19280829.68163664,23923218.53109606,4642388.849459421,19280829.681636687,23865588.82851915,1829078.506963839,5.62898789867238,4.671487634277426,76.73972602739761,745.9691470270876,0.0
2.0,demand,0.8,45.0,0.0,2,optimal,True,21109728.51302098,1.6930698191949909,0.7010730727721727,21109728.51302098,1968402.9778153198,18922789.343626246,24185952.620170787,5263163.276544541,18922789.343627375,23707696.044021055,1968496.4748565585,6.097558819275445,4.010830247757274,113.27400281840507,984.8543842315746,0.0
4.0,demand,0.8,45.0,0.0,2,optimal,True,21163780.374365196,1.7665733729292936,0.5465299929726566,21163780.374365196,2375981.185132185,18208515.58248005,24721994.67921412,6513479.096734069,18208515.582481537,23772487.4666674,2389446.4544545515,7.514022416336347,3.3502306766205843,75.73972602739725,995.5363617220052,0.0
8.0,demand,0.8,45.0,0.0,2,optimal,True,21195050.408272386,2.046787255307295,0.4289566853183321,21195050.40827239,3119806.003968089,16830877.394855812,25854467.984597113,9023590.5897413,17063104.606275123,23825178.217811972,3126671.2891671187,11.274202860403179,2.72623793591346,80.73972602739774,1000.9007311383937,0.0
16.0,demand,0.8,45.0,0.0,2,optimal,True,21696441.460180905,2.0855932492633666,0.4923938707123147,21696441.4601809,4502776.125668855,15939810.931173155,28271058.90984413,12331247.978670975,15939810.931173155,24326741.4054287,4517112.491274286,20.006867455217844,2.3974817146653935,75.73972602739725,895.0043203509834,0.0
