vol_multiplier,shock_type,correlated,subsidy,deviation,run,termination_condition,feasible,objective,avg_h2_production,std_h2_production,avg_scenario_obj,std_scenario_obj,worst_scenario_obj,best_scenario_obj,obj_range,cvar_5pct,avg_revenue,std_revenue,avg_demand_met,min_demand_met,total_entry_booking,total_exit_booking,n_quality_deviations
1.0,demand,0.0,45.0,0.0,2,optimal,True,20916287.36313668,2.157605072274378,0.40102678117350754,20916287.36313668,743603.2667905812,19491411.387585934,22136920.4610755,2645509.0734895654,19557044.480104696,23555432.442728423,748678.9244109247,5.633537954983432,4.677621849451879,88.41144322757168,1490.2034494912236,0.0
2.0,demand,0.0,45.0,0.0,2,optimal,True,20933267.429926578,1.928417352954423,0.735506095831792,20933267.429926578,794487.6525132598,19282143.797054056,22635070.60467057,3352926.807616513,19391696.88397601,23554273.702719696,784118.2885182537,6.119993547293896,4.045014301647509,85.7902172886487,1643.954884947885,0.0
4.0,demand,0.0,45.0,0.0,2,optimal,True,20984871.681347903,2.2300665776406854,0.4445458097666557,20984871.681347903,903319.4668991999,18981037.1110003,23518006.933415074,4536969.822414774,19225711.71413532,23627848.77839985,901795.9398059937,7.523696306809539,3.2695382496162297,101.31477576543567,2277.0172219030915,0.0
8.0,demand,0.0,45.0,0.0,2,optimal,True,21210489.149475005,2.159221162023175,0.37209426283127256,21210489.149475,1321207.0848059775,18809686.747332036,25323607.762390587,6513921.015058551,18862287.296122815,23849250.979821283,1325002.3025267238,11.280906583456511,2.7192811699871378,76.73972602739725,3268.4933643131544,0.0
16.0,demand,0.0,45.0,0.0,2,optimal,True,21997643.883599237,2.0115918525127565,0.4846952804962805,21997643.883599237,2334329.137238093,17758900.50376674,29377014.77094589,11618114.26717915,18115574.6019453,24628017.990469683,2338736.076958812,19.9458481321486,2.404137959137186,85.4452314501028,3618.8812157165357,0.0
