vol_multiplier,shock_type,correlated,subsidy,deviation,run,termination_condition,feasible,objective,avg_h2_production,std_h2_production,avg_scenario_obj,std_scenario_obj,worst_scenario_obj,best_scenario_obj,obj_range,cvar_5pct,avg_revenue,std_revenue,avg_demand_met,min_demand_met,total_entry_booking,total_exit_booking,n_quality_deviations
1.0,demand,0.8,0.0,0.0,2,optimal,True,21110468.340719745,0.0,0.0,21110468.340719745,1858107.2088183374,18919836.58858591,23868228.660044074,4948392.071458165,18919836.588585947,23581456.5457189,1858698.1999118335,5.564508356395402,4.528654448553377,142.81173064835,939.7620738484088,0.0
2.0,demand,0.8,0.0,0.0,2,optimal,True,21080421.044952195,0.0,0.0,21080421.04495219,1984203.7857549537,18741323.377931565,24131694.46988428,5390371.091952715,18854162.488755938,23554410.26620875,1983727.5044232376,6.061645933965979,3.9755599776669794,100.99927653949474,985.4955689798678,0.0
4.0,demand,0.8,0.0,0.0,2,optimal,True,21082710.341360793,0.0,0.0,21082710.341360793,2359733.526632596,18196423.58637953,24658691.83660021,6462268.250220679,18196423.586379565,23558272.483196743,2362830.9592135414,7.449788991270671,3.328141330940945,86.83418151823973,901.5418052414641,0.0
8.0,demand,0.8,0.0,0.0,2,optimal,True,21139291.36544626,0.0,0.0,21139291.365446255,3108967.9105322156,17151803.917247538,25756505.233035274,8604701.315787736,17151803.917247545,23617846.64177331,3112596.9599450324,11.171257129207468,2.605787683715306,78.73972602739725,1125.651578994034,0.0
16.0,demand,0.8,0.0,0.0,2,optimal,True,21344390.312201556,0.0,0.0,21598853.713646423,4459614.749823843,15914134.396808991,28157087.239131577,12242952.842322586,15914134.396809071,24071101.822468836,4462982.623084439,19.79244840521654,2.3860903757714356,77.3684186892088,940.5728130488844,0.0
