vol_multiplier,shock_type,correlated,subsidy,deviation,run,termination_condition,feasible,objective,avg_h2_production,std_h2_production,avg_scenario_obj,std_scenario_obj,worst_scenario_obj,best_scenario_obj,obj_range,cvar_5pct,avg_revenue,std_revenue,avg_demand_met,min_demand_met,total_entry_booking,total_exit_booking,n_quality_deviations
1.0,demand,0.4,45.0,0.0,1,optimal,True,21631156.264365576,1.7869916427105363,0.49287177672252763,21631156.264365576,744714.7517522029,20769520.835441694,23340771.441527653,2571250.60608596,20769520.835441694,24244566.420341656,760719.9403178161,5.373012945706428,4.563456031211132,76.04603026891112,1013.5694138080015,0.0
2.0,demand,0.4,45.0,0.0,1,optimal,True,23182746.318787232,1.6013434299565275,0.7756504917313065,23182746.318787232,1773923.5250474415,18110559.58396637,26971283.955606706,8860724.371640336,19788494.583863433,25758597.976742197,1855635.6221310375,5.634451200869573,3.3770174108358684,118.73198883797673,919.0772948328431,0.0
4.0,demand,0.4,45.0,0.0,1,optimal,True,26803629.2465144,1.5797544687371712,0.933541858976816,26803629.2465144,3068101.0319529157,20587696.568103384,33365319.936913427,12777623.368810043,22212487.566931993,29389299.31675499,3114629.0737835844,6.804532937299972,3.2821704989803417,78.21250196523518,754.3627951269618,0.0
8.0,demand,0.4,45.0,0.0,1,optimal,True,33904160.660016924,1.6417764421201553,0.9238498737824967,33904160.6602342,5272485.057197342,28367381.658729944,45831816.57996797,17464434.921238024,28467490.378639653,36499899.55614149,5303556.669177769,9.79301882269234,2.940540506352604,101.62307324252153,1130.8380579375873,0.0
16.0,demand,0.4,45.0,0.0,1,optimal,True,49259859.03439267,1.577604249402646,0.9519363358633782,49259859.03439267,11118461.488020755,37639434.176085174,74223102.49506253,36583668.318977356,37639434.176085174,51834174.45331225,11158172.535672298,16.45502282344615,3.0440740155750063,146.25090544555408,765.7274683098386,0.0
