vol_multiplier,shock_type,correlated,subsidy,deviation,run,termination_condition,feasible,objective,avg_h2_production,std_h2_production,avg_scenario_obj,std_scenario_obj,worst_scenario_obj,best_scenario_obj,obj_range,cvar_5pct,avg_revenue,std_revenue,avg_demand_met,min_demand_met,total_entry_booking,total_exit_booking,n_quality_deviations
1.0,demand,0.0,70.0,0.0,0,optimal,True,20815659.413873572,2.097406168308213,0.39225985930883367,20815659.41693545,1325773.1898507026,17082680.038252916,23724447.363864657,6641767.32561174,18380296.260833528,23290346.485999145,1355803.5948983745,4.94830635711409,3.5809805546194555,106.97329489792283,1832.4824641988482,0.0
2.0,demand,0.0,70.0,0.0,0,optimal,True,21714692.663451757,2.0832544751881827,0.48336753930735427,21714692.663451757,2131038.5575967403,18451296.408213463,25901461.510592364,7450165.102378901,18487095.444206003,24201618.335102938,2127227.2659445284,4.8604357641548095,2.626657522439037,88.61252366288726,1079.1509349153414,0.0
4.0,demand,0.0,70.0,0.0,0,optimal,True,23711204.866771527,2.0717920578498212,0.4936310227254847,23711204.866771527,5080401.484733276,17084451.956840504,34197352.516355135,17112900.55951463,17321531.104594912,26186613.964961506,5092220.257338704,5.0024686513211485,1.7676684360080348,124.65900036190669,1005.7464807976639,0.0
8.0,demand,0.0,70.0,0.0,0,optimal,True,27973115.608426534,2.0769411787311527,0.43690134682168513,27973115.608426534,10016009.642040253,15154716.199864483,48280762.51309586,33126046.31323138,15168424.983758382,30455693.374376956,10023928.572988907,6.032007879552771,1.2986142251881878,108.70187247776548,832.6045868767931,0.0
16.0,demand,0.0,70.0,0.0,0,optimal,True,34341831.20515915,1.6413375445257603,0.8843564462353998,37912135.23573503,19313810.536387976,13496107.151132135,77577965.22191322,64081858.07078108,13642440.039722823,40356399.534621105,19358062.918681867,8.28988072328157,1.1109979731153845,196.47450470597164,811.7963796570631,0.0
