vol_multiplier,shock_type,correlated,subsidy,deviation,run,termination_condition,feasible,objective,avg_h2_production,std_h2_production,avg_scenario_obj,std_scenario_obj,worst_scenario_obj,best_scenario_obj,obj_range,cvar_5pct,avg_revenue,std_revenue,avg_demand_met,min_demand_met,total_entry_booking,total_exit_booking,n_quality_deviations
1.0,demand,0.0,45.0,0.0,0,optimal,True,20843643.880986165,1.9263139392966426,0.6056896263152127,20843643.891674124,1185435.0356121825,18983173.464141447,23591684.844953083,4608511.380811635,19051239.409543976,23463301.38713292,1182588.7714486038,4.970386427151061,3.5809805546115254,84.85805787380869,1504.8180323287415,0.0
2.0,demand,0.0,45.0,0.0,0,optimal,True,21627154.106165934,1.8274528561038939,0.7940321221253535,21627154.106165934,2588083.747814696,17676977.485226106,27041466.63142235,9364489.146196242,17886905.104292896,24231895.463367343,2619786.652012908,4.834189021895045,2.626657522439035,134.4028111732213,1038.67517815667,0.0
4.0,demand,0.0,45.0,0.0,0,optimal,True,23485367.781245645,1.693004733370044,0.8665511118809466,23485367.781245645,5072053.307343246,16969854.685006823,34044264.232902296,17074409.547895472,16993004.7162651,26073720.140315335,5100211.29682627,4.961636384752872,1.767668436008035,138.11659149345522,924.1407269340917,0.0
8.0,demand,0.0,45.0,0.0,0,optimal,True,27756094.70691301,1.6254376879808454,0.9591656669298654,27756094.70691301,9993317.111805094,14987873.38865319,48133609.772330984,33145736.383677796,15001582.172547495,30342674.936037146,10025193.28708121,5.945879932162162,1.2986142251881942,130.56296706772807,1009.1896314419292,0.0
16.0,demand,0.0,45.0,0.0,0,optimal,True,34217104.833652884,1.4970618758680365,0.9280569466791248,37787411.5090816,19292015.185190327,13523538.203698829,77450277.22855125,63926739.024852425,13563113.482186722,40340523.09371724,19357522.62524455,8.301441697316985,1.1094756087154893,145.86263517411362,890.9173694089748,0.0
