vol_multiplier,shock_type,correlated,subsidy,deviation,run,termination_condition,feasible,objective,avg_h2_production,std_h2_production,avg_scenario_obj,std_scenario_obj,worst_scenario_obj,best_scenario_obj,obj_range,cvar_5pct,avg_revenue,std_revenue,avg_demand_met,min_demand_met,total_entry_booking,total_exit_booking,n_quality_deviations
1.0,demand,0.4,30.0,0.0,1,optimal,True,21645892.316989794,0.3296575342463925,0.7930214453343958,21645892.316989794,755280.0965859061,20798585.091762424,23295713.35143267,2497128.2596702464,20798585.09176259,24164433.052429214,817974.3594635646,5.337875331023925,4.565529543171996,76.73972602739725,930.1742926286305,0.0
2.0,demand,0.4,30.0,0.0,1,optimal,True,23106280.361796353,0.8707003122185857,1.0467786347801826,23106280.361796353,1844327.9976859412,18062585.99127212,26871418.755221315,8808832.763949193,18960709.472019393,25667528.921072427,1976560.9903256777,5.628395027101501,3.3564415468018147,79.60115962256909,988.5100685391376,0.0
4.0,demand,0.4,30.0,0.0,1,optimal,True,26810448.840304837,1.2635578367089009,1.0964835688178005,26810448.840304837,2904685.128786167,23972967.702156883,33265293.86532029,9292326.163163409,24063026.119763415,29437651.93093269,2943815.118612223,6.816128079024025,3.2821770099676977,77.38023301323464,770.167209498174,0.0
8.0,demand,0.4,30.0,0.0,1,optimal,True,34074498.87318347,0.8554591598635345,1.1174459817155198,34167513.25143862,5389251.894683609,28867321.63114093,45934124.37736249,17066802.74622156,28867321.631141003,36741388.991927885,5476448.030644104,9.829627115862518,2.9491658774161795,100.29178372497846,701.1110505997874,0.0
16.0,demand,0.4,30.0,0.0,1,optimal,True,49189186.23435951,1.177048257160282,1.0130032327359106,49189186.23435951,10984397.997278359,37620351.59472843,74122755.60654654,36502404.0118181,37620351.59472848,51786212.90894424,11044983.239220398,16.387639668621826,3.044074015575006,124.06240707058888,642.99873679929,0.0
