vol_multiplier,shock_type,correlated,subsidy,deviation,run,termination_condition,feasible,objective,avg_h2_production,std_h2_production,avg_scenario_obj,std_scenario_obj,worst_scenario_obj,best_scenario_obj,obj_range,cvar_5pct,avg_revenue,std_revenue,avg_demand_met,min_demand_met,total_entry_booking,total_exit_booking,n_quality_deviations
1.0,demand,0.4,0.0,0.0,1,optimal,True,21606907.606733296,0.0,0.0,21606907.606733292,720498.0563445212,20663004.353656158,23239343.415855426,2576339.0621992685,20738466.212627117,24087198.125170045,712251.132536892,5.330982378046459,4.517215483907824,74.73972602739765,963.9281361640465,0.0
2.0,demand,0.4,0.0,0.0,1,optimal,True,21657902.935938243,0.0,0.0,21657902.935938247,773131.5362194491,20815277.809796717,23220570.49700928,2405292.687212564,20815277.80979672,24137935.27599702,765126.2629948432,5.637078728630621,3.9086175923099025,74.73972602739725,932.7517065465855,0.0
4.0,demand,0.4,0.0,0.0,1,optimal,True,21746853.577762485,-6.458963596045599e-11,2.3336454388805387e-10,21746853.577762485,817770.6227054939,20693145.468010515,23240703.92907751,2547558.461066995,20716930.84055992,24226213.70274105,808603.7688552832,6.777522334683329,3.2473620665451524,85.93056552500272,869.8813613575875,0.0
8.0,demand,0.4,0.0,0.0,1,optimal,True,22025687.675593805,0.08000000000000831,0.21166010488518922,22025687.675593805,1058935.701453772,20578997.85876185,23756298.3080849,3177300.4493230507,20578998.216427624,24518451.65862295,1038449.7341583223,10.005858281402542,2.9178914657965977,88.46512272959232,823.872308335402,0.0
16.0,demand,0.4,0.0,0.0,1,optimal,True,22929520.356703438,0.008894937367717848,0.04010949412675683,22929520.356703438,1732010.738940887,20129884.191873696,25688612.759188507,5558728.567314811,20590106.41844159,25403427.53112025,1731839.1725916923,16.9572377508898,3.0119241687308302,106.39570361930846,990.1380588610602,0.0
