vol_multiplier,shock_type,correlated,subsidy,deviation,run,termination_condition,feasible,objective,avg_h2_production,std_h2_production,avg_scenario_obj,std_scenario_obj,worst_scenario_obj,best_scenario_obj,obj_range,cvar_5pct,avg_revenue,std_revenue,avg_demand_met,min_demand_met,total_entry_booking,total_exit_booking,n_quality_deviations
1.0,demand,0.8,0.0,0.0,0,optimal,True,20954995.2542115,0.0,0.0,20954995.2542115,2838791.9442267492,16838831.24562941,25953951.280019887,9115120.034390476,16889519.89306582,23432240.36713428,2838775.6997511303,4.932644044721547,3.5477883216687305,83.60133587045613,1134.9569958181849,0.0
2.0,demand,0.8,0.0,0.0,0,optimal,True,22217935.38458868,0.006022794584653903,0.03353350105308165,22217935.38458868,5612642.375412946,14245330.9881892,31979547.656506307,17734216.66831711,14351756.136337906,24696108.182153326,5614244.554451655,4.814003643684934,2.5987384183663655,83.62954293870753,1268.32225988022,0.0
4.0,demand,0.8,0.0,0.0,0,optimal,True,24676559.557671957,0.12213169883609182,0.3965275675049835,24676559.557671957,10936943.868180705,9162428.158404317,43354692.83006817,34192264.67166385,9162428.15840439,27175492.117397197,10981451.04574424,4.985923422842721,1.7489173648063416,80.44433812329267,816.2086769130751,0.0
8.0,demand,0.8,0.0,0.0,0,optimal,True,29608767.431781624,0.3129544186928218,0.6745900907999792,29608767.43178162,20727659.656050123,129897.47809268505,63514843.357409954,63384945.87931727,129897.47809268505,32067118.50536392,20910781.864154685,5.916956239591856,1.174125231541358,209.10846740898248,721.0580313809583,0.0
16.0,demand,0.8,0.0,0.0,0,optimal,True,39584382.943596765,0.7503462912150991,1.0217822025021444,43154689.61902273,36153320.694476925,-2392291.399987158,100997389.71213932,103389681.11212648,-2392291.399986981,45663428.405010276,36413597.28646726,8.362715579316234,1.0782553408031528,258.7740093916458,600.4919098952811,0.0
