vol_multiplier,shock_type,correlated,subsidy,deviation,run,termination_condition,feasible,objective,avg_h2_production,std_h2_production,avg_scenario_obj,std_scenario_obj,worst_scenario_obj,best_scenario_obj,obj_range,cvar_5pct,avg_revenue,std_revenue,avg_demand_met,min_demand_met,total_entry_booking,total_exit_booking,n_quality_deviations
1.0,demand,0.6,70.0,0.0,2,optimal,True,21678683.561990645,2.0457086053057716,0.4109487326976211,21678683.561990645,1570099.806578442,20005597.167636424,23989542.332262672,3983945.164626248,20014346.96486422,24159693.178558365,1566226.561520325,5.629881286385393,4.628505534906277,87.76679777320506,1017.1777022279169,0.0
2.0,demand,0.6,70.0,0.0,2,optimal,True,23549973.088087417,2.1184079255457733,0.3905855158238295,23549973.088087417,3228689.9318367373,19709097.81952341,28260376.537089024,8551278.717565615,19709097.81952342,26029852.433448456,3226355.914961238,6.123463264809023,4.0990588897773375,83.53090813124045,1155.1756990039303,0.0
4.0,demand,0.6,70.0,0.0,2,optimal,True,27421327.995185796,1.9958814830190958,0.41276051295218225,27421327.995185792,6574958.751191217,18668125.87120996,36809317.16094091,18141191.289730947,18668125.87120996,29894711.301480647,6579886.381120383,7.439438680337327,3.347240707892436,104.3128146374225,946.5804111570963,0.0
8.0,demand,0.6,70.0,0.0,2,optimal,True,35634420.72225635,1.9604278114530669,0.3893990621138587,35634420.72225635,12619129.938645922,19108050.18732719,53893746.34593847,34785696.158611275,19153408.52061743,38109966.14422121,12620455.447254665,11.161163620415401,2.722974726793301,104.63599793245768,893.4532824452746,0.0
16.0,demand,0.6,70.0,0.0,2,optimal,True,53211451.33600619,1.9748363926789052,0.5389474297202512,53211451.336006194,25144481.571452543,19992689.801219024,88078114.52204223,68085424.7208232,19992689.801219024,55683332.234635815,25139996.321808953,19.813511380927537,2.4056911969098898,99.71382498019283,726.0990944846745,0.0
