vol_multiplier,shock_type,correlated,subsidy,deviation,run,termination_condition,feasible,objective,avg_h2_production,std_h2_production,avg_scenario_obj,std_scenario_obj,worst_scenario_obj,best_scenario_obj,obj_range,cvar_5pct,avg_revenue,std_revenue,avg_demand_met,min_demand_met,total_entry_booking,total_exit_booking,n_quality_deviations
1.0,demand,0.8,70.0,0.0,3,optimal,True,19866505.19182091,2.160632689424964,0.331836069744029,20090992.196279697,2531806.0253523765,15639734.15035394,23178712.334318638,7538978.183964698,15639734.150355438,22578953.255746253,2528939.6129047982,5.907052508499454,4.7682636462872034,75.7397260273977,1053.5146207384364,0.0
2.0,demand,0.8,70.0,0.0,3,optimal,True,20200212.049485162,1.8978556640043198,0.655756967808704,20200212.049485166,5002947.696310408,11477193.704631947,25822661.111630842,14345467.406998895,11505708.734269058,22684981.0413554,5001619.273528258,6.684307726068798,4.216033958583732,77.38611323710596,1172.8156917092147,0.0
4.0,demand,0.8,70.0,0.0,3,optimal,True,20984680.097667303,1.5510725585258343,0.8652102486622606,20984680.0976673,10122661.794981442,4917763.038260179,31852966.695699375,26935203.657439195,4917763.038260179,23386696.319237836,10219624.178846061,8.594687212077915,2.6722539174041686,281.54298566245666,747.8173998698484,0.0
8.0,demand,0.8,70.0,0.0,3,optimal,True,24840091.64257763,1.280550299601284,0.881672206096956,24840091.64257763,17640191.84299902,-821576.7046286097,44374325.9825355,45195902.687164105,-772438.2367142815,26920066.18290686,18181843.98757109,11.398791545314573,1.2951198240450836,771.7938014094126,912.7026361122462,0.0
16.0,demand,0.8,70.0,0.0,3,optimal,True,36218074.86526131,0.8727565276761882,0.8073904629426081,36218074.8652613,28139281.93433053,-721274.9807003295,69708392.14056036,70429667.12126069,-658926.8830903576,38112602.32663846,28893596.021743625,14.605333269728268,1.1686733688833966,615.8768102214448,748.2751569883723,0.0
