vol_multiplier,shock_type,correlated,subsidy,deviation,run,termination_condition,feasible,objective,avg_h2_production,std_h2_production,avg_scenario_obj,std_scenario_obj,worst_scenario_obj,best_scenario_obj,obj_range,cvar_5pct,avg_revenue,std_revenue,avg_demand_met,min_demand_met,total_entry_booking,total_exit_booking,n_quality_deviations
1.0,demand,0.2,30.0,0.0,0,optimal,True,21482529.853242677,0.1602767615197129,0.5050285161553764,21482529.853242673,1229709.7142012292,18973313.493300438,24013209.774844956,5039896.281544518,19395329.638771817,23980114.270655036,1259823.8064237009,4.932354603178746,3.4453903117196156,101.7588016829528,991.960736655829,0.0
2.0,demand,0.2,30.0,0.0,0,optimal,True,21490161.992486853,0.15565679044776434,0.4925668512902477,21490161.992486853,1293583.3233559034,19505472.84082499,24104937.10056346,4599464.259738468,19505472.84082499,23985859.959326647,1320862.4848680831,4.812482579907304,2.5989365477071344,77.2967453193462,1264.0286426107639,0.0
4.0,demand,0.2,30.0,0.0,0,optimal,True,21720051.988318294,0.11573782914174577,0.4074686341771373,21720051.988318298,1441001.8861076592,19202280.737112656,24113427.77868117,4911147.041568514,19202280.73711547,24213414.289455317,1457822.5865195962,4.990703798674218,1.7488737152211928,77.98494234602474,1000.9288710218262,0.0
8.0,demand,0.2,30.0,0.0,0,optimal,True,21991687.930093136,0.22419789317343614,0.4496743616916229,21991687.930093136,1860685.119067663,18597822.50200414,24130146.5865155,5532324.084511362,18597822.502004147,24498679.75013461,1885909.3590087607,6.038794542531261,1.2848390283628774,78.57105894725882,1211.9609926261578,0.0
16.0,demand,0.2,30.0,0.0,0,optimal,True,19355670.66513489,0.5510482676254105,0.8079476819105835,22925977.340564016,2992848.2396858325,17247940.278406534,26558432.70870204,9310492.430295505,17247940.27840657,25467388.665872,3046230.467177359,8.592510481268082,1.1074168006097855,83.96635971952021,921.0020310226116,0.0
