vol_multiplier,shock_type,correlated,subsidy,deviation,run,termination_condition,feasible,objective,avg_h2_production,std_h2_production,avg_scenario_obj,std_scenario_obj,worst_scenario_obj,best_scenario_obj,obj_range,cvar_5pct,avg_revenue,std_revenue,avg_demand_met,min_demand_met,total_entry_booking,total_exit_booking,n_quality_deviations
1.0,demand,0.4,30.0,0.0,2,optimal,True,21731754.94838852,0.035044487133751925,0.2781569933391309,21731754.94838852,1342167.8122103524,19821345.207347736,23982321.406418007,4160976.199070271,19843256.619535405,24207702.75859342,1346959.2568575244,5.583334975880889,4.638266344184185,77.48488792449399,835.7114032449587,0.0
2.0,demand,0.4,30.0,0.0,2,optimal,True,21612820.32353315,0.050177909852820904,0.24622825457060388,21612820.323533148,1330746.9022772314,19904218.16833194,23722365.598277226,3818147.4299452864,19925887.049193762,24089791.245938327,1330623.9955589457,6.071992639554218,4.079137129841509,76.89573074725921,868.6281181556747,0.0
4.0,demand,0.4,30.0,0.0,2,optimal,True,21507181.52746824,0.0,0.0,21507181.527468245,1582905.859659845,19851818.740013827,23950559.552201867,4098740.8121880405,19851818.740122955,23980820.56115798,1582164.6659432873,7.4583598636862245,3.3281208825240163,73.73972602739725,1254.9402049983944,0.0
8.0,demand,0.4,30.0,0.0,2,optimal,True,21490615.7183842,0.029642918576814475,0.13356027027762793,21490615.7183842,2029800.9391295777,18807196.41491005,24723321.449651487,5916125.034741439,18954843.561874434,23971735.770531297,2032540.591713018,11.172334957431087,2.702960123896225,78.77160676274403,1032.2810376209698,0.0
16.0,demand,0.4,30.0,0.0,2,optimal,True,22054075.899587065,0.03670572129810705,0.291342630744113,22054075.899587065,2774611.8030176344,17195053.10514709,26463018.750850342,9267965.645703252,17944660.916137367,24534047.619149014,2782712.7792839305,19.80855336364096,2.3860252476820456,76.73972602739725,915.378319155058,0.0
