vol_multiplier,shock_type,correlated,subsidy,deviation,run,termination_condition,feasible,objective,avg_h2_production,std_h2_production,avg_scenario_obj,std_scenario_obj,worst_scenario_obj,best_scenario_obj,obj_range,cvar_5pct,avg_revenue,std_revenue,avg_demand_met,min_demand_met,total_entry_booking,total_exit_booking,n_quality_deviations
1.0,demand,0.4,70.0,0.0,2,optimal,True,21923675.72268345,2.12425305061814,0.3428854247121238,21923675.722683445,1320800.0506857294,20092979.21417579,24247792.204226166,4154812.9900503755,20092979.214175794,24403646.144764937,1316918.7554434303,5.6360170774056755,4.6669004323058285,75.73972602739758,763.4949539046725,0.0
2.0,demand,0.4,70.0,0.0,2,optimal,True,21702587.004370466,2.1387443393962142,0.3631051641371747,21702587.004370466,1358051.5546556604,20124856.956763994,23984975.906204127,3860118.949440133,20142131.96174005,24186324.01831456,1353041.1781709709,6.119534080689335,4.102544660900556,93.81994145895764,1367.5768627505906,0.0
4.0,demand,0.4,70.0,0.0,2,optimal,True,21688508.91541224,2.1792419016505664,0.2769715243885588,21688508.91541224,1646356.5318978876,19809047.744820848,24153451.775564037,4344404.030743189,19859202.73280209,24171007.91447879,1642723.074616533,7.531495528676543,3.349773454762693,75.73972602739725,1180.3948458718726,0.0
8.0,demand,0.4,70.0,0.0,2,optimal,True,21751190.67448209,1.979176837991953,0.4632358736296513,21751190.67448209,1988812.0862169247,19219619.402652048,24920504.894481223,5700885.4918291755,19308483.502015423,24236228.10102175,1991256.3428652214,11.272384536986184,2.722976065343567,82.9971113510207,935.640349246099,0.0
16.0,demand,0.4,70.0,0.0,2,optimal,True,22254301.92718641,2.1245839732118896,0.3590741931749172,22287483.795086253,2729391.6282701134,17907462.049589034,26693230.10647616,8785768.056887127,18564657.93799011,24773233.059968468,2730376.8280494227,19.990805431153383,2.39377748971559,84.19073520395158,998.7215825999282,0.0
