vol_multiplier,shock_type,correlated,subsidy,deviation,run,termination_condition,feasible,objective,avg_h2_production,std_h2_production,avg_scenario_obj,std_scenario_obj,worst_scenario_obj,best_scenario_obj,obj_range,cvar_5pct,avg_revenue,std_revenue,avg_demand_met,min_demand_met,total_entry_booking,total_exit_booking,n_quality_deviations
1.0,demand,0.2,70.0,0.0,1,optimal,True,21720198.38646699,2.1254012592442506,0.26540173935120476,21720198.386466995,410011.16708788945,21133912.803812586,22683323.044262778,1549410.2404501922,21160017.369560502,24211240.69875665,404092.2361986061,5.381392375176029,4.543928743127783,75.73972602739725,1169.0398460331053,0.0
2.0,demand,0.2,70.0,0.0,1,optimal,True,23323778.140974406,1.9263604662847498,0.48545676964920714,23323778.14097441,1212183.6909089244,21800620.090023868,26150550.832445282,4349930.742421415,21800620.090024803,25807500.53779903,1216554.4970639083,5.672656542218903,3.9505723795108967,105.41229791550502,895.7435878168519,0.0
4.0,demand,0.2,70.0,0.0,1,optimal,True,26771930.04808384,2.10548959699337,0.2694844002865561,26771930.04808384,1818712.6608474634,24523047.021926306,31439610.665843423,6916563.643917117,24523047.021926302,29263651.26984749,1819654.092447829,6.836578193936478,3.2729853606257144,84.98660094445773,1121.3469121634116,0.0
8.0,demand,0.2,70.0,0.0,1,optimal,True,33671293.79305222,1.6639003576682503,0.9480941020792227,33996844.11694525,3661571.1301969686,29267486.816412244,42118915.833342455,12851429.016930211,29267486.816412244,36470535.622904345,3662072.061577187,9.84745415690277,2.9491658774161893,118.56509201951536,630.7348793146757,0.0
16.0,demand,0.2,70.0,0.0,1,optimal,True,48905398.04971027,1.6359134229159553,0.9238644186671043,48905398.04971026,8264542.495113228,36728461.261783555,68576859.9823292,31848398.72054565,37170137.84560403,51385598.24958478,8257352.578516512,17.060847385491616,3.0440555341996154,96.24550850388069,793.2479399011214,0.0
