vol_multiplier,shock_type,correlated,subsidy,deviation,run,termination_condition,feasible,objective,avg_h2_production,std_h2_production,avg_scenario_obj,std_scenario_obj,worst_scenario_obj,best_scenario_obj,obj_range,cvar_5pct,avg_revenue,std_revenue,avg_demand_met,min_demand_met,total_entry_booking,total_exit_booking,n_quality_deviations
1.0,demand,0.2,0.0,0.0,0,optimal,True,21521458.56104285,0.0,0.0,21521458.561042845,1303371.2151864069,19523070.463720243,23949600.745820884,4426530.28210064,19523070.463720605,23999745.960897073,1304751.3928294883,4.933997333566598,3.5477883216685764,83.22965456091491,943.376843508662,0.0
2.0,demand,0.2,0.0,0.0,0,optimal,True,21436465.883798476,0.019999999997497117,0.14094472550439868,21436465.883798476,1275934.1171004518,19316352.9652991,23819215.95543712,4502862.99013802,19460734.860554516,23915550.79794108,1288537.163717191,4.792335132732364,2.598792249017361,171.15955202150545,1245.8745523981338,0.0
4.0,demand,0.2,0.0,0.0,0,optimal,True,21746009.80099089,0.010000000000000888,0.07937253933194478,21746009.800990894,1476568.1821915563,19226949.59975032,24178626.21821277,4951676.618462447,19226949.599750325,24227822.686331335,1479983.9216908114,4.989651451206594,1.748943773913423,77.17218832356478,992.4620758667141,0.0
8.0,demand,0.2,0.0,0.0,0,optimal,True,21877938.236718815,0.0,0.0,21877938.23671882,1848420.8248359917,18302963.340256426,23974672.316586006,5671708.97632958,18498951.157345783,24358566.840602662,1848357.7097276007,6.028525401900999,1.2848211970970875,81.59343960430213,1427.322852306086,0.0
16.0,demand,0.2,0.0,0.0,0,optimal,True,19168417.875256754,0.0,0.0,22738724.550685883,3031725.5395381995,16864062.291547928,26508959.20044743,9644896.908899501,17101087.104374897,25205913.069899626,3038787.472336539,8.506740977033964,1.0835376053645844,181.40061395838964,826.7894559941248,0.0
