vol_multiplier,shock_type,correlated,subsidy,deviation,run,termination_condition,feasible,objective,avg_h2_production,std_h2_production,avg_scenario_obj,std_scenario_obj,worst_scenario_obj,best_scenario_obj,obj_range,cvar_5pct,avg_revenue,std_revenue,avg_demand_met,min_demand_met,total_entry_booking,total_exit_booking,n_quality_deviations
1.0,demand,0.2,70.0,0.0,1,optimal,True,21720198.38646699,2.1254012592442506,0.26540173935120476,21720198.386466995,410011.16708788945,21133912.803812586,22683323.044262778,1549410.2404501922,21160017.369560502,24211240.69875665,404092.2361986061,5.381392375176029,4.543928743127783,75.73972602739725,1169.0398460331053,0.0
2.0,demand,0.2,70.0,0.0,1,optimal,True,21762690.522856962,1.9479026377735773,0.37731794291851456,21762690.522856966,550506.1168434923,20705262.21637498,22922435.861470178,2217173.6450951993,20733065.427265655,24251062.375084527,545042.0611339663,5.678405536904057,3.9505255804290917,84.80588803301076,909.7606574395537,0.0
4.0,demand,0.2,70.0,0.0,1,optimal,True,21749153.325291127,1.9793794178092556,0.4340077418314097,21749153.325291127,701729.537918435,19544152.52906069,22748074.493045952,3203921.9639852606,19544152.529060956,24225095.766029544,739697.9111113632,6.823482153991732,3.2781186544201306,153.1939315160537,966.2086392160302,0.0
8.0,demand,0.2,70.0,0.0,1,optimal,True,22133819.787386045,2.019306886957726,0.5805022875023969,22133819.787386045,550455.918473587,21069879.852594987,22780096.741793398,1710216.8891984113,21141152.416315615,24622218.01857878,547534.2965730588,10.092040235559889,2.947482108468888,80.80488302869982,997.2353569423364,0.0
16.0,demand,0.2,70.0,0.0,1,optimal,True,22747953.648235492,1.5740050958182157,0.808800491453571,22747953.648235492,1130839.348669829,18451769.28034213,23996408.912048925,5544639.631706793,19895975.597150188,25218411.8503253,1152887.2489819655,16.90956362977264,3.024306338367641,119.96940362953755,1113.560366676213,0.0
