vol_multiplier,shock_type,correlated,subsidy,deviation,run,termination_condition,feasible,objective,avg_h2_production,std_h2_production,avg_scenario_obj,std_scenario_obj,worst_scenario_obj,best_scenario_obj,obj_range,cvar_5pct,avg_revenue,std_revenue,avg_demand_met,min_demand_met,total_entry_booking,total_exit_booking,n_quality_deviations
1.0,demand,0.4,45.0,0.0,3,optimal,True,20253603.081534352,1.8630211398556165,0.6235083573791969,20253603.081534352,1465650.3442433176,17390013.667011797,22072674.146779288,4682660.47976749,17650925.0105177,22865164.41718121,1445514.3021873995,5.881978025846433,4.637652137474154,110.46164895498286,1294.1779168079881,0.0
2.0,demand,0.4,45.0,0.0,3,optimal,True,20277847.713585865,1.3612073642324622,0.877766275760757,20277849.032152317,1737788.307044521,14087659.538807683,22293163.637142427,8205504.098334745,16490006.511337465,22834813.02099544,1786744.5603413344,6.611631399773364,4.144020540344845,117.6450258358134,817.1373754995478,0.0
4.0,demand,0.4,45.0,0.0,3,optimal,True,20536457.177102864,1.495523550154876,0.8094122762065027,20536457.177102864,1871530.998454837,16991841.325838175,23278950.18382929,6287108.857991114,17305340.344775718,23123758.774453316,1893817.1518703029,8.677612503845632,3.8732876330769748,97.21038956715742,1295.9459256162645,0.0
8.0,demand,0.4,45.0,0.0,3,optimal,True,21066119.706592012,1.530779505755687,0.715857439433858,21066119.706592016,2241894.4003733867,18225796.74725442,25250263.98976604,7024467.242511619,18225796.74725448,23657653.359568845,2276871.591122774,13.666227145814604,3.871972588750711,75.73972602739725,990.1050767547149,0.0
16.0,demand,0.4,45.0,0.0,3,optimal,True,22131380.853440106,1.762840557684113,0.8213747726379608,22131380.853440106,3380148.068804759,18299459.529624354,29195964.50725731,10896504.977632955,18299459.52962436,24738082.97711741,3416796.670307844,24.52659218081312,4.04833433755127,77.94406872649229,582.2665569456274,0.0
