vol_multiplier,shock_type,correlated,subsidy,deviation,run,termination_condition,feasible,objective,avg_h2_production,std_h2_production,avg_scenario_obj,std_scenario_obj,worst_scenario_obj,best_scenario_obj,obj_range,cvar_5pct,avg_revenue,std_revenue,avg_demand_met,min_demand_met,total_entry_booking,total_exit_booking,n_quality_deviations
1.0,demand,0.8,70.0,0.0,2,optimal,True,21332839.28854317,2.1230005357741852,0.35507955903697525,21332839.288543165,1828693.5936227723,19355740.53325285,24050854.12257343,4695113.589320581,19367556.977182277,23811928.732621744,1828986.2847772278,5.620019147898953,4.662588446857458,100.26534865226445,1040.6369914940205,0.0
2.0,demand,0.8,70.0,0.0,2,optimal,True,22736386.877062522,2.0941665823586897,0.3620411616636259,22736386.877062522,3697368.4675280284,18595239.737044327,28299039.631372217,9703799.89432789,18595239.737044327,25216911.910930477,3696378.630726307,6.121473139757402,4.0939814189250505,77.68868131573906,1272.403241415412,0.0
4.0,demand,0.8,70.0,0.0,2,optimal,True,25764485.039908584,2.0073513451010685,0.357697262707268,25764485.039908588,7558402.842078475,17476825.549578488,36818201.911470085,19341376.361891598,17476825.549578488,28242153.532378934,7557988.654409279,7.494010663713161,3.3499567079968573,90.40051348285522,879.3148383228073,0.0
8.0,demand,0.8,70.0,0.0,2,optimal,True,32324801.946172047,1.9363340309374748,0.561882209053063,32324801.946172047,14659659.126700174,16793623.67013573,53855364.18099959,37061740.51086386,16793623.67013577,34797543.57283035,14657644.780295085,11.189914218712218,2.722971254028475,97.26470408932691,793.3831540137163,0.0
16.0,demand,0.8,70.0,0.0,2,optimal,True,46945668.48784142,1.9880191318714469,0.5544670261531993,46945668.48784143,28925107.42169966,16396709.297667801,87946136.64917065,71549427.35150285,16396709.297667822,49417520.94853774,28920468.72301116,19.809475266075147,2.4056930900679867,98.43434757393379,706.8434945084798,0.0
