vol_multiplier,shock_type,correlated,subsidy,deviation,run,termination_condition,feasible,objective,avg_h2_production,std_h2_production,avg_scenario_obj,std_scenario_obj,worst_scenario_obj,best_scenario_obj,obj_range,cvar_5pct,avg_revenue,std_revenue,avg_demand_met,min_demand_met,total_entry_booking,total_exit_booking,n_quality_deviations
1.0,demand,0.6,0.0,0.0,1,optimal,True,21613219.435696192,0.0,0.0,21613219.435696192,1101134.0704095247,19939812.81962102,23614533.536238108,3674720.7166170888,20012847.38560529,24093275.54476646,1093921.9816142935,5.329090069224713,4.517158494034433,74.73972602739725,1014.4020166145689,0.0
2.0,demand,0.6,0.0,0.0,1,optimal,True,23188607.08599613,0.02460938672826883,0.19533095160243835,23188607.08599613,2141737.6893505654,20404327.361582194,27468953.175987143,7064625.81440495,20404327.361582194,25672542.370637774,2143747.941562131,5.634881435513183,3.9085820831978304,75.73972602739725,1159.7986558378295,0.0
4.0,demand,0.6,0.0,0.0,1,optimal,True,26543472.277837638,0.07527397260274235,0.24443798728987806,26543472.27783764,4061444.8662961833,21039203.978404064,34631292.9307949,13592088.952390838,21094621.3589151,29034927.733820472,4032828.9209172144,6.746328392171092,3.247354625129047,118.8787428128416,880.5961090614128,0.0
8.0,demand,0.6,0.0,0.0,1,optimal,True,33415402.11242067,0.6181052979039446,1.0287984034893256,33694445.24718614,7995407.0886671,24255015.387685668,48898617.73077835,24643602.343092684,24255015.387685698,36287223.66984521,8182444.554810065,9.830635174579092,2.949174506662294,123.75158699503704,855.5825444806753,0.0
16.0,demand,0.6,0.0,0.0,1,optimal,True,48429543.63371057,0.5998254250115334,1.0377533423903627,48429543.63371057,15918195.844988853,30783585.97633449,78818785.11732765,48035199.140993156,30783585.976334568,51009921.528834276,16119282.435664587,16.362869065002663,3.044074015575006,124.06240707058147,653.2932167239609,0.0
