vol_multiplier,shock_type,correlated,subsidy,deviation,run,termination_condition,feasible,objective,avg_h2_production,std_h2_production,avg_scenario_obj,std_scenario_obj,worst_scenario_obj,best_scenario_obj,obj_range,cvar_5pct,avg_revenue,std_revenue,avg_demand_met,min_demand_met,total_entry_booking,total_exit_booking,n_quality_deviations
1.0,demand,0.2,30.0,0.0,2,optimal,True,21659380.571733475,0.2911125474854135,0.772861273356378,21659380.571733475,1167828.9595833647,19917520.750069246,24217995.744106434,4300474.994037189,19917520.750069246,24164038.269703444,1231409.7075526903,5.589308502733447,4.638125002177391,76.73972602739725,801.1729855393959,0.0
2.0,demand,0.2,30.0,0.0,2,optimal,True,21642020.151090156,0.14392789889569832,0.43243659794743117,21642020.151090156,1081492.7543409397,19599300.222674355,23931987.53891811,4332687.316243757,19835752.79899322,24131855.409685742,1105880.0636470898,6.073046499193153,4.0793939078948895,77.79484552937511,1071.2420217063575,0.0
4.0,demand,0.2,30.0,0.0,2,optimal,True,21446753.925029445,0.13299001943163694,0.3518585182697588,21446753.92502944,1268863.4379121019,19327563.688936062,23573319.936380498,4245756.247444436,19427043.227387577,23934673.41571986,1293013.076134925,7.44228206876343,3.3280090984043493,93.5555591370106,1135.1922449296687,0.0
8.0,demand,0.2,30.0,0.0,2,optimal,True,21491721.497202765,6.123573870198129e-16,1.6334860367281252e-15,21491721.49720276,1545181.6223267461,18590515.237688083,23964069.560474396,5373554.322786313,19207351.51098213,23968118.630833797,1547167.456820734,11.17156537131365,2.702900764314983,74.73972602739725,1120.1867443482588,0.0
16.0,demand,0.2,30.0,0.0,2,optimal,True,22201813.28743411,0.007772063361810901,0.02056294682818038,22201813.28743411,1896639.896221678,19822465.128659923,25191746.13127869,5369281.002618767,19822465.128659964,24678133.035624158,1899446.809380037,19.802437702069298,2.3868974919399593,78.77160676276466,552.1326828264273,0.0
