vol_multiplier,shock_type,correlated,subsidy,deviation,run,termination_condition,feasible,objective,avg_h2_production,std_h2_production,avg_scenario_obj,std_scenario_obj,worst_scenario_obj,best_scenario_obj,obj_range,cvar_5pct,avg_revenue,std_revenue,avg_demand_met,min_demand_met,total_entry_booking,total_exit_booking,n_quality_deviations
1.0,demand,0.4,0.0,0.0,2,optimal,True,21700904.282947313,0.0,0.0,21700904.282947317,1355403.8471220292,19599778.9363576,23982367.946851492,4382589.010493893,19747044.82291798,24173936.030783724,1354015.4973192203,5.58239931544275,4.638216748508445,75.9816625225585,956.7251336423681,0.0
2.0,demand,0.4,0.0,0.0,2,optimal,True,23611061.29636282,-4.481907506134088e-11,2.021004031447259e-10,23611061.29636282,2910477.163952118,18060265.0487838,28118165.359152045,10057900.310368244,18294946.173478764,26078151.696189612,2911585.107445034,6.032008971250612,4.079377487809352,110.28125716558367,954.3062481681752,0.0
4.0,demand,0.4,0.0,0.0,2,optimal,True,27994475.498571735,0.0027475747303129234,0.01238950067352598,27994475.498571735,5639827.569755599,18308655.774040107,36385873.656205565,18077217.882165458,18494693.562686503,30463614.600401647,5638846.754901834,7.401018393000651,3.3282136550755146,117.80725880743687,1012.6382407459178,0.0
8.0,demand,0.4,0.0,0.0,2,optimal,True,36960868.838631906,0.40683690498035685,0.8582770622393063,36960868.838631906,10639012.589314116,19857566.85906315,52472945.613056816,32615378.753993668,19865867.88769287,39508342.99228919,10704785.097982265,11.077948739262848,2.703138654289459,99.60057691230506,713.2128151269051,0.0
16.0,demand,0.4,0.0,0.0,2,optimal,True,56657912.06968493,1.0452805447727118,1.0741000513958001,56657912.06968493,22447730.693874974,21368309.3981369,91368669.41222206,70000360.01408516,21368309.39813691,59330304.20672722,22567945.382227432,19.77196325888122,2.20294853073537,100.4516921970202,672.4856407360656,0.0
