vol_multiplier,shock_type,correlated,subsidy,deviation,run,termination_condition,feasible,objective,avg_h2_production,std_h2_production,avg_scenario_obj,std_scenario_obj,worst_scenario_obj,best_scenario_obj,obj_range,cvar_5pct,avg_revenue,std_revenue,avg_demand_met,min_demand_met,total_entry_booking,total_exit_booking,n_quality_deviations
1.0,demand,0.2,0.0,0.0,3,optimal,True,20375509.175785616,0.0,0.0,20375509.17578562,1151988.3832227266,17626000.192905776,21874199.632315367,4248199.439409591,17814622.834288657,22849851.216860805,1147292.2420373256,5.850807677723255,4.7165814990100525,73.88011359681848,974.6195775408613,0.0
2.0,demand,0.2,0.0,0.0,3,optimal,True,21341806.059041545,0.03131291727746066,0.24853857582029582,21422633.326207157,2171247.2451510276,17050017.062784944,25025714.698482998,7975697.635698054,17106724.026689604,23905813.485679097,2171635.5076507125,6.631642757754612,4.152047961946924,76.70304545005857,936.7156085263148,0.0
4.0,demand,0.2,0.0,0.0,3,optimal,True,23546676.94044901,0.0,0.0,23546676.940449007,5052692.430140826,13037614.182076955,31664789.384330645,18627175.20225369,13334660.972524002,26015893.297480218,5058625.008402741,8.59114570086228,3.4391465234162992,154.5002200244644,900.5459270287695,0.0
8.0,demand,0.2,0.0,0.0,3,optimal,True,28786574.01288917,0.0,0.0,28786574.012889173,9483490.516447851,13560040.486292029,45058209.71227005,31498169.225978024,13560040.489338025,31175843.266847566,9608534.402096206,13.367454930709084,2.6275493737748086,360.45177193199527,794.8821861572137,0.0
16.0,demand,0.2,0.0,0.0,3,optimal,True,40498673.72878188,0.5024726589431188,0.8907724663241869,40498673.72878188,17396418.083668616,18689132.81126575,71981919.94330756,53292787.13204181,18922430.28764428,42992563.730932504,17493304.36057462,23.624557657728914,2.7422863188581488,261.2786602114226,708.0256458867846,0.0
