vol_multiplier,shock_type,correlated,subsidy,deviation,run,termination_condition,feasible,objective,avg_h2_production,std_h2_production,avg_scenario_obj,std_scenario_obj,worst_scenario_obj,best_scenario_obj,obj_range,cvar_5pct,avg_revenue,std_revenue,avg_demand_met,min_demand_met,total_entry_booking,total_exit_booking,n_quality_deviations
1.0,demand,0.6,70.0,0.0,1,optimal,True,21617946.639187377,1.9752595205669212,0.4676269690145072,21617946.773316465,1229246.2821197493,18483383.44806236,23898175.05348556,5414791.605423201,19588989.54793157,24102517.22658438,1234391.0038917793,5.363017491581676,4.550853855989639,82.87700420825344,1826.5151203012426,0.0
2.0,demand,0.6,70.0,0.0,1,optimal,True,21848024.457406282,2.1104265419957784,0.34357900304765565,21848024.457406282,1164091.4835684926,20121381.321576025,23936623.868358865,3815242.54678284,20169440.20087004,24340354.48424495,1155485.5179525476,5.688250301744498,3.9505255804290944,75.30173251777153,1261.830634934572,0.0
4.0,demand,0.6,70.0,0.0,1,optimal,True,21951077.705508154,2.014547611454072,0.41498617020983725,21951077.705508158,1331358.5321037164,20051027.293361977,24171900.311765857,4120873.0184038803,20115628.3013714,24442336.520381037,1322180.8325929104,6.839116909182716,3.2781186544201306,91.07741281959927,1209.0506908549487,0.0
8.0,demand,0.6,70.0,0.0,1,optimal,True,22040130.182819437,1.8079451608126027,0.49808215564638253,22040130.182819437,1866611.8270125461,19176992.80014245,25332149.91288681,6155157.112744361,19698449.965031054,24509971.190472595,1876618.4664766162,9.975104876673935,2.9475256004154913,175.45490476508328,1020.671152587649,0.0
16.0,demand,0.6,70.0,0.0,1,optimal,True,23209251.32561922,1.734428820879199,0.8374639469344477,23209251.32561922,2643657.869852095,19526271.077420436,27983026.225679338,8456755.148258902,19822899.023067683,25691476.17458249,2642879.812466916,17.11980657147506,3.0243857515773116,112.89787593565129,847.9067349870115,0.0
