vol_multiplier,shock_type,correlated,subsidy,deviation,run,termination_condition,feasible,objective,avg_h2_production,std_h2_production,avg_scenario_obj,std_scenario_obj,worst_scenario_obj,best_scenario_obj,obj_range,cvar_5pct,avg_revenue,std_revenue,avg_demand_met,min_demand_met,total_entry_booking,total_exit_booking,n_quality_deviations
1.0,demand,0.2,30.0,0.0,1,optimal,True,21526881.85668206,0.35439477410343856,0.728702733884433,21526881.856682055,458493.1736558714,20554537.202672146,22594245.63262783,2039708.4299556836,20813951.34314389,24046868.459122572,516949.4190315508,5.336719112092005,4.559162914817799,77.73972602739725,1014.2822142393609,0.0
2.0,demand,0.2,30.0,0.0,1,optimal,True,23202140.426900055,0.8755749843188511,1.0508739891954377,23202140.426900055,1114730.8240740353,21723657.760076813,25912419.672513954,4188761.912437141,21916111.52969285,25786583.337621987,1183451.2326605644,5.656961099090052,3.95049855685216,76.73972602739761,979.8247027072135,0.0
4.0,demand,0.2,30.0,0.0,1,optimal,True,26518165.644371055,1.1831239985532878,1.0785088395735385,26518165.644371055,1930090.0004241806,22742770.28393347,30713254.446602065,7970484.162668597,23560575.389827985,29140547.510147378,1957616.4403527186,6.813780270945017,3.272985360625714,78.23456556923166,1054.0939150015638,0.0
8.0,demand,0.2,30.0,0.0,1,optimal,True,33530668.142812,0.9153711070162354,1.1047356000038173,33809711.27757746,3586198.5687759044,28940277.48781519,41851705.43191961,12911427.944104422,29194203.0181736,36384432.37059072,3634408.0685154116,9.833725036846662,2.949165877416179,121.60556578010082,679.9199421793732,0.0
16.0,demand,0.2,30.0,0.0,1,optimal,True,48823961.52759369,1.1397271144639995,1.0084435142087675,48823961.52759368,8129929.059005248,38461550.668732986,68309987.15120415,29848436.482471168,38461550.668732986,51429606.53189972,8153035.822192427,16.980714116532585,3.0440555341996167,92.99326467818346,704.6577932428577,0.0
