vol_multiplier,shock_type,correlated,subsidy,deviation,run,termination_condition,feasible,objective,avg_h2_production,std_h2_production,avg_scenario_obj,std_scenario_obj,worst_scenario_obj,best_scenario_obj,obj_range,cvar_5pct,avg_revenue,std_revenue,avg_demand_met,min_demand_met,total_entry_booking,total_exit_booking,n_quality_deviations
1.0,demand,0.6,30.0,0.0,0,optimal,True,21279780.745396305,0.22305910234114237,0.6094960095630821,21279780.745396305,2358238.614887554,17816492.595969208,25622256.946453117,7805764.350483909,17816492.595969208,23783654.339898765,2400499.610848126,4.938616450504584,3.54778832166871,81.74846202564689,1070.7110216149479,0.0
2.0,demand,0.6,30.0,0.0,0,optimal,True,21353352.51198922,0.27283180306859606,0.6563924174531156,21353352.51198922,2541076.011365966,17703348.438616578,25939579.748772122,8236231.310155544,17722485.401852813,23863261.42257717,2590677.83358005,4.816637527558955,2.5989365477071518,76.73972602739725,1021.5676921000617,0.0
4.0,demand,0.6,30.0,0.0,0,optimal,True,21422028.06638139,0.3158907462599251,0.6722842007684698,21422028.06638139,2882584.0359037984,17180375.57699365,26374181.24016271,9193805.66316906,17180375.57699365,23936352.45036345,2943127.371743131,4.982080567220956,1.74887371522118,80.73141452792605,1299.1288658829758,0.0
8.0,demand,0.6,30.0,0.0,0,optimal,True,21783294.69977951,0.29399059600975364,0.5526459554075558,21783294.69977951,3643932.902227682,16140627.147522109,27281616.104447052,11140988.956924943,16140627.147522109,24298375.34321095,3691063.407419596,6.0432569289409965,1.2848390283636113,74.92463877540051,1311.9755304206801,0.0
16.0,demand,0.6,30.0,0.0,0,optimal,True,19209477.761639833,0.5472261503828486,0.8059009692337343,22779784.437067926,5425894.739559001,13912774.416426823,31254764.666690264,17341990.25026344,13945668.216440367,25322475.54543244,5483877.890412678,8.608006918060754,1.1015049323437573,80.04509910725274,712.6855598869481,0.0
