vol_multiplier,shock_type,correlated,subsidy,deviation,run,termination_condition,feasible,objective,avg_h2_production,std_h2_production,avg_scenario_obj,std_scenario_obj,worst_scenario_obj,best_scenario_obj,obj_range,cvar_5pct,avg_revenue,std_revenue,avg_demand_met,min_demand_met,total_entry_booking,total_exit_booking,n_quality_deviations
1.0,demand,0.8,30.0,0.0,2,optimal,True,21088911.097880952,0.007806230845668811,0.043508641179886745,21088911.097880952,1834478.4162832396,19106599.82825667,23866534.924507443,4759935.0962507725,19133216.028483745,23559441.41312878,1835756.3274158377,5.569589172595141,4.394279098213888,94.30363876679654,1364.570883196783,0.0
2.0,demand,0.8,30.0,0.0,2,optimal,True,22567613.952335317,0.6846943134367773,0.8334797678519379,22567613.952335317,3749304.8370195157,18070844.89863414,28059813.5489833,9988968.650349159,18363755.5053452,25120245.751594573,3819230.593697422,6.088784742395688,4.039332513871698,80.03280917403723,1298.3347231789921,0.0
4.0,demand,0.8,30.0,0.0,2,optimal,True,25554859.45375733,0.8826139754735888,0.9039857768202527,25554859.45375733,7439674.774950035,17142115.22277934,36581822.57068191,19439707.347902566,17327381.185315542,28127711.00347126,7533624.426848298,7.45895184830686,3.3283232206798243,107.38445758827592,1168.7169484183298,0.0
8.0,demand,0.8,30.0,0.0,2,optimal,True,32371198.514387686,1.1482334571493726,0.8731445150160367,32371198.514387682,14804131.287625168,16549027.875294873,53623535.63838362,37074507.76308875,16549027.875294894,34969854.230371766,14843458.500304975,11.159678527613865,2.703149014631573,98.61449075220771,681.4494838029134,0.0
16.0,demand,0.8,30.0,0.0,2,optimal,True,47001524.25951615,1.0775758987676924,0.9912393549921694,47001524.25951615,29193652.356675003,16298959.390459504,87698607.46308772,71399648.07262821,16298959.390459506,49585576.4614293,29236241.93771319,19.73334015820257,2.0906907629464215,108.6229234502558,614.2761991591822,0.0
