vol_multiplier,shock_type,correlated,subsidy,deviation,run,termination_condition,feasible,objective,avg_h2_production,std_h2_production,avg_scenario_obj,std_scenario_obj,worst_scenario_obj,best_scenario_obj,obj_range,cvar_5pct,avg_revenue,std_revenue,avg_demand_met,min_demand_met,total_entry_booking,total_exit_booking,n_quality_deviations
1.0,demand,0.8,45.0,0.0,3,optimal,True,19800621.835047044,2.0096031532200245,0.5768488017324254,19800621.835047044,2725740.729006986,14534294.569684304,23012133.598027855,8477839.02834355,14534294.569684304,22427053.40438924,2711644.932264556,5.902207490998155,4.767161987590873,75.73972602739725,1388.880499464137,0.0
2.0,demand,0.8,45.0,0.0,3,optimal,True,19986138.73268503,1.680373421903163,0.833692591013074,19986138.73268503,2768110.4788669976,15342381.550997484,23534424.50323066,8192042.952233177,15342381.550997486,22587397.06216016,2784561.2685307185,6.682130699014756,4.216033958583701,77.44532054584332,1007.5706961141732,0.0
4.0,demand,0.8,45.0,0.0,3,optimal,True,20009452.13891241,1.6713162324292141,0.8374246025668172,20009452.191742063,3258599.542582412,14901552.575083759,24575287.15294142,9673734.577857662,14901552.576456977,22608158.25885717,3294865.869337754,8.67784122188656,3.9208564055392223,107.36072942504656,962.8103191465054,0.0
8.0,demand,0.8,45.0,0.0,3,optimal,True,20302411.071589522,1.6145835670412183,0.8352976790626135,20302411.071589522,4102716.6246695216,14027240.712571573,26657734.83377677,12630494.121205196,14029675.598375948,22899360.68022462,4147861.748565462,13.678986838346733,3.8735350443271965,76.73972602739725,1073.2423782996837,0.0
16.0,demand,0.8,45.0,0.0,3,optimal,True,20925334.805759043,1.584857242563974,1.0148435053457736,20925334.805759043,5978021.0723957615,11415493.968292963,30822280.597158298,19406786.628865335,11715774.076406503,23518830.391199213,6037699.085615687,24.543819026436967,4.048334337551236,76.73972602739725,739.8643950404091,0.0
