vol_multiplier,shock_type,correlated,subsidy,deviation,run,termination_condition,feasible,objective,avg_h2_production,std_h2_production,avg_scenario_obj,std_scenario_obj,worst_scenario_obj,best_scenario_obj,obj_range,cvar_5pct,avg_revenue,std_revenue,avg_demand_met,min_demand_met,total_entry_booking,total_exit_booking,n_quality_deviations
1.0,demand,0.2,70.0,0.0,0,optimal,True,21713029.626685325,2.22641357981576,0.22522903796476618,21713029.626685325,1311975.1149735446,19752930.395797633,24205149.07008432,4452218.674286686,19752930.39579771,24203905.000388414,1313595.8740708895,4.984470179891726,3.5860279899231076,85.23035721388767,1164.052792236358,0.0
2.0,demand,0.2,70.0,0.0,0,optimal,True,21728509.394045968,2.1373654715876587,0.3338514451829277,21728509.39404597,1377543.8385648404,19468607.69556303,24210421.970672935,4741814.275109906,19654384.438807007,24218977.698652104,1377638.2647086377,4.863157002074384,2.6267965424489783,76.13896946639417,1274.3052253259525,0.0
4.0,demand,0.2,70.0,0.0,0,optimal,True,21755387.80396706,2.1685335373684236,0.34548727295801573,21755387.80396706,1513072.556917616,19453576.76833035,24250009.813476197,4796433.045145847,19453576.76833035,24246142.897546202,1515993.8166923467,5.037067286957576,1.7676955592675672,75.73972602796037,1425.8875750735926,0.0
8.0,demand,0.2,70.0,0.0,0,optimal,True,22190881.499940924,2.13356547521495,0.3386979941914536,22190881.499940924,1824219.928128476,18822628.36532978,24270532.193579834,5447903.828250054,18822628.36533008,24681426.64526696,1825083.1319766599,6.087448141920909,1.2986142251881732,93.23621158149393,1049.0240784641148,0.0
16.0,demand,0.2,70.0,0.0,0,optimal,True,19635989.390993215,1.9885850819771074,0.45397768616051937,23206295.62206097,2985745.0376323885,17421439.642665707,26716095.46740859,9294655.824742883,17421439.643483635,25693330.91175084,2984404.0419904278,8.656112472207013,1.1166410779333433,84.49313157354808,583.7634671875322,0.0
