vol_multiplier,shock_type,correlated,subsidy,deviation,run,termination_condition,feasible,objective,avg_h2_production,std_h2_production,avg_scenario_obj,std_scenario_obj,worst_scenario_obj,best_scenario_obj,obj_range,cvar_5pct,avg_revenue,std_revenue,avg_demand_met,min_demand_met,total_entry_booking,total_exit_booking,n_quality_deviations
1.0,demand,0.4,0.0,0.0,0,optimal,True,21401528.657111123,-1.3108753667627439e-11,1.0404750660764418e-10,21401528.657111123,1767199.4112264998,18629460.066639896,24658236.39134778,6028776.324707884,18661628.779652063,23880734.52853561,1767648.3814510049,4.9319981763193015,3.54778832166871,90.23638555844644,1262.8538230571419,0.0
2.0,demand,0.4,0.0,0.0,0,optimal,True,23129197.82860486,0.09818493150058441,0.3103223657205334,23129197.828604855,3488137.4575994294,17747293.12196296,29810556.695976976,12063263.574014015,17763956.12393867,25626004.751870357,3521320.8691024687,4.815480268305518,2.5989365477071344,84.67674239338078,1070.32438102036,0.0
4.0,demand,0.4,0.0,0.0,0,optimal,True,26632061.016012043,0.0,0.0,26632061.016012043,6903276.961212186,15643385.970199216,38782853.44725471,23139467.477055494,15643385.970199361,29106581.447662167,6906586.937821202,4.975988639887106,1.7489173648063372,80.08054110698875,660.8622637254248,0.0
8.0,demand,0.4,0.0,0.0,0,optimal,True,33169187.282095212,0.19730581505004974,0.5220221188493368,33169187.282095216,12589572.60474909,11813880.730006455,52942779.41452348,41128898.684517026,11813880.730006455,35683058.75673723,12651952.68625998,6.012504128004596,1.2848328689770596,81.34692401376753,581.40637293885,0.0
16.0,demand,0.4,0.0,0.0,0,optimal,True,44281332.391831115,0.4716642374064327,0.8339204547512182,47851639.06725927,23167292.713690743,6684041.403041907,77852045.21197489,71168003.80893299,6684041.403041907,50373160.97832015,23277496.821980845,8.465438237505522,1.1015049323437578,146.37360787726604,498.1007252107957,0.0
