vol_multiplier,shock_type,correlated,subsidy,deviation,run,termination_condition,feasible,objective,avg_h2_production,std_h2_production,avg_scenario_obj,std_scenario_obj,worst_scenario_obj,best_scenario_obj,obj_range,cvar_5pct,avg_revenue,std_revenue,avg_demand_met,min_demand_met,total_entry_booking,total_exit_booking,n_quality_deviations
1.0,demand,0.8,70.0,0.0,0,optimal,True,21201345.41568833,2.160491603264515,0.3411626628105609,21201345.41568833,2890294.0603419403,16641642.921937792,26244737.39182034,9603094.46988255,17068290.105448946,23691848.42892818,2890947.314649903,4.981227893616829,3.483629979973995,78.7397260273979,1093.6388563118135,0.0
2.0,demand,0.8,70.0,0.0,0,optimal,True,21296487.099414565,2.2158977634432366,0.23313251531928103,21296487.099414565,3147031.575173139,17008710.442141358,26628290.465506975,9619580.023365617,17008710.442141358,23787159.33578261,3148632.2242202675,4.867128098236017,2.6269069940359104,76.73972602739725,1001.8357030648594,0.0
4.0,demand,0.8,70.0,0.0,0,optimal,True,21362923.499769952,2.2379319571024485,0.2504203988973976,21362923.499769956,3605439.5052491077,16399229.705768488,27347444.497906145,10948214.792137656,16399229.70576849,23854176.5903802,3606585.558015066,5.041712562217173,1.7676955592675783,75.73972602739725,1354.883599733774,0.0
8.0,demand,0.8,70.0,0.0,0,optimal,True,21665895.264919966,2.1535076173366314,0.3299717498782234,21665895.264919966,4531068.379621566,15170597.525074422,28856886.816007785,13686289.290933363,15170597.52507443,24157396.91925502,4531925.656387101,6.089922225939588,1.2986142251881976,75.7397260273986,1321.4384804851536,0.0
16.0,demand,0.8,70.0,0.0,0,optimal,True,19023067.48594197,2.2076233504589635,0.26846364996113176,22593374.161371097,6712192.763782148,12653118.800256787,33372780.631901,20719661.831644215,12653118.800265461,25083045.30992648,6713497.56451826,8.66721650716904,1.1166410779329259,81.80496999521807,579.6559597288572,0.0
