vol_multiplier,shock_type,correlated,subsidy,deviation,run,termination_condition,feasible,objective,avg_h2_production,std_h2_production,avg_scenario_obj,std_scenario_obj,worst_scenario_obj,best_scenario_obj,obj_range,cvar_5pct,avg_revenue,std_revenue,avg_demand_met,min_demand_met,total_entry_booking,total_exit_booking,n_quality_deviations
1.0,demand,1.0,30.0,0.0,0,optimal,True,20296520.337748345,0.17671274401189915,0.30607545097352223,20296520.33774835,3446896.5163782462,15539949.468331115,25439469.127284873,9899519.658953758,15539949.468331115,22778427.49740968,3502135.620577527,4.844927439733892,3.5667084262999977,124.80213977347734,197.4860773206783,0.0
2.0,demand,1.0,30.0,0.0,0,optimal,True,20672986.955596857,0.46159370858597437,0.8000332686702357,20672986.955596853,6250017.4298461415,12493092.386391241,30497485.955766026,18004393.569374785,12493092.386391321,23197142.67612635,6340985.826402582,4.768307582598139,2.599073344780317,130.20255167870428,499.6261451793727,0.0
4.0,demand,1.0,30.0,0.0,0,optimal,True,21626926.143090267,0.3992131477720868,0.5498222398564379,21626926.143090263,12429157.703588825,5012134.920520717,41583728.53475633,36571593.61423562,5012134.920520718,24153621.75029904,12480494.40520076,5.002120068308201,1.7488798262305632,76.73972602739725,769.7791963778162,0.0
8.0,demand,1.0,30.0,0.0,0,optimal,True,24323566.687495504,0.4890345766292527,0.6733226934682565,24323566.687495507,23833775.775109068,-2029935.3697889643,64349352.21345199,66379287.583240956,-2029935.3697887019,26663962.872157045,24084817.187043533,5.844195382018699,1.0983863716331934,265.14228245476227,658.2470444423018,0.0
16.0,demand,1.0,30.0,0.0,0,optimal,True,30051805.564946685,0.38081268209675756,0.4949388628880764,33622112.24037582,42906616.20792664,-2395464.3254861357,109653449.68012325,112048914.0056094,-2395464.3254861357,35892334.31756407,43158421.886458956,8.223785013220416,1.0782553408031526,378.878211402667,533.1648148937546,0.0
