vol_multiplier,shock_type,correlated,subsidy,deviation,run,termination_condition,feasible,objective,avg_h2_production,std_h2_production,avg_scenario_obj,std_scenario_obj,worst_scenario_obj,best_scenario_obj,obj_range,cvar_5pct,avg_revenue,std_revenue,avg_demand_met,min_demand_met,total_entry_booking,total_exit_booking,n_quality_deviations
1.0,demand,0.6,70.0,0.0,2,optimal,True,21678683.561990645,2.0457086053057716,0.4109487326976211,21678683.561990645,1570099.806578442,20005597.167636424,23989542.332262672,3983945.164626248,20014346.96486422,24159693.178558365,1566226.561520325,5.629881286385393,4.628505534906277,87.76679777320506,1017.1777022279169,0.0
2.0,demand,0.6,70.0,0.0,2,optimal,True,21673160.768917095,2.2035174947870177,0.20757042281927385,21673160.76891709,1672204.1115736105,19964858.481641166,24195268.940757897,4230410.459116731,19964858.481641166,24156104.68315483,1669055.2226461007,6.132003328755042,4.10547432911355,75.73972602739725,1052.8933565930222,0.0
4.0,demand,0.6,70.0,0.0,2,optimal,True,21555748.43903369,2.0571558266226173,0.36050836450289586,21555748.439033687,2009189.502382853,19147044.273126036,24597605.271667775,5450560.998541739,19162497.663186014,24037248.28077057,2007205.4049041492,7.524342121276206,3.3193081269724356,77.73972602739725,1108.3252369561021,0.0
8.0,demand,0.6,70.0,0.0,2,optimal,True,21607428.0940098,2.0451805563971526,0.4647113150331229,21607428.0940098,2596156.7442829446,18317211.706608348,25624313.614514347,7307101.907906,18372769.451755967,24094928.07409375,2599212.5982427276,11.280435863512217,2.722976065343567,82.19073520395138,895.2960403532314,0.0
16.0,demand,0.6,70.0,0.0,2,optimal,True,22200161.440182786,2.1688009751924966,0.38534067371603825,22200161.440182786,3643041.496868519,17323977.211634047,27752290.78704923,10428313.575415183,17494569.08545761,24686300.544587716,3645393.5136392186,20.00726986726591,2.3801714189955847,83.19073520395189,899.9371017701734,0.0
