vol_multiplier,shock_type,correlated,subsidy,deviation,run,termination_condition,feasible,objective,avg_h2_production,std_h2_production,avg_scenario_obj,std_scenario_obj,worst_scenario_obj,best_scenario_obj,obj_range,cvar_5pct,avg_revenue,std_revenue,avg_demand_met,min_demand_met,total_entry_booking,total_exit_booking,n_quality_deviations
1.0,demand,0.2,45.0,0.0,3,optimal,True,20439851.83038033,1.7349113697604395,0.748538808108706,20439851.830380335,1076766.0106600928,18229940.50703931,21945079.671869583,3715139.164830275,18229940.507039547,23043818.418913245,1037795.8874379521,5.894262434645796,4.76716198759029,75.8418260778863,1130.627194700255,0.0
2.0,demand,0.2,45.0,0.0,3,optimal,True,20553927.272912916,1.641308817904247,0.8080493266533113,20553927.272912912,1027323.9248717908,18625913.047033343,21903511.008989777,3277597.961956434,18694039.155459512,23154030.482049298,1009065.5484824285,6.683266834106995,4.340659696604869,75.73972602739725,1146.6273682689211,0.0
4.0,demand,0.2,45.0,0.0,3,optimal,True,20741238.72809511,1.4676708920713155,0.8061556894730233,20741238.72809511,1193913.5329146734,18693967.214799926,22473289.956048753,3779322.7412488274,18693967.214800004,23325933.105161957,1215570.7707509703,8.700287907417842,3.8732876330769415,83.0912731976639,1160.0247438273038,0.0
8.0,demand,0.2,45.0,0.0,3,optimal,True,21373212.198003776,1.5458309529388345,0.8156094195078685,21373212.198003776,1403307.2349738926,19032741.317910552,24245582.924901668,5212841.606991116,19032741.317910556,23966106.08422883,1434035.8558441554,13.691406222231942,3.8719725887507095,75.73972602739725,678.9821641471275,0.0
16.0,demand,0.2,45.0,0.0,3,optimal,True,22352967.0537679,1.9286929766109202,0.48665484559629013,22352967.053767905,2285303.2855279935,19466872.668534838,27791971.980650462,8325099.312115625,19466872.668534845,24968064.273376048,2302150.691057354,24.512114786369537,4.048334337551243,82.04624007606631,965.2719880449605,0.0
