vol_multiplier,shock_type,correlated,subsidy,deviation,run,termination_condition,feasible,objective,avg_h2_production,std_h2_production,avg_scenario_obj,std_scenario_obj,worst_scenario_obj,best_scenario_obj,obj_range,cvar_5pct,avg_revenue,std_revenue,avg_demand_met,min_demand_met,total_entry_booking,total_exit_booking,n_quality_deviations
1.0,demand,0.2,0.0,0.0,1,optimal,True,21557444.618460953,0.0,0.0,21557444.618460953,460189.8700377381,21081060.46604327,22749010.184108723,1667949.7180654518,21086040.641274773,24037141.980687432,453161.85220038774,5.33097191931089,4.5171584940386795,74.73972602739725,979.6689010123995,0.0
2.0,demand,0.2,0.0,0.0,1,optimal,True,21592330.928020105,0.0,0.0,21592330.928020105,486169.16619286704,21043425.115090564,22645528.097386893,1602102.982296329,21108360.805940036,24071593.099075526,480036.3089841416,5.636504828799126,3.908590568732968,74.73972602739725,702.33214648387,0.0
4.0,demand,0.2,0.0,0.0,1,optimal,True,21620807.82232638,0.0,0.0,21620807.822326377,461274.5624600764,20999775.04838155,22478403.1840256,1478628.1356440522,21057303.528385874,24099887.94918125,454764.97667605354,6.771948714297428,3.2472911457324867,89.27982662283486,952.3155461611149,0.0
8.0,demand,0.2,0.0,0.0,1,optimal,True,21824522.72859464,0.08000000000000144,0.2116601048851711,21824522.72859464,614066.9936974313,20303410.837571237,22537423.530948885,2234012.6933776475,20452332.148276612,24316758.038758084,618070.4251296908,10.003452689744012,2.9178914657965977,84.53997590357258,941.5167670605952,0.0
16.0,demand,0.2,0.0,0.0,1,optimal,True,22662266.58806512,0.0029649791328343507,0.023533792283926904,22662266.58806512,1057705.3881444097,20109776.9470911,23858858.44039206,3749081.4933009595,20173399.676139757,25135147.31289827,1051530.8690167419,16.927873210728734,3.011884799421768,106.28731045339288,831.2629988991494,0.0
