vol_multiplier,shock_type,correlated,subsidy,deviation,run,termination_condition,feasible,objective,avg_h2_production,std_h2_production,avg_scenario_obj,std_scenario_obj,worst_scenario_obj,best_scenario_obj,obj_range,cvar_5pct,avg_revenue,std_revenue,avg_demand_met,min_demand_met,total_entry_booking,total_exit_booking,n_quality_deviations
1.0,demand,0.4,70.0,0.0,3,optimal,True,20196686.69910273,1.7271206305376219,0.6697589596584669,20196686.69910273,1559611.3720233005,17293316.14533342,22129177.0854646,4835860.94013118,17343117.804775357,22673254.743603915,1554349.6894784484,5.848879091014272,4.63765213747418,118.86497562095771,827.975123725548,0.0
2.0,demand,0.4,70.0,0.0,3,optimal,True,20353893.738212287,1.8023918795252438,0.6576654555381267,20353893.73821229,1643016.337092207,17184314.656449623,22460117.23198633,5275802.575536706,17427533.414040904,22832434.84879096,1647273.773612927,6.656391797219333,4.343502418871465,80.73891049601527,1230.6004851555583,0.0
4.0,demand,0.4,70.0,0.0,3,optimal,True,20621859.753427777,1.9212948232223628,0.5034685185854938,20621859.753427777,1879751.3392557302,18020426.87737414,23445356.048837237,5424929.171463098,18025556.21939777,23099680.727249652,1883107.6693941655,8.6701582866461,3.9230307599278333,122.51190511027178,1000.0645535590893,0.0
8.0,demand,0.4,70.0,0.0,3,optimal,True,21170172.131088875,2.0536633177710537,0.431407298519493,21170172.131088875,2260054.850971552,18288567.629968412,25417124.232672766,7128556.602704354,18310453.265317313,23653044.907541454,2255459.3777049147,13.644328891140379,3.8847869999209874,89.97563799109787,757.0208179776349,0.0
16.0,demand,0.4,70.0,0.0,3,optimal,True,21965119.773272686,2.142774728126339,0.39474388584311004,21965119.773272682,3663030.163001077,15545346.878590021,29362519.957889363,13817173.079299342,16484048.712046066,24450680.540309906,3659102.7898294493,24.611166432151556,4.048334337551246,85.01113339822858,1562.9919489744832,0.0
