vol_multiplier,shock_type,correlated,subsidy,deviation,run,termination_condition,feasible,objective,avg_h2_production,std_h2_production,avg_scenario_obj,std_scenario_obj,worst_scenario_obj,best_scenario_obj,obj_range,cvar_5pct,avg_revenue,std_revenue,avg_demand_met,min_demand_met,total_entry_booking,total_exit_booking,n_quality_deviations
1.0,demand,0.0,30.0,0.0,3,optimal,True,21389968.77129853,0.5613026669935405,0.9905461669056591,21389968.77129853,945847.2496756058,18826936.61910766,23024813.090231735,4197876.471124075,19341927.95907208,23932699.75585235,1013807.378229469,5.849077923711242,4.767161987590897,92.25437712823624,1087.7868217139353,0.0
2.0,demand,0.0,30.0,0.0,3,optimal,True,22972160.68774383,0.8314901611909487,1.0081890715121555,22972160.687743828,1813350.8201421986,18800114.12563479,25937116.957314715,7137002.831679925,18892077.113721434,25543784.21242956,1884364.3596324935,6.615665162705146,4.3343794344033295,135.8675810400568,1028.1818547580376,0.0
4.0,demand,0.0,30.0,0.0,3,optimal,True,26232116.18287644,0.9097032718120063,1.015483712345296,26281504.80366032,3508136.6668983153,19503295.05700222,32180779.969983384,12677484.912981164,19605884.13490921,28860398.85624911,3590739.9429497193,8.605253278132063,3.920856406032239,100.78840796122238,1169.6018225369162,0.0
8.0,demand,0.0,30.0,0.0,3,optimal,True,33478981.607118506,1.3125371001888217,0.9510650513765335,33478981.60711851,7282713.527248784,18311583.206871048,44387088.50035746,26075505.29348641,19163585.726613645,36102623.11088516,7289938.985977416,13.523256033803229,3.9011000896934984,90.35991800399155,825.6473625966215,0.0
16.0,demand,0.0,30.0,0.0,3,optimal,True,49715044.60911579,1.2657882093497155,1.038507497347772,49715044.60911579,13599310.572121711,23438109.077979688,69076650.71307242,45638541.635092735,23565957.79845609,52297240.26648718,13580294.943692325,23.349510162938945,3.8032156949996923,178.89231929379508,919.1534892333341,0.0
