vol_multiplier,shock_type,correlated,subsidy,deviation,run,termination_condition,feasible,objective,avg_h2_production,std_h2_production,avg_scenario_obj,std_scenario_obj,worst_scenario_obj,best_scenario_obj,obj_range,cvar_5pct,avg_revenue,std_revenue,avg_demand_met,min_demand_met,total_entry_booking,total_exit_booking,n_quality_deviations
1.0,demand,0.6,45.0,0.0,0,optimal,True,21121998.16804193,1.982214302022213,0.630850715025461,21121998.168041933,2358640.240367488,17651369.824311692,25678054.589648165,8026684.765336473,17651369.824311793,23747879.397190742,2367546.81144643,4.972804159421685,3.5787030709209064,86.09256085769351,2073.846954234492,0.0
2.0,demand,0.6,45.0,0.0,0,optimal,True,21302085.287757717,1.7057597893305938,0.8433897112318953,21302085.287757713,2586543.1452730442,17773231.35507466,25947795.76797265,8174564.412897989,17773231.355074916,23905644.413449153,2569524.9882620773,4.8383349721145485,2.6269069940357146,76.73972602739725,1420.519425079793,0.0
4.0,demand,0.6,45.0,0.0,0,optimal,True,21579639.311152827,2.0525330459822433,0.5374021297308774,21579639.311152823,2936018.579783422,17242229.74823309,26430825.736201737,9188595.987968646,17242229.7482331,24212674.43962495,2937936.727958691,5.036163139339854,1.7676955592675654,77.89218706189365,1154.4446270087371,0.0
8.0,demand,0.6,45.0,0.0,0,optimal,True,21926866.703246072,1.8116112961496762,0.7365320451453343,21926866.703246072,3673655.286130182,16170492.144517433,27336827.762132283,11166335.61761485,16170492.14451745,24542209.77500955,3669685.6998179974,6.0800514450887935,1.2986142251881942,75.73972602739725,1114.7687232594078,0.0
16.0,demand,0.6,45.0,0.0,0,optimal,True,19260928.794771876,1.534130253109552,0.7335009608535918,22831235.470201004,5440072.443436706,13969832.738012722,31314139.369979333,17344306.631966613,13969832.738012724,25424050.79194188,5455015.638197912,8.647608091093229,1.1142174160930833,78.44070560099868,677.789462552509,0.0
