vol_multiplier,shock_type,correlated,subsidy,deviation,run,termination_condition,feasible,objective,avg_h2_production,std_h2_production,avg_scenario_obj,std_scenario_obj,worst_scenario_obj,best_scenario_obj,obj_range,cvar_5pct,avg_revenue,std_revenue,avg_demand_met,min_demand_met,total_entry_booking,total_exit_booking,n_quality_deviations
1.0,demand,0.2,30.0,0.0,3,optimal,True,20412644.47604294,0.0,0.0,20412644.47604294,999421.4171715132,17945387.67453151,21903754.13807306,3958366.4635415524,18135695.86955261,22887539.70389833,995056.1779865349,5.845977531527748,4.716581499010075,78.73416970980465,1210.964150078921,0.0
2.0,demand,0.2,30.0,0.0,3,optimal,True,20536239.268794216,0.0,0.0,20536239.268794216,985442.9439678098,18584566.79062921,21854619.772091914,3270052.981462702,18603590.181029294,23013087.243566822,979924.8206002713,6.624296985893928,4.297439525860707,74.73972602739725,1262.6501521486819,0.0
4.0,demand,0.2,30.0,0.0,3,optimal,True,20784909.719520092,0.0,0.0,20784909.719520092,1077248.394966686,18688982.57443814,22374806.112097505,3685823.5376593657,18688982.57443816,23264483.392367914,1072219.9346415512,8.643296266133378,3.8686151388840804,77.41549961253058,867.9722312108478,0.0
8.0,demand,0.2,30.0,0.0,3,optimal,True,21200527.79535375,0.3096575342465757,0.7930128083014995,21200527.79535375,1438599.5584371416,19015151.684389003,24145614.01873921,5130462.334350206,19019036.866867967,23710736.836302094,1507857.6485298788,13.584070121378112,3.8599311474392004,76.73972602739725,1202.9553118953343,0.0
16.0,demand,0.2,30.0,0.0,3,optimal,True,22232498.029573742,0.33534636317332916,0.8050204878218536,22232498.029573746,2305372.223186981,19452479.133029044,27691659.332877256,8239180.199848212,19452479.133029044,24748207.821657084,2382508.9565212918,24.376536534015887,4.012122842592044,79.73455998712576,911.5213778906922,0.0
