vol_multiplier,shock_type,correlated,subsidy,deviation,run,termination_condition,feasible,objective,avg_h2_production,std_h2_production,avg_scenario_obj,std_scenario_obj,worst_scenario_obj,best_scenario_obj,obj_range,cvar_5pct,avg_revenue,std_revenue,avg_demand_met,min_demand_met,total_entry_booking,total_exit_booking,n_quality_deviations
1.0,demand,0.6,30.0,0.0,2,optimal,True,21526149.163685344,1.5959455978986625e-16,5.635048354547151e-16,21526149.163685348,1574099.743449336,19671342.113174114,23768912.52710431,4097570.4139301963,19738884.109307222,23998227.891041093,1574454.5597430519,5.5820254764719,4.638119522634113,75.48488792449405,1010.9032595788548,0.0
2.0,demand,0.6,30.0,0.0,2,optimal,True,21427020.464525808,0.007088568277750731,0.056263766443285665,21427020.464525808,1664322.377460575,19667112.09032297,23971331.744917855,4304219.654594883,19702937.51164569,23902168.269961014,1664021.7644810856,6.067373227272224,4.006870482229561,91.51105442776742,1006.2612071100813,0.0
4.0,demand,0.6,30.0,0.0,2,optimal,True,21383627.78068126,0.029533176661543786,0.13635164553787438,21383627.78068126,1969176.797807559,19060313.525295924,24405643.911449883,5345330.386153959,19060313.525295947,23861563.90680772,1971309.4052434987,7.4579568847921545,3.328137628191349,75.73972602739725,962.6539097265514,0.0
8.0,demand,0.6,30.0,0.0,2,optimal,True,21441755.10502385,0.3420178026446331,0.769465832425417,21441755.105023853,2561495.533920745,18194849.55421984,25374764.778001305,7179915.2237814665,18194849.554219846,23959242.39737148,2596773.7494306727,11.192358019739649,2.7031034645201095,76.73972602739725,838.3824754819597,0.0
16.0,demand,0.6,30.0,0.0,2,optimal,True,21761171.90391694,0.267379479635825,0.7322896638572418,21761171.90391694,3760712.041550732,14196267.822762027,27490252.105882827,13293984.2831208,15958699.934242839,24257369.530143134,3816485.172446454,19.81873690121732,2.0566091715432133,76.73972602739725,1061.9825897698202,0.0
