vol_multiplier,shock_type,correlated,subsidy,deviation,run,termination_condition,feasible,objective,avg_h2_production,std_h2_production,avg_scenario_obj,std_scenario_obj,worst_scenario_obj,best_scenario_obj,obj_range,cvar_5pct,avg_revenue,std_revenue,avg_demand_met,min_demand_met,total_entry_booking,total_exit_booking,n_quality_deviations
1.0,demand,0.0,45.0,0.0,3,optimal,True,21448141.077766255,1.950187419730193,0.4829455535490097,21448141.078017987,946980.621237585,19645718.23176256,23073211.87984963,3427493.648087073,19700566.600595642,24070039.403435975,960032.7309831379,5.89126918407599,4.767161987584827,84.5414846659082,1022.6418242383394,0.0
2.0,demand,0.0,45.0,0.0,3,optimal,True,21403045.89163737,1.9448027020780962,0.5458977120049974,21403045.89163737,1083950.7615231555,18868501.96669509,23476295.452246737,4607793.485551648,19207856.189193998,24025144.318350777,1086802.9067060333,6.68606187244937,4.334379434403335,79.77510069828347,1402.9455866774822,0.0
4.0,demand,0.0,45.0,0.0,3,optimal,True,21253256.327509835,2.0017527970485443,0.557010003642645,21352033.569077767,1294545.7219054908,18716644.062787827,24146670.275389712,5430026.212601885,18912528.90314572,23980423.829121336,1301729.1453412273,8.716070739710014,3.9208564060322324,85.59162463908949,2322.169711313636,0.0
8.0,demand,0.0,45.0,0.0,3,optimal,True,21719461.557751805,1.860853075687948,0.7611650888262286,21719461.557751805,1608247.9566998128,18293006.285843093,25881438.51093261,7588432.2250895165,18723669.53399544,24339901.3254003,1615947.7028665089,13.662847688127306,3.89307882217537,84.56997572856204,3026.216944604327,0.0
16.0,demand,0.0,45.0,0.0,3,optimal,True,22533674.388960965,1.8588552353864296,0.7876343388356135,22533674.388960965,2476514.5954542067,17447659.885044094,29276496.3774909,11828836.492446806,17927550.557158094,25153574.07163029,2483348.4515827214,24.455776732043738,4.005825146443335,132.5988225118992,3415.7424761780753,0.0
