vol_multiplier,shock_type,correlated,subsidy,deviation,run,termination_condition,feasible,objective,avg_h2_production,std_h2_production,avg_scenario_obj,std_scenario_obj,worst_scenario_obj,best_scenario_obj,obj_range,cvar_5pct,avg_revenue,std_revenue,avg_demand_met,min_demand_met,total_entry_booking,total_exit_booking,n_quality_deviations
1.0,demand,1.0,0.0,0.0,0,optimal,True,20295588.725073785,0.0,0.0,20295588.725073785,3445516.124931098,15539949.468331115,25435635.21929545,9895685.750964334,15539949.468331115,22757161.28800872,3470692.487175847,4.840898053086031,3.5667084262999977,123.80213977347736,196.07237536858403,0.0
2.0,demand,1.0,0.0,0.0,0,optimal,True,20625958.52878217,0.08288441336743932,0.21929154533372203,20625958.528782174,6242544.917521879,12492539.714091446,30409729.987333506,17917190.27324206,12492539.714091495,23109881.838251628,6275874.235826026,4.750339388370042,2.5990733447803644,119.55220499906795,431.11638505754917,0.0
4.0,demand,1.0,0.0,0.0,0,optimal,True,21613696.713959627,0.0,0.0,21613696.713959627,12427799.604657426,5012405.050863002,41643641.92398994,36631236.87312693,5012405.050863002,24093292.651671052,12417953.600868875,4.991520398415711,1.7489727655129579,76.73972602739764,893.1711317407435,0.0
8.0,demand,1.0,0.0,0.0,0,optimal,True,24296548.670019954,0.2570102054241564,0.44690786448244724,24296548.670019954,23793039.87509978,-2109531.6934599006,64270056.62475315,66379588.318213046,-2044400.9748010344,26626648.211580686,24077877.222024474,5.83668493597565,1.1173247404844582,206.03830417753258,606.8865176506929,0.0
16.0,demand,1.0,0.0,0.0,0,optimal,True,30004209.196508408,0.2452870026175316,0.4262027709337217,33574515.87057109,42854315.358903974,-2433943.4999788725,109577279.84095791,112011223.34093678,-2408292.4781504977,35849236.97221544,43136986.45137238,8.214593846739255,1.0782553408031526,401.55647873808795,580.3920281867347,0.0
