vol_multiplier,shock_type,correlated,subsidy,deviation,run,termination_condition,feasible,objective,avg_h2_production,std_h2_production,avg_scenario_obj,std_scenario_obj,worst_scenario_obj,best_scenario_obj,obj_range,cvar_5pct,avg_revenue,std_revenue,avg_demand_met,min_demand_met,total_entry_booking,total_exit_booking,n_quality_deviations
1.0,demand,1.0,0.0,0.0,0,optimal,True,20295588.725073785,0.0,0.0,20295588.725073785,3445516.124931098,15539949.468331115,25435635.21929545,9895685.750964334,15539949.468331115,22757161.28800872,3470692.487175847,4.840898053086031,3.5667084262999977,123.80213977347736,196.07237536858403,0.0
2.0,demand,1.0,0.0,0.0,0,optimal,True,20395410.5800517,0.0,0.0,20395410.5800517,3581909.135090874,15947971.222083474,25959161.792566404,10011190.57048293,15947971.222083509,22861427.4572142,3594705.0325440206,4.747560108874817,2.5990675376120285,118.55220499906791,186.28596353974146,0.0
4.0,demand,1.0,0.0,0.0,0,optimal,True,20724833.15483717,0.0,0.0,20724833.154837165,4017537.5956293955,15313578.533810139,27008217.074782126,11694638.540971987,15313578.533810183,23206067.241299093,4017131.4394662282,4.991413442692123,1.7489694486452774,80.73972602739725,282.16464233365224,0.0
8.0,demand,1.0,0.0,0.0,0,optimal,True,20854747.655877262,0.0,0.0,20854747.655877262,5255992.551697298,14017859.079145504,29098764.142657608,15080905.063512104,14017859.079145513,23334211.892479636,5259723.362020209,6.016115572752398,1.284794583328839,96.6813472251834,292.20035672707513,0.0
16.0,demand,1.0,0.0,0.0,0,optimal,True,17725164.185713846,-1.9810192674286165e-10,3.7219574558853925e-10,21295470.86114297,7550940.714193738,11513587.270330813,33284701.562824693,21771114.29249388,11513587.27033093,23778304.319433834,7552811.347610083,8.593789694068715,1.1074168006097855,76.50713598997616,334.5989452258638,0.0
