vol_multiplier,shock_type,correlated,subsidy,deviation,run,termination_condition,feasible,objective,avg_h2_production,std_h2_production,avg_scenario_obj,std_scenario_obj,worst_scenario_obj,best_scenario_obj,obj_range,cvar_5pct,avg_revenue,std_revenue,avg_demand_met,min_demand_met,total_entry_booking,total_exit_booking,n_quality_deviations
1.0,demand,0.8,70.0,0.0,1,optimal,True,21690846.896504063,2.174819166576154,0.2826999290850842,21690846.89650406,1480911.7956635389,19476230.21264911,24032709.22490499,4556479.012255881,19478127.19631103,24181574.212752968,1471641.8048105016,5.382409853478373,4.565645828787015,75.73972602739772,1150.6462178777406,0.0
2.0,demand,0.8,70.0,0.0,1,optimal,True,23040220.47973236,2.2355366569256594,0.2199575921178703,23040220.479732357,3023865.2452532994,18715946.136699732,27993580.855517033,9277634.718817301,18715946.136699807,25529622.08329802,3018738.1838401705,5.690805487172851,3.950883371422079,75.73972602739725,1301.5764315926826,0.0
4.0,demand,0.8,70.0,0.0,1,optimal,True,26062538.02117495,2.064177314491482,0.36927537786156395,26062538.021174952,5867811.1628479175,17664096.892813317,35953210.49261732,18289113.599804,17742535.73694764,28552780.104367167,5859902.150712521,6.834593631794838,3.2785025387718805,86.61912043413382,1404.1118980164485,0.0
8.0,demand,0.8,70.0,0.0,1,optimal,True,32181103.127989106,1.8107056789767308,0.8794097006113867,32413639.07362697,11250754.500158107,16915274.25092748,51068443.97565279,34153169.724725306,16915274.25092748,34887465.92387596,11253871.966920624,9.849502040917702,2.947482108468888,122.83224346781476,822.4335073665727,0.0
16.0,demand,0.8,70.0,0.0,1,optimal,True,45770087.950972356,1.841708239410055,0.7983480639507147,45770087.950972356,21921689.286949,16516455.363543028,82593103.18464674,66076647.821103714,16516455.363543028,48238750.00315361,21938808.05277263,16.432012520928115,3.0415584039877683,123.07488545079646,714.2803952945044,0.0
