vol_multiplier,shock_type,correlated,subsidy,deviation,run,termination_condition,feasible,objective,avg_h2_production,std_h2_production,avg_scenario_obj,std_scenario_obj,worst_scenario_obj,best_scenario_obj,obj_range,cvar_5pct,avg_revenue,std_revenue,avg_demand_met,min_demand_met,total_entry_booking,total_exit_booking,n_quality_deviations
1.0,demand,0.0,30.0,0.0,1,optimal,True,21269476.64635413,0.006190427022901398,0.034466838968810344,21269476.64635413,682404.9662445656,20223313.555448376,22823521.03515463,2600207.479706254,20240345.20421837,23749169.337625846,679467.0249322733,5.315531388540886,4.494468361848064,122.15300398940265,1242.8088109370292,0.0
2.0,demand,0.0,30.0,0.0,1,optimal,True,21310698.48322015,-2.987951341524283e-11,1.6636208997996554e-10,21310698.48322015,712461.961288223,20148742.285114106,22811576.35091639,2662834.0658022836,20186087.501516473,23795927.508170713,710805.8049204354,5.636230179417215,3.9086715682030744,73.23383540799266,1799.345785564099,0.0
4.0,demand,0.0,30.0,0.0,1,optimal,True,21270104.758764073,0.04590379497444236,0.29825092702812817,21270104.758764073,866521.0571312058,18764091.85149744,23247074.32997686,4482982.478479419,19575470.909480963,23755866.675129093,876625.9684934025,6.756770126786158,3.245820047422247,107.57148710712634,2654.20256261029,0.0
8.0,demand,0.0,30.0,0.0,1,optimal,True,21840840.24486957,0.3067420722201298,0.7348849954767509,21840840.24486957,1212692.7706226965,19359501.757194348,24277553.947285544,4918052.190091196,19781271.207500715,24362476.6123593,1243764.7891381865,10.01128719610884,2.917723243856981,75.22251551760034,3045.874930374241,0.0
16.0,demand,0.0,30.0,0.0,1,optimal,True,22645661.910050053,0.5260709724742759,0.9155258013973041,22645661.910050053,2021653.46488303,18604382.970225994,27703162.653603952,9098779.683377959,19041405.37092414,25182478.605211727,2079702.7048152562,17.246853858199977,3.011843587089938,88.919845908431,3334.5856733764767,0.0
