vol_multiplier,shock_type,correlated,subsidy,deviation,run,termination_condition,feasible,objective,avg_h2_production,std_h2_production,avg_scenario_obj,std_scenario_obj,worst_scenario_obj,best_scenario_obj,obj_range,cvar_5pct,avg_revenue,std_revenue,avg_demand_met,min_demand_met,total_entry_booking,total_exit_booking,n_quality_deviations
1.0,demand,1.0,45.0,0.0,0,optimal,True,20471212.063018348,1.1281243794234281,0.6225021718013487,20471212.063018348,3289333.9573947303,15514087.87617055,25493323.382331565,9979235.506161015,16014057.697249597,23027261.70760037,3322380.7074591513,4.914370835570787,3.577983644312504,96.51774095753775,202.87582741627966,0.0
2.0,demand,1.0,45.0,0.0,0,optimal,True,20869777.280153073,1.36717066723614,0.7937095604273199,20869777.280153073,6160499.794445764,12493855.431892661,30547132.58299623,18053277.15110357,12493855.431892768,23452879.9487556,6195734.385440908,4.843297424858109,2.5990733447803196,80.73972602739724,651.3901235015417,0.0
4.0,demand,1.0,45.0,0.0,0,optimal,True,21635649.004595246,1.0308034125832464,0.7365988499366548,21635649.004595246,12421684.556796812,5012409.7522050105,41640992.44470181,36628582.69249681,5012409.752205017,24192928.471246496,12445581.423088025,5.01646232787209,1.7489394130605471,76.73972602739772,819.5111878131622,0.0
8.0,demand,1.0,45.0,0.0,0,optimal,True,24260206.834593717,0.6690370500235503,0.7141003663335835,24260206.83459372,23709942.673624948,-2029807.0576641662,64385912.34237447,66415719.40003863,-2029807.057663991,26589438.104414254,23941713.124189697,5.843447462723072,1.0983863716331934,237.58457759350588,688.1721445795883,0.0
16.0,demand,1.0,45.0,0.0,0,optimal,True,30083342.685901932,0.3740648369756526,0.48429242065814465,33653649.361325994,42948767.69975511,-2395464.325486331,109691533.27883561,112086997.60432194,-2395464.325485976,35907251.74791379,43181578.987223566,8.223736433927085,1.0782553408031528,380.6203138896284,494.0022615525512,0.0
