vol_multiplier,shock_type,correlated,subsidy,deviation,run,termination_condition,feasible,objective,avg_h2_production,std_h2_production,avg_scenario_obj,std_scenario_obj,worst_scenario_obj,best_scenario_obj,obj_range,cvar_5pct,avg_revenue,std_revenue,avg_demand_met,min_demand_met,total_entry_booking,total_exit_booking,n_quality_deviations
1.0,demand,1.0,45.0,0.0,3,optimal,True,19730824.505733974,1.3341770481013877,0.6971261108077033,19730824.505733974,3034512.5073411763,14667453.224387398,23954750.509322874,9287297.284935476,14667453.224387676,22302764.84959726,3059651.062587092,5.834772819233348,4.747815103802524,139.39612061921542,737.1303309477918,0.0
2.0,demand,1.0,45.0,0.0,3,optimal,True,19968611.16255205,1.5314360639245028,0.5402292544721714,19968611.16255205,3381268.8146783574,14275331.323984055,24308168.691785324,10032837.36780127,14275331.329825593,22560302.161224034,3407835.2827455285,6.677821466563275,4.343463998376028,75.73972602739725,113.69511849289427,0.0
4.0,demand,1.0,45.0,0.0,3,optimal,True,19885534.86283218,1.2874250223400723,0.8025387162184217,19885534.86283218,3851304.38961792,13484561.81829715,25005657.130632963,11521095.312335813,13484561.818298265,22460495.117418356,3889416.291111215,8.686769020006214,3.925884879354216,106.11512855349858,465.2927927001673,0.0
8.0,demand,1.0,45.0,0.0,3,optimal,True,19896833.226025663,1.3771475511741755,0.9423824547178185,19896833.22602566,4865670.640407306,11906696.136995984,26405058.539205942,14498362.402209958,11906696.136996007,22481819.135148358,4914896.591096439,13.655328477291768,3.884166207991221,96.95080625483111,502.15431570306185,0.0
16.0,demand,1.0,45.0,0.0,3,optimal,True,19810115.686296053,1.2672868902803742,0.9235481315159231,19810115.68629605,6865213.171620908,8751365.86408664,29179389.12753593,20428023.263449293,8751365.864086686,22386344.82710811,6922062.0812981315,24.480060746654686,4.05508370196619,86.73972602739725,588.3247233307852,0.0
