vol_multiplier,shock_type,correlated,subsidy,deviation,run,termination_condition,feasible,objective,avg_h2_production,std_h2_production,avg_scenario_obj,std_scenario_obj,worst_scenario_obj,best_scenario_obj,obj_range,cvar_5pct,avg_revenue,std_revenue,avg_demand_met,min_demand_met,total_entry_booking,total_exit_booking,n_quality_deviations
1.0,demand,0.2,0.0,0.0,3,optimal,True,20496820.565946408,0.0,0.0,20496820.565946408,974173.6824504599,18548081.532502487,21874988.32081658,3326906.788314093,18752771.6481652,22972578.24094923,970808.2615723622,5.848791320453808,4.587071648893335,74.73972602739725,769.6675733922316,0.0
2.0,demand,0.2,0.0,0.0,3,optimal,True,20473179.877511222,0.0,0.0,20473179.877511222,1018935.7452876632,18278973.414699182,21810805.273938444,3531831.8592392616,18398927.889151286,22951629.832053922,1015116.1248209978,6.6312761138594905,4.169801873030248,76.03331597788197,1544.0106490468652,0.0
4.0,demand,0.2,0.0,0.0,3,optimal,True,20769060.820804663,0.0,0.0,20769060.820804663,1078345.3610580063,18407683.77337425,22374806.11209757,3967122.3387233205,18593918.006028246,23248329.346780106,1072994.723468531,8.637808541327987,3.8686151388840844,82.70390212851936,902.4726639611472,0.0
8.0,demand,0.2,0.0,0.0,3,optimal,True,21324210.151486915,0.0,0.0,21324210.151486915,1367302.8072490653,19021026.588260915,24125255.91906929,5104229.330808375,19021026.588260915,23802915.519766815,1361290.4626406487,13.58436678157696,3.859988237266376,73.73972602739725,691.5447099506825,0.0
16.0,demand,0.2,0.0,0.0,3,optimal,True,22178954.02957783,0.0,0.0,22178954.02957783,2322942.1563079106,19452380.525156923,27627304.252787806,8174923.727630883,19452380.525156993,24654001.71622924,2318533.9108262905,24.345327526795497,4.012122842592044,77.59022683276078,906.9035356024009,0.0
