vol_multiplier,shock_type,correlated,subsidy,deviation,run,termination_condition,feasible,objective,avg_h2_production,std_h2_production,avg_scenario_obj,std_scenario_obj,worst_scenario_obj,best_scenario_obj,obj_range,cvar_5pct,avg_revenue,std_revenue,avg_demand_met,min_demand_met,total_entry_booking,total_exit_booking,n_quality_deviations
1.0,demand,1.0,30.0,0.0,2,optimal,True,20514951.856725942,0.013525900021931572,0.05238558552740751,20514951.856725942,2203788.9206771483,17562884.829682685,23587340.618821777,6024455.789139092,17562884.829684492,22993303.968042597,2204531.3874599086,5.563215524229767,4.517309222288133,123.05063664577153,258.7963884187151,0.0
2.0,demand,1.0,30.0,0.0,2,optimal,True,20786063.83644429,0.2092596904805046,0.4735324107067048,20786063.83644429,4197355.0446972335,14989579.92011477,26540567.898418285,11550987.978303514,14989579.92011477,23289700.553052716,4230846.541732321,6.075582488696945,4.040714648894627,79.82995062074822,212.93663144146427,0.0
4.0,demand,1.0,30.0,0.0,2,optimal,True,21249702.95070076,0.5168046849049084,0.7268589296303464,21249702.95171438,8448105.962572431,9849836.762149602,33281350.03011367,23431513.26796407,9849836.762149902,23787084.56296666,8516678.883560542,7.461632000931337,3.266540452391911,93.65078528644341,840.6483347078135,0.0
8.0,demand,1.0,30.0,0.0,2,optimal,True,23048439.596060436,0.33403589263624767,0.43919731192233435,23048439.596060432,17250910.121343903,418189.51794330205,47629893.336637706,47211703.818694405,418189.51794338465,25424922.825004317,17475429.99436308,10.765040121290548,2.7029052877039326,209.41988872187042,695.7775733023313,0.0
16.0,demand,1.0,30.0,0.0,2,optimal,True,30363117.73666415,0.6318538857433429,0.7474114334101801,30363117.736664146,30901767.165997874,-379807.35952236527,76294555.24107866,76674362.60060103,-379807.3595222635,32175096.18362283,31684881.361938506,16.880324230683435,1.0759655390222587,393.3383765611141,407.16184794171767,0.0
