vol_multiplier,shock_type,correlated,subsidy,deviation,run,termination_condition,feasible,objective,avg_h2_production,std_h2_production,avg_scenario_obj,std_scenario_obj,worst_scenario_obj,best_scenario_obj,obj_range,cvar_5pct,avg_revenue,std_revenue,avg_demand_met,min_demand_met,total_entry_booking,total_exit_booking,n_quality_deviations
1.0,demand,0.0,30.0,0.0,2,optimal,True,20688646.984168813,0.0476810403844577,0.2974864195438039,20688646.984168813,736915.7562256731,19381206.625102915,22042735.853177417,2661529.228074502,19440315.55489816,23162660.75235731,754802.5257601123,5.519106987221894,4.209608866296488,170.59512928068034,1393.9683918097014,0.0
2.0,demand,0.0,30.0,0.0,2,optimal,True,22305473.22238501,1.2398627916843012,1.1593110733736423,22305473.22238501,1418828.6948442175,19365241.06086109,24710723.79551036,5345482.734649271,19454787.657408133,24925869.911997117,1512947.848527036,6.102909335829567,4.045422757421511,81.05559167659456,1263.536140962567,0.0
4.0,demand,0.0,30.0,0.0,2,optimal,True,24934122.89443837,1.4374875265031108,1.043905520837157,24934122.89443837,2738432.3918400896,19665335.152457032,29948372.69379703,10283037.541339997,19724374.539223194,27571278.242705546,2826090.8614689494,7.3947525162164,3.2695047994018327,109.28938608274927,1229.4648408613793,0.0
8.0,demand,0.0,30.0,0.0,2,optimal,True,31368289.591815587,1.7183398617996137,0.9148528879158939,31368289.591815587,5897732.377983661,20857054.97098467,40501351.46676159,19644296.495776918,20969328.773612704,34032506.51861193,5937617.355338395,11.044265570406548,2.700911207679176,103.49274941115763,1195.7457813981443,0.0
16.0,demand,0.0,30.0,0.0,2,optimal,True,45256459.040082276,1.7604380074482064,0.8661859417824992,45256459.040082276,12089828.87737479,24255074.514126975,62568450.687016994,38313376.17289002,24425174.431732636,47923870.4691599,12131661.354098184,19.43288732550228,2.37790107575782,113.70656819578869,1123.2672651121316,0.0
