vol_multiplier,shock_type,correlated,subsidy,deviation,run,termination_condition,feasible,objective,avg_h2_production,std_h2_production,avg_scenario_obj,std_scenario_obj,worst_scenario_obj,best_scenario_obj,obj_range,cvar_5pct,avg_revenue,std_revenue,avg_demand_met,min_demand_met,total_entry_booking,total_exit_booking,n_quality_deviations
1.0,demand,0.6,45.0,0.0,0,optimal,True,21121998.16804193,1.982214302022213,0.630850715025461,21121998.168041933,2358640.240367488,17651369.824311692,25678054.589648165,8026684.765336473,17651369.824311793,23747879.397190742,2367546.81144643,4.972804159421685,3.5787030709209064,86.09256085769351,2073.846954234492,0.0
2.0,demand,0.6,45.0,0.0,0,optimal,True,22960702.92598508,1.58394974389851,0.9273754473917751,22960702.925985076,4642096.324279595,16154234.794051323,31393290.317826323,15239055.523775,16154234.794051329,25553359.553679634,4641622.009191857,4.845375540404827,2.6269069940359255,83.94973521806664,750.4350104698908,0.0
4.0,demand,0.6,45.0,0.0,0,optimal,True,25832254.720879342,1.3372259885649647,1.000211054081145,25832254.72087934,8923812.20116162,12489093.02141765,41614286.90410326,29125193.88268561,12489093.02141772,28404696.554700505,8966847.542052196,5.011010812837173,1.7489173648063407,83.08316675973973,938.0243533414806,0.0
8.0,demand,0.6,45.0,0.0,0,optimal,True,32185289.602012035,1.5480185955829855,0.9230550584913882,32185289.60201204,16699369.325766431,6050899.944402602,59138602.56413701,53087702.61973441,6050899.9444026025,34769515.84137763,16739147.67005829,6.047900486349992,1.284839028363611,82.69253018857117,666.8305216407664,0.0
16.0,demand,0.6,45.0,0.0,0,optimal,True,42516482.65996297,1.4833151038282413,0.9188275238317383,46086788.45182202,30420185.82672618,-2391189.750855989,90744156.94122836,93135346.69208434,-2391189.749959405,48615206.92757578,30496742.018285584,8.526457434620418,1.0782553408031528,153.47652739451752,505.55396280089934,0.0
