vol_multiplier,shock_type,correlated,subsidy,deviation,run,termination_condition,feasible,objective,avg_h2_production,std_h2_production,avg_scenario_obj,std_scenario_obj,worst_scenario_obj,best_scenario_obj,obj_range,cvar_5pct,avg_revenue,std_revenue,avg_demand_met,min_demand_met,total_entry_booking,total_exit_booking,n_quality_deviations
1.0,demand,0.2,45.0,0.0,2,optimal,True,21786462.663998116,1.7289787902752674,0.6492942232473562,21786462.663998112,1231432.0658228856,19687978.85271923,24319015.801944263,4631036.949225035,19818803.133941695,24387598.08504352,1231309.37018187,5.625940027484152,4.659425340655704,75.73972602739725,1337.019370813237,0.0
2.0,demand,0.2,45.0,0.0,2,optimal,True,21745129.749584563,1.8573887323340539,0.5970316032980026,21745129.749584563,1161694.3665177631,19777525.82589075,24047249.529969618,4269723.704078868,19932252.082452536,24353874.79476633,1164926.0806130823,6.122544232103594,4.099162761076391,75.73972602739725,1240.4326151495895,0.0
4.0,demand,0.2,45.0,0.0,2,optimal,True,21567441.7492793,1.6187197172698988,0.642328204627768,21567441.749279305,1389785.1485534555,19373439.875022233,24109487.263236355,4736047.3882141225,19393120.193068314,24158651.627011053,1413936.8706679363,7.496590032740044,3.3472406845729203,96.64483173342236,968.4157823080945,0.0
8.0,demand,0.2,45.0,0.0,2,optimal,True,21628192.677663133,2.0651672167462953,0.4576772972435834,21628192.677663133,1497985.855338938,19462610.18335961,24043420.5584089,4580810.375049289,19754067.475749165,24255627.6359604,1500155.2555966498,11.283866839972129,2.722849635392649,75.73972602739725,1052.4703642127993,0.0
16.0,demand,0.2,45.0,0.0,2,optimal,True,22112345.897867072,2.0484901719621824,0.5326007016925665,22145527.7657666,1963771.6465103237,18346601.646504518,25229904.164852288,6883302.51834777,18597092.917241868,24774186.46672421,1963618.2416570247,20.002201120275462,2.397568454223622,80.56204254209902,1028.638016085521,0.0
