vol_multiplier,shock_type,correlated,subsidy,deviation,run,termination_condition,feasible,objective,avg_h2_production,std_h2_production,avg_scenario_obj,std_scenario_obj,worst_scenario_obj,best_scenario_obj,obj_range,cvar_5pct,avg_revenue,std_revenue,avg_demand_met,min_demand_met,total_entry_booking,total_exit_booking,n_quality_deviations
1.0,demand,0.8,0.0,0.0,1,optimal,True,21503702.463977303,0.0,0.0,21503702.463977303,1446508.9203522466,19371893.876997307,23801620.214222196,4429726.33722489,19371893.876997307,23983471.99776358,1438544.7930512151,5.330935775463966,4.516949154108535,74.73972602739725,883.092211285174,0.0
2.0,demand,0.8,0.0,0.0,1,optimal,True,22916014.471890558,0.0,0.0,22916014.47189056,2915048.377210519,18651319.415172618,27710603.70457505,9059284.289402433,18706778.42681547,25396086.15034104,2906782.30594905,5.636961652656563,3.9088762824135284,73.73972602739725,738.4103449561497,0.0
4.0,demand,0.8,0.0,0.0,1,optimal,True,25936156.932757977,0.0,0.0,25936156.932757977,5753391.5019608205,17628608.59825023,35505623.635890804,17877015.037640575,17651758.783943728,28415642.99302594,5746305.999652022,6.772503800554857,3.2471847325229097,76.12749116203598,958.6406359891179,0.0
8.0,demand,0.8,0.0,0.0,1,optimal,True,31956988.436008606,0.6045298122263174,0.9945973520098899,31956988.436008606,11232717.850289825,16502905.590693219,50604009.87334102,34101104.282647796,16639619.145043401,34553412.88173272,11403759.67878435,9.870622821671047,2.9474821084716307,114.49840652880403,1317.2657015419543,0.0
16.0,demand,0.8,0.0,0.0,1,optimal,True,45073417.71611427,0.6519170175883164,1.026958643841856,45073417.71611427,22027456.655133165,16515878.966027686,82126653.18940942,65610774.223381735,16515878.966027686,47663753.18609697,22220246.457175296,16.3666591422529,3.0415584039877683,124.06240707058929,1030.5027369271531,0.0
