vol_multiplier,shock_type,correlated,subsidy,deviation,run,termination_condition,feasible,objective,avg_h2_production,std_h2_production,avg_scenario_obj,std_scenario_obj,worst_scenario_obj,best_scenario_obj,obj_range,cvar_5pct,avg_revenue,std_revenue,avg_demand_met,min_demand_met,total_entry_booking,total_exit_booking,n_quality_deviations
1.0,demand,0.4,45.0,0.0,0,optimal,True,21485560.957198244,1.8388638241097603,0.678777611472987,21485560.95719824,1784364.8434954034,18871002.881985787,24956906.58433828,6085903.702352494,18891897.849188786,24098861.766438007,1770479.3722406805,4.974612251449672,3.6047673688570283,75.73972602739725,871.3184544702034,0.0
2.0,demand,0.4,45.0,0.0,0,optimal,True,21538636.041226663,2.0615178613634937,0.5997105275595022,21538636.041226663,1911463.420101532,18657578.382862505,24963508.89167734,6305930.508814834,18677590.64174385,24169842.58075499,1888772.206523662,4.861587524394848,2.6267965424489725,76.73972602739725,1079.5028781156893,0.0
4.0,demand,0.4,45.0,0.0,0,optimal,True,21771545.588024348,1.6634327184166016,0.8339507691599573,21771545.588024348,2198640.7400641125,18258825.27107479,25402737.203933123,7143911.932858333,18258825.271075208,24374254.595222484,2182519.4243987133,5.027152652469373,1.7676955592675205,78.98494234618595,803.2814894252753,0.0
8.0,demand,0.4,45.0,0.0,0,optimal,True,22139630.377685137,1.6055266633159295,0.8615400628946361,22139630.377685137,2760928.520810128,17389031.27288941,25776257.497874957,8387226.224985547,17389031.27288941,24740300.702425838,2744505.830893143,6.071433405355831,1.2986142251881867,77.58496535994766,638.6494455530632,0.0
16.0,demand,0.4,45.0,0.0,0,optimal,True,19441554.30803442,1.4639313776438876,0.7232274699807864,23011860.98346324,4158133.8632663824,15513780.039128141,29035904.390012737,13522124.350884596,15529875.804540297,25598247.949413195,4177063.0755784945,8.642486587264113,1.1090184254908768,89.08373982479621,640.9075728854973,0.0
