vol_multiplier,shock_type,correlated,subsidy,deviation,run,termination_condition,feasible,objective,avg_h2_production,std_h2_production,avg_scenario_obj,std_scenario_obj,worst_scenario_obj,best_scenario_obj,obj_range,cvar_5pct,avg_revenue,std_revenue,avg_demand_met,min_demand_met,total_entry_booking,total_exit_booking,n_quality_deviations
1.0,demand,0.2,70.0,0.0,3,optimal,True,20442957.862350296,1.747148478665848,0.6687262412922996,20442957.8623503,1063468.7204502341,18756414.65457366,21963769.483468346,3207354.828894686,18759816.74918819,22922721.184155613,1062965.7610781621,5.8665682268819985,4.637652137474179,102.73722345119384,1121.788464385668,0.0
2.0,demand,0.2,70.0,0.0,3,optimal,True,20601663.533807117,1.9224315253354987,0.687414200269585,20601663.533807117,1121978.3649009152,18501028.572859723,21956277.32990868,3455248.757048957,18661584.59617713,23084381.209099285,1118365.6343393999,6.688676109662431,4.283837388887647,85.67094983366054,1449.809930353877,0.0
4.0,demand,0.2,70.0,0.0,3,optimal,True,20872844.00385579,1.9046642037382295,0.5694565538786084,20872844.00385579,1190488.1253814485,17734861.211584006,22639849.134278167,4904987.9226941615,18172085.630142763,23359400.415000137,1184165.9635328555,8.70817649944053,3.9011223728226665,75.73972602739725,1260.3758609250121,0.0
8.0,demand,0.2,70.0,0.0,3,optimal,True,21476029.180502858,2.103685312325058,0.35925709560149416,21476029.180502858,1416939.2472254194,19129488.658816684,24412406.13785315,5282917.479036465,19140545.88436307,23960918.20839624,1411604.5606459524,13.668744878359188,3.884786999921015,105.64734028759038,767.5042740159768,0.0
16.0,demand,0.2,70.0,0.0,3,optimal,True,22481830.2213649,2.160177296789952,0.40649099841497505,22481830.221364904,2332140.026265946,19195337.613660652,27958186.005476564,8762848.391815912,19442314.97446246,24968288.496741,2328337.595591857,24.58935854624228,4.048334337551267,79.0743641576461,1243.179357331547,0.0
