vol_multiplier,shock_type,correlated,subsidy,deviation,run,termination_condition,feasible,objective,avg_h2_production,std_h2_production,avg_scenario_obj,std_scenario_obj,worst_scenario_obj,best_scenario_obj,obj_range,cvar_5pct,avg_revenue,std_revenue,avg_demand_met,min_demand_met,total_entry_booking,total_exit_booking,n_quality_deviations
1.0,demand,0.2,70.0,0.0,3,optimal,True,20442957.862350296,1.747148478665848,0.6687262412922996,20442957.8623503,1063468.7204502341,18756414.65457366,21963769.483468346,3207354.828894686,18759816.74918819,22922721.184155613,1062965.7610781621,5.8665682268819985,4.637652137474179,102.73722345119384,1121.788464385668,0.0
2.0,demand,0.2,70.0,0.0,3,optimal,True,21649519.826894414,1.63960735577108,0.8536897242236884,21649519.826894417,2210616.867704626,17557308.315405037,25119028.481082696,7561720.165677659,17618481.17041095,24133725.12995725,2203131.729485918,6.680399410097193,4.216033958583719,83.31538823562309,773.5287990222868,0.0
4.0,demand,0.2,70.0,0.0,3,optimal,True,23717408.239191853,1.320858919744206,0.9367628115847223,23717408.239191853,4575103.030195534,15095703.78650465,31596604.05695519,16500900.270450538,15786357.51139433,26193524.513482835,4573556.23961498,8.651669708079897,3.4276213126774224,105.21722324310475,1066.4626404973787,0.0
8.0,demand,0.2,70.0,0.0,3,optimal,True,29268207.584916048,1.0413065671681694,0.9913014426396906,29268207.584916048,9113897.542486284,16424587.465989579,45174814.11550804,28750226.649518464,16435670.05151643,31705009.033130527,9157974.761231327,13.405093162212415,2.9710993888389887,183.75450632140155,625.5233775417963,0.0
16.0,demand,0.2,70.0,0.0,3,optimal,True,40476233.392658666,1.0543951072250877,0.9982696397756763,40476233.392658666,17384305.30280508,19351208.681277726,72121870.39574063,52770661.714462906,19763705.77683109,42887754.14663096,17439466.322394934,23.69935202150998,2.8444479612390294,256.09506174328624,862.887166230787,0.0
