vol_multiplier,shock_type,correlated,subsidy,deviation,run,termination_condition,feasible,objective,avg_h2_production,std_h2_production,avg_scenario_obj,std_scenario_obj,worst_scenario_obj,best_scenario_obj,obj_range,cvar_5pct,avg_revenue,std_revenue,avg_demand_met,min_demand_met,total_entry_booking,total_exit_booking,n_quality_deviations
1.0,demand,0.6,0.0,0.0,0,optimal,True,21275368.32568585,0.0,0.0,21275368.32568585,2342817.6633299845,17816480.56686899,25621691.33377053,7805210.766901538,17816480.566868994,23753402.658109948,2344511.454706214,4.935580522839533,3.5477883216687247,77.82202510324352,1142.2127120076536,0.0
2.0,demand,0.6,0.0,0.0,0,optimal,True,22845800.778393667,0.022363013698405123,0.14185442054208267,22845800.778393667,4616995.905053567,16125723.425580146,31329765.649033967,15204042.223453822,16125723.425580164,25325049.431250498,4624402.3076564595,4.804280779860879,2.599040659338625,84.70333515131506,894.4492272359881,0.0
4.0,demand,0.6,0.0,0.0,0,optimal,True,26051744.853508975,0.052867334953791485,0.2130044564940624,26051744.85350898,8957004.738823028,12489123.707563719,41563712.88153933,29074589.17397561,12489123.707563726,28538201.64041963,8979210.93903951,4.981274753409052,1.74891736480633,79.0469143749558,571.4459980634807,0.0
8.0,demand,0.6,0.0,0.0,0,optimal,True,31748337.978170846,0.2725418477924225,0.6210589326467505,31748337.97817085,16602583.606366236,6051293.871477933,58940906.553747974,52889612.68227004,6051293.871477933,34275505.52782844,16685491.795581475,6.0157018091339385,1.2848390283636117,92.63195305756244,1034.934673772163,0.0
16.0,demand,0.6,0.0,0.0,0,optimal,True,42236503.11746638,0.6353930494089871,0.8602404662508298,45806809.79289354,30275830.775851086,-2440883.3546395344,90586793.96342954,93027677.31806907,-2407785.720916241,48352027.38823545,30458349.95147243,8.493051899013922,1.0782553408031528,158.5705930233444,538.7237690477234,0.0
