vol_multiplier,shock_type,correlated,subsidy,deviation,run,termination_condition,feasible,objective,avg_h2_production,std_h2_production,avg_scenario_obj,std_scenario_obj,worst_scenario_obj,best_scenario_obj,obj_range,cvar_5pct,avg_revenue,std_revenue,avg_demand_met,min_demand_met,total_entry_booking,total_exit_booking,n_quality_deviations
1.0,demand,0.8,45.0,0.0,0,optimal,True,21064952.393836383,2.1160475086585855,0.344906217404896,21064952.39383638,2897026.5292266617,16950237.63059473,26080672.08106431,9130434.45046958,16950237.630594805,23700586.313702412,2886762.4310799204,4.982583012048098,3.58602798992312,82.20731248772427,863.7024823993473,0.0
2.0,demand,0.8,45.0,0.0,0,optimal,True,22159057.920494102,1.7249460245535058,0.9085309039686386,22159057.920494102,5636268.6562440265,14401752.73447408,32240863.684980128,17839110.950506046,14410203.87587755,24762528.231139112,5649467.719931449,4.835294550651539,2.6267965424489583,84.61813103958657,1325.7403236837624,0.0
4.0,demand,0.8,45.0,0.0,0,optimal,True,24702875.277164407,1.1827382011000835,1.052155113134301,24702875.277164407,10943258.837134216,9162375.173577951,43572766.70719371,34410391.53361576,9162375.173577951,27266686.488735832,10991103.089539379,5.014460198487107,1.748917364806341,82.93212060005524,973.9772948911628,0.0
8.0,demand,0.8,45.0,0.0,0,optimal,True,29998103.880871676,1.3126215969286412,1.020979022061887,29998103.880871676,20717356.62389752,129934.36105286086,63649279.76805875,63519345.407005884,129934.36105319047,32491022.773735132,20850934.77940447,5.963019065695258,1.1741252315413577,185.9175668619101,709.7611833541715,0.0
16.0,demand,0.8,45.0,0.0,0,optimal,True,39719595.77321798,1.5311537682002199,0.9544202030616133,43289902.395826474,36234816.43481327,-2392291.4004001934,101154752.68993784,103547044.09033804,-2392291.4004001934,45762963.79411869,36367385.59928525,8.399622508925624,1.0782553408031528,248.77051140538464,503.5121633768667,0.0
