vol_multiplier,shock_type,correlated,subsidy,deviation,run,termination_condition,feasible,objective,avg_h2_production,std_h2_production,avg_scenario_obj,std_scenario_obj,worst_scenario_obj,best_scenario_obj,obj_range,cvar_5pct,avg_revenue,std_revenue,avg_demand_met,min_demand_met,total_entry_booking,total_exit_booking,n_quality_deviations
1.0,demand,0.0,70.0,0.0,1,optimal,True,21325700.25008586,1.8986682182707737,0.6407359255327031,21325700.250227857,694857.9855022886,20430596.613799553,23030301.53091044,2599704.9171108864,20443920.62247914,23811773.48847337,696270.6376425523,5.340678056162766,4.542898706727321,106.70253595747006,1580.29731059752,0.0
2.0,demand,0.0,70.0,0.0,1,optimal,True,23040139.009129442,1.8661002755377534,0.6085086928942256,23040139.009129442,1386939.7478213408,20799341.334199645,26197978.717009593,5398637.382809948,20813323.621959854,25529146.264704786,1381694.3838263005,5.6761413386160875,3.9505807322974076,85.96710407334464,1085.2132895518528,0.0
4.0,demand,0.0,70.0,0.0,1,optimal,True,26231558.497974455,2.1622848693561876,0.24883518523872386,26231558.497974455,2576586.871106336,21180512.3012581,32304323.909798242,11123811.608540144,21524929.951727424,28718352.964301437,2572194.2974590557,6.8492468004624545,3.266439233441582,75.73972602740774,1572.6667261375399,0.0
8.0,demand,0.0,70.0,0.0,1,optimal,True,33327464.046900783,1.9849676354183168,0.3691932060759495,33327464.04690078,5747337.491918971,23947173.60163275,46050144.85065224,22102971.24901949,23983109.95635432,35809010.31618243,5741168.538065427,10.076553898455643,2.933346526761897,82.07137823497222,601.8409179871492,0.0
16.0,demand,0.0,70.0,0.0,1,optimal,True,47686207.89168405,1.5593429952648346,0.7739256891975783,47686207.891684055,12516431.95380749,30435678.884303354,76839464.215247,46403785.33094365,30511318.56416403,50167072.81168452,12510213.108920883,17.440801909630512,3.024827270457478,86.32591641965224,888.3037499847724,0.0
