vol_multiplier,shock_type,correlated,subsidy,deviation,run,termination_condition,feasible,objective,avg_h2_production,std_h2_production,avg_scenario_obj,std_scenario_obj,worst_scenario_obj,best_scenario_obj,obj_range,cvar_5pct,avg_revenue,std_revenue,avg_demand_met,min_demand_met,total_entry_booking,total_exit_booking,n_quality_deviations
1.0,demand,0.4,30.0,0.0,3,optimal,True,20253920.28360261,0.0033136699385753685,0.02630143975326331,20253920.283602607,1439826.3581955144,17816729.915184088,22050376.602827743,4233646.687643655,17888874.263769593,22729132.822789114,1438068.9247342297,5.8454145412251695,4.705140674574372,74.96945114099677,1325.913791375261,0.0
2.0,demand,0.4,30.0,0.0,3,optimal,True,21133476.931618325,0.3993070118719285,0.8090326544582687,21133476.94155755,2993140.977123413,16356205.367015162,25240394.731610335,8884189.364595173,16426028.840618506,23654494.60863206,3031361.7153441254,6.631933444344159,3.9946134492969008,110.44337600847294,990.1574637938654,0.0
4.0,demand,0.4,30.0,0.0,3,optimal,True,22970096.036035635,0.554909154683275,0.9108457908447772,22970096.03603563,5979156.910607264,14300177.123325411,31793057.628346767,17492880.505021356,14300177.123325497,25508416.067256812,6025792.957800848,8.650588992588476,3.7155795980701445,106.90359401804503,959.7113104029489,0.0
8.0,demand,0.4,30.0,0.0,3,optimal,True,27796243.67884898,0.5310863860734143,0.8815960746667522,27796243.67884898,11808023.45682821,11253796.894977227,45776531.90215283,34522735.0071756,11253796.894977227,30228083.03574287,11981121.663171533,13.281314074007561,2.6275493748302337,271.9287255161266,812.1622938110936,0.0
16.0,demand,0.4,30.0,0.0,3,optimal,True,39085353.606195904,0.5334982672216367,0.8702972310352426,39085353.60619591,21319248.008314822,9574141.147962134,73333194.25012662,63759053.10216448,11883363.856762782,41537640.21640911,21437668.744386766,22.62679668071015,3.0973008622202807,222.56061205172455,769.343627895118,0.0
