vol_multiplier,shock_type,correlated,subsidy,deviation,run,termination_condition,feasible,objective,avg_h2_production,std_h2_production,avg_scenario_obj,std_scenario_obj,worst_scenario_obj,best_scenario_obj,obj_range,cvar_5pct,avg_revenue,std_revenue,avg_demand_met,min_demand_met,total_entry_booking,total_exit_booking,n_quality_deviations
1.0,demand,0.2,0.0,0.0,1,optimal,True,21557444.618460953,0.0,0.0,21557444.618460953,460189.8700377381,21081060.46604327,22749010.184108723,1667949.7180654518,21086040.641274773,24037141.980687432,453161.85220038774,5.33097191931089,4.5171584940386795,74.73972602739725,979.6689010123995,0.0
2.0,demand,0.2,0.0,0.0,1,optimal,True,23179033.644656587,0.0,0.0,23179033.644656587,1039374.9253215673,21956772.11274732,25860423.08104075,3903650.968293432,22013699.551160734,25662118.20773848,1031135.0516582405,5.636938035630107,3.9086175923099025,74.73972602739725,1026.3380521439296,0.0
4.0,demand,0.2,0.0,0.0,1,optimal,True,26390724.304613434,0.17841171501815875,0.5091101737592306,26390724.30461343,1982433.3770775597,23180679.71450402,30992179.2278636,7811499.51335958,23322391.840609778,28906987.253094103,2060446.312648589,6.718817969751619,3.2473620665451524,92.22459634535701,1243.9070496808777,0.0
8.0,demand,0.2,0.0,0.0,1,optimal,True,33496153.838772207,0.31773177829301025,0.7983256894507408,33496153.838772207,3698606.9079454304,25356046.7167237,41373860.637817934,16017813.921094235,27317459.363163877,36034395.06655331,3809193.8755467297,9.84054109138329,2.949174506662294,98.15755829072668,845.7302138203752,0.0
16.0,demand,0.2,0.0,0.0,1,optimal,True,48794770.93010959,0.7419281995723956,0.9756602341011396,48794770.93010959,8356847.693696966,37995937.50851023,68109831.20848042,30113893.699970186,38426943.85201809,51410917.52425339,8424817.49518217,16.79975312334239,3.044059225846606,103.41612583128385,902.3694562284293,0.0
