vol_multiplier,shock_type,correlated,subsidy,deviation,run,termination_condition,feasible,objective,avg_h2_production,std_h2_production,avg_scenario_obj,std_scenario_obj,worst_scenario_obj,best_scenario_obj,obj_range,cvar_5pct,avg_revenue,std_revenue,avg_demand_met,min_demand_met,total_entry_booking,total_exit_booking,n_quality_deviations
1.0,demand,0.8,30.0,0.0,2,optimal,True,21088911.097880952,0.007806230845668811,0.043508641179886745,21088911.097880952,1834478.4162832396,19106599.82825667,23866534.924507443,4759935.0962507725,19133216.028483745,23559441.41312878,1835756.3274158377,5.569589172595141,4.394279098213888,94.30363876679654,1364.570883196783,0.0
2.0,demand,0.8,30.0,0.0,2,optimal,True,21124275.594009243,8.673617379884035e-19,4.829265774454144e-18,21124275.594009243,2018650.7693770062,18742079.772961684,24132102.58707675,5390022.814115066,18798383.235762637,23598499.33315953,2019543.7564662327,6.0636740004118685,3.975559977666979,92.36843789689844,851.9407950612107,0.0
4.0,demand,0.8,30.0,0.0,2,optimal,True,21061832.641429964,0.1591362871475073,0.5455766027611805,21061832.64142996,2356071.515260331,17953295.34576379,24657808.092519734,6704512.746755943,18115680.10731052,23557482.60822591,2376330.881158341,7.4534549004411375,3.2354635819377426,103.04450686884145,1014.8094629664354,0.0
8.0,demand,0.8,30.0,0.0,2,optimal,True,21147730.737791754,0.24656528115227444,0.6890092676101537,21147730.737791754,3100529.1742037386,17151198.622490466,25754992.245811597,8603793.62332113,17151198.622490477,23653763.46268916,3142080.9956860123,11.192058990823675,2.7029602250898637,76.73972602739725,1199.032946342106,0.0
16.0,demand,0.8,30.0,0.0,2,optimal,True,21630736.5622839,0.855527888252007,1.1385871530273861,21630736.562283896,4479167.260347102,15914173.448012916,28171217.51203471,12257044.064021794,15914173.448013082,24204477.790180963,4591967.91420512,19.954363768007997,2.386025247682027,76.73972602739725,1057.8673229450105,0.0
