vol_multiplier,shock_type,correlated,subsidy,deviation,run,termination_condition,feasible,objective,avg_h2_production,std_h2_production,avg_scenario_obj,std_scenario_obj,worst_scenario_obj,best_scenario_obj,obj_range,cvar_5pct,avg_revenue,std_revenue,avg_demand_met,min_demand_met,total_entry_booking,total_exit_booking,n_quality_deviations
1.0,demand,0.8,30.0,0.0,1,optimal,True,21428480.16413934,0.5275974563450834,0.9265868994991298,21428480.164139338,1407746.0269054763,19372085.216059674,23783093.733055476,4411008.5169958025,19372085.216060128,23969422.336446386,1495277.0663656304,5.3348550584566095,4.375641983124242,88.9145350385636,1102.9043331539986,0.0
2.0,demand,0.8,30.0,0.0,1,optimal,True,21555900.819976196,0.5108673609608239,0.9044923919337627,21555900.819976196,1550788.8537579675,19239781.189637974,23907223.18329889,4667441.993660916,19243520.279307727,24095072.90786452,1632753.5880557909,5.647568811624675,3.950525580429088,76.7397260273977,751.3225701880401,0.0
4.0,demand,0.8,30.0,0.0,1,optimal,True,21702416.41595642,0.6037518181423984,0.9863359496329349,21702416.415956423,1867257.478767489,18800171.164527517,24692671.79898657,5892500.634459052,18842368.233235005,24251760.641898595,1951320.9527341316,6.798272130741889,3.2781186544201306,76.73972602739725,938.9665570436301,0.0
8.0,demand,0.8,30.0,0.0,1,optimal,True,21971997.03941058,0.5478551067551349,0.8353761945768793,21971997.039410584,2488213.358940531,18578548.0286706,26317621.921693277,7739073.893022675,18578548.028670605,24513074.62922974,2550970.848591808,9.980942711129455,2.93333261358337,93.70735997954498,700.6830852440098,0.0
16.0,demand,0.8,30.0,0.0,1,optimal,True,22871345.06368993,0.4853204642071651,0.7966457535218183,22871345.063689932,3669716.667907398,17887080.9505797,29568403.626747735,11681322.676168036,17887080.9505797,25404156.549913086,3727381.3911258564,17.331104939786325,3.024385751577359,123.63301295831828,1203.811985928882,0.0
