vol_multiplier,shock_type,correlated,subsidy,deviation,run,termination_condition,feasible,objective,avg_h2_production,std_h2_production,avg_scenario_obj,std_scenario_obj,worst_scenario_obj,best_scenario_obj,obj_range,cvar_5pct,avg_revenue,std_revenue,avg_demand_met,min_demand_met,total_entry_booking,total_exit_booking,n_quality_deviations
1.0,demand,0.2,45.0,0.0,3,optimal,True,20439851.83038033,1.7349113697604395,0.748538808108706,20439851.830380335,1076766.0106600928,18229940.50703931,21945079.671869583,3715139.164830275,18229940.507039547,23043818.418913245,1037795.8874379521,5.894262434645796,4.76716198759029,75.8418260778863,1130.627194700255,0.0
2.0,demand,0.2,45.0,0.0,3,optimal,True,21438055.800136197,1.1860786547345734,0.9026822088091171,21438055.800136197,2179006.1518997187,17190696.722521346,25061650.00590861,7870953.283387262,17359307.672286384,24003102.419745784,2162880.0986201423,6.668849038780481,4.299279453831953,75.73972602739725,1189.6965160624427,0.0
4.0,demand,0.2,45.0,0.0,3,optimal,True,23566256.935693655,1.1015752506124854,0.9809030503699783,23566256.935693655,4779075.054130432,14698071.18453636,31720313.524773687,17022242.340237327,15639862.624801459,26110071.992992055,4796110.361602343,8.643345281929832,3.4004430998334496,160.91840042406037,1030.2280832012032,0.0
8.0,demand,0.2,45.0,0.0,3,optimal,True,28999770.31808335,0.7479474965667858,1.0064747952915831,28999770.318083346,9131458.884896697,15447895.838663979,45124999.15817355,29677103.319509573,15499618.588193774,31504261.032757066,9148859.760807088,13.430201733655363,3.076292491442245,202.0610833433795,992.3967826891338,0.0
16.0,demand,0.2,45.0,0.0,3,optimal,True,40810847.39199575,0.8020927238343202,0.9880371977490445,40810847.39199574,17240388.344792433,20565672.80554479,72072240.44695196,51506567.64140716,20565672.805544864,43263785.56104999,17301526.063279465,22.897206615485107,3.1417771683701172,200.35957555072693,610.6516154407948,0.0
