vol_multiplier,shock_type,correlated,subsidy,deviation,run,termination_condition,feasible,objective,avg_h2_production,std_h2_production,avg_scenario_obj,std_scenario_obj,worst_scenario_obj,best_scenario_obj,obj_range,cvar_5pct,avg_revenue,std_revenue,avg_demand_met,min_demand_met,total_entry_booking,total_exit_booking,n_quality_deviations
1.0,demand,0.2,30.0,0.0,3,optimal,True,20456142.435302623,0.0,0.0,20456142.435302623,970948.9452190809,18277602.253856584,21879132.110818148,3601529.856961563,18653303.469203774,22931233.000580326,965338.6314863651,5.8508801249829885,4.717013565572959,74.73972602739725,1044.245508978026,0.0
2.0,demand,0.2,30.0,0.0,3,optimal,True,21433176.889715187,0.12750570450740584,0.3178090110282521,21433176.889715187,2180023.470860633,17359134.211909797,25038152.21799469,7679018.006084893,17575521.89750411,23924327.111561395,2194650.6459475337,6.6315319717183145,4.057533971004127,80.04421556640308,999.227188820448,0.0
4.0,demand,0.2,30.0,0.0,3,optimal,True,23519737.395394266,0.43809283680853417,0.8301108818936213,23569061.809909496,4547258.082594557,15981329.52577247,31520083.793248124,15538754.267475655,16172091.147232747,26090369.596158594,4576949.775670183,8.622902761690444,3.517454330865317,126.66783884758577,1055.3699365421062,0.0
8.0,demand,0.2,30.0,0.0,3,optimal,True,29050635.535835337,0.4047055954137027,0.7875038189490109,29050635.535835337,8918525.384227749,16410686.540479222,45092712.705431,28682026.16495178,16570353.640493497,31532195.56011586,8979807.712967424,13.379097309806607,2.964685226507013,191.83429612792116,885.6000999892179,0.0
16.0,demand,0.2,30.0,0.0,3,optimal,True,40582569.54564009,0.700011319525236,0.9853872310518655,40582569.54564008,17297877.70056885,19369288.35426633,72042375.20266187,52673086.84839554,20166512.792213347,43068935.89927121,17356786.747621495,23.475660693273326,2.8611615170053066,236.60720886483963,741.8806494754373,0.0
