vol_multiplier,shock_type,correlated,subsidy,deviation,run,termination_condition,feasible,objective,avg_h2_production,std_h2_production,avg_scenario_obj,std_scenario_obj,worst_scenario_obj,best_scenario_obj,obj_range,cvar_5pct,avg_revenue,std_revenue,avg_demand_met,min_demand_met,total_entry_booking,total_exit_booking,n_quality_deviations
1.0,demand,0.6,0.0,0.0,0,optimal,True,21275368.32568585,0.0,0.0,21275368.32568585,2342817.6633299845,17816480.56686899,25621691.33377053,7805210.766901538,17816480.566868994,23753402.658109948,2344511.454706214,4.935580522839533,3.5477883216687247,77.82202510324352,1142.2127120076536,0.0
2.0,demand,0.6,0.0,0.0,0,optimal,True,21350372.74010331,0.0,0.0,21350372.74010331,2485704.0724956994,17703610.76740016,25883406.821058508,8179796.053658348,17703610.767401114,23829780.025982607,2486473.780587193,4.819679524315453,2.598936547707124,76.73972602739725,1147.8391630896585,0.0
4.0,demand,0.6,0.0,0.0,0,optimal,True,21537082.190733593,0.029325591416134375,0.16009543641811705,21537082.190733593,2918931.671017756,17180376.921241697,26435879.36071588,9255502.439474184,17180376.92124186,24022075.241825968,2929704.968629553,4.99038365874831,1.748873715221193,77.89218706237456,1032.6075191514212,0.0
8.0,demand,0.6,0.0,0.0,0,optimal,True,21870846.676530708,0.0,0.0,21870846.676530708,3683895.9897989254,16140736.26088016,27242295.011638362,11101558.750758203,16140736.260880167,24350093.138953008,3685914.658428326,6.033396442903596,1.2848390283636189,74.73972602739725,899.5337953555016,0.0
16.0,demand,0.6,0.0,0.0,0,optimal,True,19211713.786610283,0.07999999998889712,0.21166010485579181,22782017.81646748,5396199.33731743,13912544.47052256,31192353.71587613,17279809.24535357,13945438.26943136,25277825.338220935,5422720.240811241,8.597954807295235,1.1015049325186925,78.0450991129031,694.2555084327374,0.0
