vol_multiplier,shock_type,correlated,subsidy,deviation,run,termination_condition,feasible,objective,avg_h2_production,std_h2_production,avg_scenario_obj,std_scenario_obj,worst_scenario_obj,best_scenario_obj,obj_range,cvar_5pct,avg_revenue,std_revenue,avg_demand_met,min_demand_met,total_entry_booking,total_exit_booking,n_quality_deviations
1.0,demand,0.2,30.0,0.0,2,optimal,True,21659380.571733475,0.2911125474854135,0.772861273356378,21659380.571733475,1167828.9595833647,19917520.750069246,24217995.744106434,4300474.994037189,19917520.750069246,24164038.269703444,1231409.7075526903,5.589308502733447,4.638125002177391,76.73972602739725,801.1729855393959,0.0
2.0,demand,0.2,30.0,0.0,2,optimal,True,23763163.850331947,0.5801614349649034,0.985542262807879,23763163.850331947,2300295.5293730325,19251328.372309715,27784897.771707527,8533569.399397813,19421222.998634372,26300104.035642356,2323000.7840875797,6.060635071017565,4.07896964193258,96.26113092957182,1241.8220249196513,0.0
4.0,demand,0.2,30.0,0.0,2,optimal,True,28428682.592142805,1.277445947853523,0.9285707957363302,28428682.592142805,4963600.924295959,19210392.30882812,37758338.64028598,18547946.331457864,19293959.548355266,31045031.337060116,4979422.102481123,7.447527543974418,3.347240707892436,129.0913038875163,923.3107619791874,0.0
8.0,demand,0.2,30.0,0.0,2,optimal,True,37590486.910457924,1.533751903218783,0.85266703789686,37590486.910457924,9171540.632369908,20586598.101563763,54027422.62832802,33440824.526764255,20594565.100956637,40235810.250711165,9161331.441755403,11.143835809753867,2.722971254028493,99.43913087864182,866.5137270224432,0.0
16.0,demand,0.2,30.0,0.0,2,optimal,True,58121440.4326251,1.9578302650073751,0.5258220789968618,58121440.43262511,20188457.013676077,22888982.045192935,95848352.60407454,72959370.55888161,22960151.56909282,60810353.38887077,20185302.284582928,19.75800289141725,2.0906268098785765,103.08347091583114,755.5889336383716,0.0
