vol_multiplier,shock_type,correlated,subsidy,deviation,run,termination_condition,feasible,objective,avg_h2_production,std_h2_production,avg_scenario_obj,std_scenario_obj,worst_scenario_obj,best_scenario_obj,obj_range,cvar_5pct,avg_revenue,std_revenue,avg_demand_met,min_demand_met,total_entry_booking,total_exit_booking,n_quality_deviations
1.0,demand,0.0,30.0,0.0,0,optimal,True,20647733.07325385,0.005884756854142904,0.03319796176751722,20647733.073253855,1294063.4986096027,16643418.741253713,23449219.888070237,6805801.146816524,17852358.302485924,23111035.981972314,1337855.5633940133,4.894633021344751,3.54274088636631,85.29036558826384,1764.7239301017917,0.0
2.0,demand,0.0,30.0,0.0,0,optimal,True,21573154.596869107,0.6656166280456386,0.9707882218614314,21573154.596869104,2526081.667751669,18332478.513177626,26979079.26001371,8646600.746836085,18366238.97462799,24118294.889772158,2599406.7335900166,4.800285114471565,2.5987922490172752,138.89262214456224,1130.9725451658828,0.0
4.0,demand,0.0,30.0,0.0,0,optimal,True,23460753.277957123,1.0094450995229345,1.0268559032699491,23460753.277957123,4891935.774323691,16989531.26387819,33909834.04098662,16920302.77710843,17075002.13989084,26054362.987294257,4978634.3194333585,4.988697527638148,1.7489125979813966,116.92182204399842,1159.9905201603565,0.0
8.0,demand,0.0,30.0,0.0,0,optimal,True,27697025.3238765,1.5834936503102606,0.9742406323675882,27697025.3238765,9983629.980380077,14888172.461732654,48046156.993045785,33157984.53131313,14901881.245626984,30347075.210928895,10025435.532312999,5.920600974465472,1.2986142251881936,103.58023592329182,1001.4609591898089,0.0
16.0,demand,0.0,30.0,0.0,0,optimal,True,34174833.912519,1.417334430559316,0.8921097128980988,37745138.38502786,19280405.44330871,13460782.832614524,77416394.13369027,63955611.30107574,13500301.681590304,40350869.65989428,19359873.65915087,8.300327004096555,1.1090184254908735,146.89880198475046,778.914727737169,0.0
