vol_multiplier,shock_type,correlated,subsidy,deviation,run,termination_condition,feasible,objective,avg_h2_production,std_h2_production,avg_scenario_obj,std_scenario_obj,worst_scenario_obj,best_scenario_obj,obj_range,cvar_5pct,avg_revenue,std_revenue,avg_demand_met,min_demand_met,total_entry_booking,total_exit_booking,n_quality_deviations
1.0,demand,0.8,0.0,0.0,3,optimal,True,19875145.425073624,0.0,0.0,19875145.42507362,2545930.002350516,15498652.297207156,22914611.268370323,7415958.971163167,15498652.297207192,22351358.266342882,2543478.5098878667,5.846821778278495,4.586978745758789,73.86735109050747,1105.3011334544085,0.0
2.0,demand,0.8,0.0,0.0,3,optimal,True,19806759.857268848,0.03603031943119706,0.10281500956565738,20021870.057419218,5042835.282046369,10995457.498857923,25524664.39878353,14529206.899925608,11194719.448682792,22503977.87655932,5029753.495019518,6.633098684653308,4.288230218112947,76.9595794611581,1013.7033390684899,0.0
4.0,demand,0.8,0.0,0.0,3,optimal,True,21058452.797876265,0.0,0.0,21058452.797876265,9881540.032129535,4920235.2444707705,31495297.189157452,26575061.94468668,4920235.244475146,23529300.19001554,9882164.655542893,8.624754658974085,3.517433774368801,98.9055455287269,770.9598810091854,0.0
8.0,demand,0.8,0.0,0.0,3,optimal,True,24646807.814438447,0.27232638186129376,0.6775778888351267,24646807.814438447,17561521.28293628,-816818.7618800746,44043657.32541791,44860476.08729799,-816818.7618800746,26706843.656950753,18221454.083623774,11.561309451534738,2.01265567541012,447.7670935224481,801.3470248260584,0.0
16.0,demand,0.8,0.0,0.0,3,optimal,True,35946277.40950347,0.5676004950574238,0.8346109176080552,35946277.409503475,28111552.139019586,-631133.0386643163,69419773.64829412,70050906.68695843,-630571.8257761982,37905497.97550683,29009602.773882296,14.66223465781329,1.3580864373098105,457.0388370151402,672.2864431991114,0.0
