vol_multiplier,shock_type,correlated,subsidy,deviation,run,termination_condition,feasible,objective,avg_h2_production,std_h2_production,avg_scenario_obj,std_scenario_obj,worst_scenario_obj,best_scenario_obj,obj_range,cvar_5pct,avg_revenue,std_revenue,avg_demand_met,min_demand_met,total_entry_booking,total_exit_booking,n_quality_deviations
1.0,demand,0.0,70.0,0.0,1,optimal,True,21325700.25008586,1.8986682182707737,0.6407359255327031,21325700.250227857,694857.9855022886,20430596.613799553,23030301.53091044,2599704.9171108864,20443920.62247914,23811773.48847337,696270.6376425523,5.340678056162766,4.542898706727321,106.70253595747006,1580.29731059752,0.0
2.0,demand,0.0,70.0,0.0,1,optimal,True,21517271.11416106,2.0666368723142834,0.4584263926089408,21517271.11416106,719371.2639416809,20359815.494991288,23163161.95460532,2803346.459614031,20390750.912832975,24011317.173961654,716482.6494053897,5.688030649252629,3.9422815596810463,75.73972602739725,1868.6655058818046,0.0
4.0,demand,0.0,70.0,0.0,1,optimal,True,21646634.0729948,2.1327071313407178,0.330673183324494,21646634.0729948,854347.3537431583,20239474.208990403,23546826.81728707,3307352.6082966663,20290621.9564091,24143799.13101723,850588.6365828351,6.84659592069393,3.2728128639217937,75.73972602739725,2651.6817332580035,0.0
8.0,demand,0.0,70.0,0.0,1,optimal,True,22027291.80103713,2.085032640452767,0.38041637300960757,22027291.80103713,1212590.4473008842,19560733.472572617,24500989.29778323,4940255.825210612,20003064.061021455,24524487.40062279,1208427.1591288787,10.103506635903088,2.9321824673956947,77.73972602739725,3177.916947995819,0.0
16.0,demand,0.0,70.0,0.0,1,optimal,True,22950150.312841944,1.9940480727509204,0.4772007926966526,22950150.312841944,2039988.5903309328,18848660.687552,27838830.924386185,8990170.236834183,19230216.724407263,25443839.81726806,2039455.725245763,17.498162241398422,3.0272460389885922,82.4580006933253,3377.7383322457235,0.0
