vol_multiplier,shock_type,correlated,subsidy,deviation,run,termination_condition,feasible,objective,avg_h2_production,std_h2_production,avg_scenario_obj,std_scenario_obj,worst_scenario_obj,best_scenario_obj,obj_range,cvar_5pct,avg_revenue,std_revenue,avg_demand_met,min_demand_met,total_entry_booking,total_exit_booking,n_quality_deviations
1.0,demand,0.8,30.0,0.0,3,optimal,True,19887779.255804706,0.0033136699385753698,0.02630143975326332,19887779.255804703,2513365.0880292156,15498653.180988204,22914612.15215141,7415958.971163206,15498653.180988235,22364004.53991936,2510356.831242142,5.845231030996161,4.717680872037334,73.73972602739725,973.4321687026628,0.0
2.0,demand,0.8,30.0,0.0,3,optimal,True,19945006.348580193,0.2996575342465754,0.7928193141032589,19945006.348580196,2740256.0977774635,15342360.97988175,23434433.73745497,8092072.757573219,15342360.979881791,22456256.985026777,2780808.9147788575,6.643268078642123,4.297439525860516,77.56291963225097,820.133498738254,0.0
4.0,demand,0.8,30.0,0.0,3,optimal,True,20004921.273755804,0.3004209474885772,0.7925538821693823,20004921.273755804,3209723.318765824,14876307.302199746,24475521.306963667,9599214.004763922,14894259.783798084,22517039.96454054,3255741.219003895,8.647485015424294,3.879032288839457,89.55492403980114,768.64050493915,0.0
8.0,demand,0.8,30.0,0.0,3,optimal,True,20218165.12855896,0.3730715935565817,0.8670148160203046,20218165.12855896,4110711.572174283,13530177.467232479,26557693.85201199,13027516.384779511,13763953.021370837,22740352.449366003,4165362.6941941837,13.616976502097106,3.8598094809533072,77.2191595385575,1200.7012061702753,0.0
16.0,demand,0.8,30.0,0.0,3,optimal,True,20804458.611868013,0.7705343330887012,1.0129321954514323,20804458.611868013,5900610.353236196,11783377.879494565,30722144.969618186,18938767.090123624,12072767.700995391,23372283.752611313,5987897.974365498,24.381534492010736,4.011932706705941,96.3141049774866,1401.598764888147,0.0
