vol_multiplier,shock_type,correlated,subsidy,deviation,run,termination_condition,feasible,objective,avg_h2_production,std_h2_production,avg_scenario_obj,std_scenario_obj,worst_scenario_obj,best_scenario_obj,obj_range,cvar_5pct,avg_revenue,std_revenue,avg_demand_met,min_demand_met,total_entry_booking,total_exit_booking,n_quality_deviations
1.0,demand,0.2,70.0,0.0,0,optimal,True,21713029.626685325,2.22641357981576,0.22522903796476618,21713029.626685325,1311975.1149735446,19752930.395797633,24205149.07008432,4452218.674286686,19752930.39579771,24203905.000388414,1313595.8740708895,4.984470179891726,3.5860279899231076,85.23035721388767,1164.052792236358,0.0
2.0,demand,0.2,70.0,0.0,0,optimal,True,23413388.000075947,2.2237299357001703,0.19058687257964002,23413388.000075944,2529077.939090758,19615136.857411545,28187370.159819506,8572233.302407961,19615136.85741155,25899749.109535296,2530093.794983449,4.859431173755864,2.6269069940359087,90.13523209169064,1085.7164525522112,0.0
4.0,demand,0.2,70.0,0.0,0,optimal,True,26957020.451809432,2.0051488429512125,0.5316088192424042,26957020.45180943,4917733.711537393,18339091.776824333,35528879.8351737,17189788.058349364,18562986.696195256,29441689.456992127,4918818.569801819,5.019445751062522,1.7671738548375653,87.12278577286256,826.0780673895675,0.0
8.0,demand,0.2,70.0,0.0,0,optimal,True,33979360.63944232,2.0400820411385334,0.33997155622945274,33979360.63944231,8936444.892002845,18235467.368258905,46290331.900517456,28054864.53225855,18235467.368258934,36460728.94806788,8937580.193054864,6.0591851214095795,1.2986142251881874,80.82951648994104,590.0330313666908,0.0
16.0,demand,0.2,70.0,0.0,0,optimal,True,45778930.833201855,1.7858832415149082,0.7573068320888963,49349237.50863099,17255850.993506223,17512829.82070319,68201924.16973598,50689094.34903279,17512829.82070319,51827579.84547831,17253084.489030924,8.609461977528,1.1109979731386785,81.051911390372,517.9312034518961,0.0
