vol_multiplier,shock_type,correlated,subsidy,deviation,run,termination_condition,feasible,objective,avg_h2_production,std_h2_production,avg_scenario_obj,std_scenario_obj,worst_scenario_obj,best_scenario_obj,obj_range,cvar_5pct,avg_revenue,std_revenue,avg_demand_met,min_demand_met,total_entry_booking,total_exit_booking,n_quality_deviations
1.0,demand,1.0,0.0,0.0,3,optimal,True,19568182.138502855,0.0,0.0,19568182.13850285,2964715.9822370126,14666699.872675158,23894077.7274462,9227377.85477104,14666699.872675208,22030832.555622377,2963605.109807631,5.758156407706099,4.717767257482241,150.6493533748481,292.00131504517816,0.0
2.0,demand,1.0,0.0,0.0,3,optimal,True,19539593.025203098,0.0,0.0,19539593.025203094,5946004.153025044,9478019.977068616,27139959.45161863,17661939.474550016,9478019.977068618,22020743.04907521,5948416.570906228,6.633939023609757,4.30445152781772,93.73972602739725,277.49873559750114,0.0
4.0,demand,1.0,0.0,0.0,3,optimal,True,19012860.971301362,0.0006162101978329836,0.00489101681642396,19012860.971301362,11581190.37315709,124434.01114231462,34659608.47352968,34535174.46238737,124434.01114247793,21304794.216507196,11901190.134563252,8.326675428450242,2.4515317673559536,327.34803528539413,663.4953896045155,0.0
8.0,demand,1.0,0.0,0.0,3,optimal,True,21897121.29938835,0.14720855677242747,0.414330580068141,21897121.29938835,18099249.293279026,-685536.3487482691,50339369.379003055,51024905.72775132,-648261.5773148002,23884760.670647614,18795648.650022876,9.184696089404428,1.078853382237544,477.1883903744122,1154.837066378377,0.0
16.0,demand,1.0,0.0,0.0,3,optimal,True,31137148.970911887,0.3448465865327625,0.46029471144611167,31137148.970911883,29638530.00635241,-688502.3262601995,81773371.29337898,82461873.61963917,-688502.3262601995,32934383.122587733,30512116.010903053,14.396383244657269,1.1483776518651336,516.6429701561312,660.3919807821936,0.0
