vol_multiplier,shock_type,correlated,subsidy,deviation,run,termination_condition,feasible,objective,avg_h2_production,std_h2_production,avg_scenario_obj,std_scenario_obj,worst_scenario_obj,best_scenario_obj,obj_range,cvar_5pct,avg_revenue,std_revenue,avg_demand_met,min_demand_met,total_entry_booking,total_exit_booking,n_quality_deviations
1.0,demand,1.0,70.0,0.0,2,optimal,True,20677228.504217025,1.9832005141843905,0.5817920463790864,20677228.50421702,2251428.8123612073,17109758.96887175,23807847.233888336,6698088.265016586,17485644.447019417,23165523.611942828,2255001.207267195,5.6109147297156365,4.210528982942138,159.8682740786321,498.93930957461436,0.0
2.0,demand,1.0,70.0,0.0,2,optimal,True,20926560.017481145,1.7000762322805896,0.31430662989521674,20926560.01748115,4228472.574612193,15084720.84480885,26743084.358005725,11658363.513196874,15084720.844808927,23414184.71165976,4228630.039848191,6.113771265859763,4.055858687894269,88.827554346519,465.5152617226859,0.0
4.0,demand,1.0,70.0,0.0,2,optimal,True,21442688.279275008,2.0427095527761128,0.39320359681535205,21442688.279275008,8384935.916484617,9927633.19006901,33435378.765978877,23507745.575909868,9927633.190069027,23936350.54599263,8381442.8995305775,7.514306874189213,3.3603181814718597,98.86611887586315,1142.9968684355622,0.0
8.0,demand,1.0,70.0,0.0,2,optimal,True,23127774.702550136,1.5996465632161434,0.5956274832261871,23127774.702550136,17299383.42442353,409290.91840801825,47733754.726728424,47324463.8083204,409290.91840801825,25474859.880168077,17476256.124482952,10.800122953588502,2.640012151042198,212.6538251702818,1336.4418100147407,0.0
16.0,demand,1.0,70.0,0.0,2,optimal,True,30252752.61942039,1.0682830801219931,0.6042776174769857,30252752.61942039,30671094.79699577,-375877.1419660202,76395282.96562238,76771160.1075884,-375877.14196567243,31999759.24816436,31413040.764503453,16.936495487203423,1.0718152277852109,396.9109931435271,720.4973973231126,0.0
