vol_multiplier,shock_type,correlated,subsidy,deviation,run,termination_condition,feasible,objective,avg_h2_production,std_h2_production,avg_scenario_obj,std_scenario_obj,worst_scenario_obj,best_scenario_obj,obj_range,cvar_5pct,avg_revenue,std_revenue,avg_demand_met,min_demand_met,total_entry_booking,total_exit_booking,n_quality_deviations
1.0,demand,0.0,45.0,0.0,0,optimal,True,20792488.08654025,1.8720914881118231,0.5898585335114466,20792488.08654025,1203843.9299093673,18977163.96027829,23592397.916378897,4615233.956100605,19061943.72702393,23407440.115269985,1195737.6809009311,4.9681179391019334,3.5809805546193885,115.14231581691712,1685.7959481556609,0.0
2.0,demand,0.0,45.0,0.0,0,optimal,True,20892080.018964656,1.9851491840644857,0.6299103464562799,20892080.018964656,1151220.9329535388,19127365.158528022,23735479.783149756,4608114.624621734,19208688.179025654,23521193.646514386,1167273.1150648796,4.86340312348473,2.626657522439039,75.73972602739725,1936.1980358109768,0.0
4.0,demand,0.0,45.0,0.0,0,optimal,True,20860077.48326954,1.9104790199638575,0.6721436421127985,20860077.483269542,1108389.5599325134,19117682.32201025,23907793.871651925,4790111.549641676,19284299.084617253,23482045.650565125,1109571.1205701558,5.021850354094129,1.7675538130568231,132.10261611064828,2352.4653561878026,0.0
8.0,demand,0.0,45.0,0.0,0,optimal,True,21203311.968048587,1.8622528840595916,0.7739305349895298,21203311.968048587,1525784.268384408,18628990.061055925,25182525.236727133,6553535.175671209,19074100.829478912,23825439.84180371,1536252.5713269822,6.076159277398302,1.2970588782555987,79.15806528072528,2685.1277198459165,0.0
16.0,demand,0.0,45.0,0.0,0,optimal,True,18325402.109235976,1.7405696578378826,0.7996419181545528,21895708.784664635,2356814.4448396023,18259053.223684814,28546228.809480444,10287175.58579563,18565926.217119273,24511204.1688932,2370273.8617881536,8.657889051420781,1.109018425490881,93.94129968205199,2908.4860374729296,0.0
