vol_multiplier,shock_type,correlated,subsidy,deviation,run,termination_condition,feasible,objective,avg_h2_production,std_h2_production,avg_scenario_obj,std_scenario_obj,worst_scenario_obj,best_scenario_obj,obj_range,cvar_5pct,avg_revenue,std_revenue,avg_demand_met,min_demand_met,total_entry_booking,total_exit_booking,n_quality_deviations
1.0,demand,1.0,0.0,0.0,2,optimal,True,20372339.900446337,0.0,0.0,20372339.900446337,2315246.154534334,14926006.398816817,23587328.75023834,8661322.351421524,16683917.440340191,22841998.476961404,2325293.3264981452,5.528157133003205,3.700322973187226,140.86784592437004,235.27463099595437,0.0
2.0,demand,1.0,0.0,0.0,2,optimal,True,20616135.789666105,0.0,0.0,20616135.789666105,2397168.485921979,17341397.484896943,23902157.788263366,6560760.303366423,17341397.484897148,23095128.57245803,2396989.7872544033,6.067730637646341,4.040714648894661,87.52142258967888,132.29022199221197,0.0
4.0,demand,1.0,0.0,0.0,2,optimal,True,20546593.777128372,0.0,0.0,20546593.777128376,2822749.800532678,16894895.4380479,24528264.769873265,7633369.331825364,16894895.4380479,23022131.530815765,2824318.666221247,7.432954625807392,3.2665404523919075,87.74628771463645,167.11207918848407,0.0
8.0,demand,1.0,0.0,0.0,2,optimal,True,20662997.49737638,0.021846744217915375,0.09851242596461988,20662997.49737638,3548740.9567724434,16002605.224820295,25778487.076727036,9775881.851906741,16002605.224820366,23146873.68303572,3548917.155123916,11.17324938543795,2.7028532359148474,86.73972602739603,848.6605471387311,0.0
16.0,demand,1.0,0.0,0.0,2,optimal,True,20993327.30887871,0.0,0.0,21026509.17677823,5166923.0179907065,14216901.043105913,28290696.476705007,14073795.433599094,14219768.892864196,23509110.952409483,5166144.013681233,19.805058820357377,2.3861371261371644,77.73972602739725,373.53443330317754,0.0
