vol_multiplier,shock_type,correlated,subsidy,deviation,run,termination_condition,feasible,objective,avg_h2_production,std_h2_production,avg_scenario_obj,std_scenario_obj,worst_scenario_obj,best_scenario_obj,obj_range,cvar_5pct,avg_revenue,std_revenue,avg_demand_met,min_demand_met,total_entry_booking,total_exit_booking,n_quality_deviations
1.0,demand,0.6,45.0,0.0,3,optimal,True,20074209.21431963,1.8668047897366935,0.6132595120347794,20074209.21431963,2104036.8543417333,15679848.958018154,22427058.100751374,6747209.14273322,15865780.703506177,22687025.000237986,2094487.0306978624,5.893373203707957,4.637652137474183,107.39873793613951,1159.8381163272143,0.0
2.0,demand,0.6,45.0,0.0,3,optimal,True,20678236.015321977,1.3863311453073517,0.9141700859187081,20678236.015321977,3943098.2863177117,14501559.311759047,25159627.585764337,10658068.27400529,14501559.31175906,23257071.50713566,3944624.948225533,6.6762981875716125,4.306111292545762,77.68051871865974,1096.9249770066747,0.0
4.0,demand,0.6,45.0,0.0,3,optimal,True,22236029.27680323,0.6994523411345666,0.8340839075888198,22236029.27680323,7950996.814481941,10022821.659774395,31819142.098622505,21796320.438848108,10346996.0911005,24754055.656491864,8010045.318134168,8.643410857949196,2.924026493651499,108.57396904196729,846.4841612436431,0.0
8.0,demand,0.6,45.0,0.0,3,optimal,True,26398029.19444986,0.5107185910922043,0.8658679269937664,26398029.194449857,14779180.738326248,4880407.3372678235,45058577.00186743,40178169.664599605,4880407.3372678235,28826699.959255792,14910204.876417074,13.24721353485672,2.6128772328567744,359.5395634695519,805.1978933285272,0.0
16.0,demand,0.6,45.0,0.0,3,optimal,True,36780549.21517541,0.8200863292950968,1.0530041539392425,36780549.215175405,25966697.076689027,-628773.8469404517,72040367.36650255,72669141.21344301,-590843.4363877377,38941776.86887026,26512863.890568726,20.571416950549168,1.119010419098773,423.8019227770311,705.6803199514974,0.0
