vol_multiplier,shock_type,correlated,subsidy,deviation,run,termination_condition,feasible,objective,avg_h2_production,std_h2_production,avg_scenario_obj,std_scenario_obj,worst_scenario_obj,best_scenario_obj,obj_range,cvar_5pct,avg_revenue,std_revenue,avg_demand_met,min_demand_met,total_entry_booking,total_exit_booking,n_quality_deviations
1.0,demand,0.6,30.0,0.0,1,optimal,True,21636729.955604102,0.2996575342465754,0.792819314103259,21636729.955604106,1090123.9971989763,20126101.135880616,23668647.68999192,3542546.5541113056,20147909.867370185,24152496.942072336,1146563.4050111673,5.336937911994262,4.565296166185522,76.73972602739725,1034.2217837370536,0.0
2.0,demand,0.6,30.0,0.0,1,optimal,True,23249155.818352457,0.6838381262211736,1.0077534301923219,23249155.81835246,2177345.042198388,20438255.589728616,27529364.80117001,7091109.211441394,20438255.58972873,25809234.870901316,2266957.4805606436,5.652710275054757,3.9505255804290984,76.73972602739723,1105.7285532389872,0.0
4.0,demand,0.6,30.0,0.0,1,optimal,True,26675340.014691446,1.249777991509788,1.060675100181483,26675340.015141573,4242273.841437819,21136405.397770524,34864773.34552152,13728367.947750993,21196744.69935232,29299901.065625772,4307934.146665057,6.801547168972444,3.2821770099674525,79.21477850829339,983.2659316192631,0.0
8.0,demand,0.6,30.0,0.0,1,optimal,True,33535572.137964826,0.9273468842658786,1.1127372399449382,33628586.516219534,8146992.630193245,24264188.15056501,49098791.7741843,24834603.623619292,24264188.15056501,36209284.64776863,8241955.576399878,9.869351666916248,2.9491745066622936,93.90561083523473,882.2670256677551,0.0
16.0,demand,0.6,30.0,0.0,1,optimal,True,48176812.14710185,1.5036891858417598,1.023572476666903,48176812.14710185,16030127.068246417,30783608.675746642,79018739.32355566,48235130.64780902,30783608.675746646,50812347.61483169,16102139.784654904,16.411942853904076,3.044074015575006,124.06240707082591,781.5635167747336,0.0
