vol_multiplier,shock_type,correlated,subsidy,deviation,run,termination_condition,feasible,objective,avg_h2_production,std_h2_production,avg_scenario_obj,std_scenario_obj,worst_scenario_obj,best_scenario_obj,obj_range,cvar_5pct,avg_revenue,std_revenue,avg_demand_met,min_demand_met,total_entry_booking,total_exit_booking,n_quality_deviations
1.0,demand,0.0,0.0,0.0,2,optimal,True,20691152.754535083,0.008413843460650945,0.03327311278076039,20691152.75453508,770592.8300813311,18563382.667957906,22042869.049057577,3479486.381099671,19118792.51941013,23164796.757945545,779872.6442558842,5.525402052295392,4.207887813221549,176.14155936429034,1532.9406866432157,0.0
2.0,demand,0.0,0.0,0.0,2,optimal,True,20916536.65687048,0.0014185744505300943,0.011259585636998186,20916536.65687048,799396.4558369119,19220449.13972041,22533968.380700786,3313519.2409803756,19329331.63142101,23395643.049924232,798157.8279448497,6.0559861972694184,4.040714648894628,97.94630011160652,1729.7724360582713,0.0
4.0,demand,0.0,0.0,0.0,2,optimal,True,20863788.667564362,0.0029517289121137238,0.02342862191739643,20863788.667564362,891029.4776339117,18925760.387472685,23256153.972465992,4330393.584993307,19088224.679530073,23341481.754615292,893452.7614895764,7.436761249261567,3.266540452391929,116.9947214819101,2191.9488586504917,0.0
8.0,demand,0.0,0.0,0.0,2,optimal,True,21105221.024697885,0.0010409633976022775,0.00826239082192943,21105221.024697885,1324277.7905824129,18637450.26696976,25177933.78590152,6540483.518931761,18751131.723356877,23584600.427611627,1324129.9116829112,11.169622206434415,2.7028636711665577,75.73972602739725,3178.1313578830673,0.0
16.0,demand,0.0,0.0,0.0,2,optimal,True,21848043.01768683,0.0,0.0,21848043.01768683,2350877.7049374525,17551905.21987211,29115626.928263634,11563721.708391525,17683450.262801256,24326478.408027306,2350245.5628784127,19.732301677778707,2.3620290225513836,98.56959861577332,3509.6917113569666,0.0
