vol_multiplier,shock_type,correlated,subsidy,deviation,run,termination_condition,feasible,objective,avg_h2_production,std_h2_production,avg_scenario_obj,std_scenario_obj,worst_scenario_obj,best_scenario_obj,obj_range,cvar_5pct,avg_revenue,std_revenue,avg_demand_met,min_demand_met,total_entry_booking,total_exit_booking,n_quality_deviations
1.0,demand,0.4,30.0,0.0,1,optimal,True,21530153.96266363,0.3696575342424778,0.7915241057721655,21530153.96266363,844895.1180617478,19029757.525600865,23257573.720578734,4227816.194977868,19885192.731767848,24046815.085325427,921156.4726426094,5.326892400309921,4.565645828787015,76.73972602739725,1145.3661169212874,0.0
2.0,demand,0.4,30.0,0.0,1,optimal,True,21641685.10575329,0.36965755183915266,0.7915241508394876,21641685.105753295,798488.8142752043,20235913.075132273,23234955.157159805,2999042.082027532,20522578.514729973,24164518.738003455,854610.4068303452,5.642618717749752,3.95049855685216,76.73972602739725,1145.610433796143,0.0
4.0,demand,0.4,30.0,0.0,1,optimal,True,21730769.597249757,0.6705044317661335,0.9992894037343483,21730769.597249757,808372.2670138925,20615905.900831927,23250274.287599523,2634368.386767596,20691215.063692126,24287741.99851019,885161.9019129052,6.789317200542831,3.2781119952668236,90.4651223547207,883.785284157443,0.0
8.0,demand,0.4,30.0,0.0,1,optimal,True,22060911.35979743,0.731974016255266,1.0021446755558683,22060911.35979743,1035546.3307213692,20514716.74187907,23698043.741034582,3183326.999155514,20557998.363919124,24621790.04377208,1109808.6098504968,10.031113587984716,2.9474721355651874,87.16926572477934,781.6992377288914,0.0
16.0,demand,0.4,30.0,0.0,1,optimal,True,22900118.2742266,0.8381314322855022,1.0557672856431848,22900118.274226595,1711129.1894748602,19989577.43816904,25732541.753242593,5742964.3150735535,20267179.796854872,25468320.320040397,1764498.850890142,16.950629897893553,3.024244911892746,121.39305975464308,900.1030146012823,0.0
