vol_multiplier,shock_type,correlated,subsidy,deviation,run,termination_condition,feasible,objective,avg_h2_production,std_h2_production,avg_scenario_obj,std_scenario_obj,worst_scenario_obj,best_scenario_obj,obj_range,cvar_5pct,avg_revenue,std_revenue,avg_demand_met,min_demand_met,total_entry_booking,total_exit_booking,n_quality_deviations
1.0,demand,0.6,0.0,0.0,1,optimal,True,21613219.435696192,0.0,0.0,21613219.435696192,1101134.0704095247,19939812.81962102,23614533.536238108,3674720.7166170888,20012847.38560529,24093275.54476646,1093921.9816142935,5.329090069224713,4.517158494034433,74.73972602739725,1014.4020166145689,0.0
2.0,demand,0.6,0.0,0.0,1,optimal,True,21650367.31465561,0.006285170084969127,0.049886990977713035,21650367.31465561,1107963.54029974,20128509.77506793,23601719.13041696,3473209.3553490303,20128509.775068,24131614.826485656,1100378.1831612226,5.637124824446699,3.9086175923099025,74.73972602739725,993.5476359813746,0.0
4.0,demand,0.6,0.0,0.0,1,optimal,True,21788355.252661645,0.0,0.0,21788355.25266164,1323423.9554416798,19822631.314292368,23890498.25029185,4067866.935999483,19876947.11760697,24269068.280342765,1315467.946855384,6.78212804011272,3.247362066545153,74.73972602739725,926.8470218599041,0.0
8.0,demand,0.6,0.0,0.0,1,optimal,True,22071413.984490607,0.0,0.0,22071413.984490607,1719604.053374459,19876429.828690406,25035770.672989316,5159340.84429891,19876429.828690473,24547973.701016776,1713157.4381760731,9.99509729504238,2.9178914657965977,107.71854370220238,896.148924668047,0.0
16.0,demand,0.6,0.0,0.0,1,optimal,True,23110530.0167035,0.023719833062189583,0.06275677942252131,23110530.0167035,2680053.17128792,19923916.91274114,27653021.470956963,7729104.558215823,19923916.91274114,25590163.935577,2686397.3452845323,16.996938800600333,3.0145586325589284,96.35449827889418,730.6970619364325,0.0
