vol_multiplier,shock_type,correlated,subsidy,deviation,run,termination_condition,feasible,objective,avg_h2_production,std_h2_production,avg_scenario_obj,std_scenario_obj,worst_scenario_obj,best_scenario_obj,obj_range,cvar_5pct,avg_revenue,std_revenue,avg_demand_met,min_demand_met,total_entry_booking,total_exit_booking,n_quality_deviations
1.0,demand,0.0,0.0,0.0,2,optimal,True,20691152.754535083,0.008413843460650945,0.03327311278076039,20691152.75453508,770592.8300813311,18563382.667957906,22042869.049057577,3479486.381099671,19118792.51941013,23164796.757945545,779872.6442558842,5.525402052295392,4.207887813221549,176.14155936429034,1532.9406866432157,0.0
2.0,demand,0.0,0.0,0.0,2,optimal,True,22154762.89006342,0.006263409803597962,0.03487318989427292,22154762.89006342,1362039.6028263639,19361060.57055917,24685969.132783826,5324908.562224656,19438793.40228836,24629979.799055632,1359290.4659765537,6.041715148986036,4.041122173539329,131.7682492582813,1173.11651148474,0.0
4.0,demand,0.0,0.0,0.0,2,optimal,True,24898453.173439674,0.00011431857004841946,0.0009073755197539051,24898453.17343967,2747510.4346660525,19577719.692557115,29864655.40075023,10286935.708193116,19657727.62501242,27367819.35233627,2744452.505835725,7.338987195468794,3.2668074628583983,98.02587213874156,1011.5096618834019,0.0
8.0,demand,0.0,0.0,0.0,2,optimal,True,31205224.371469043,0.6698553249038993,1.0677061418228968,31205224.371469047,5809192.746011001,21044893.60765531,40301142.38186055,19256248.774205238,21059258.08494352,33805620.562818706,5919882.222096155,10.999910930952714,2.6884671096470782,103.15810404468837,1479.1501802229661,0.0
16.0,demand,0.0,0.0,0.0,2,optimal,True,44826639.81702659,1.3408382185213559,1.0758266151808407,45008936.56415014,12304325.78239954,24151243.68150115,62368567.705263205,38217324.023762055,24285175.511746157,47740368.09982197,12487243.965544496,19.447014991107665,2.377901075757809,107.57165020644827,1219.2188397363054,0.0
