vol_multiplier,shock_type,correlated,subsidy,deviation,run,termination_condition,feasible,objective,avg_h2_production,std_h2_production,avg_scenario_obj,std_scenario_obj,worst_scenario_obj,best_scenario_obj,obj_range,cvar_5pct,avg_revenue,std_revenue,avg_demand_met,min_demand_met,total_entry_booking,total_exit_booking,n_quality_deviations
1.0,demand,0.8,45.0,0.0,3,optimal,True,19800621.835047044,2.0096031532200245,0.5768488017324254,19800621.835047044,2725740.729006986,14534294.569684304,23012133.598027855,8477839.02834355,14534294.569684304,22427053.40438924,2711644.932264556,5.902207490998155,4.767161987590873,75.73972602739725,1388.880499464137,0.0
2.0,demand,0.8,45.0,0.0,3,optimal,True,20119110.373087354,1.3141057518479866,0.8375397991642094,20119110.373087354,4976979.502077536,11572839.122483704,25652892.71343571,14080053.590952005,11591595.73438706,22690370.703581076,4987963.066490362,6.670688599162752,4.216033958583701,77.44532054584427,981.4897100130829,0.0
4.0,demand,0.8,45.0,0.0,3,optimal,True,20851017.030241393,0.877914857226721,0.9362391007936877,20851017.030241393,9770174.364559649,4892872.787918596,31688992.320466377,26796119.53254778,4892872.787918596,23383055.163013816,9824552.277868722,8.626389838851104,3.7569175790080105,114.26977884544517,974.7965678820951,0.0
8.0,demand,0.8,45.0,0.0,3,optimal,True,25001321.50836958,0.3999130422816316,0.5178243844444275,25001321.50836958,17483057.07235071,-818284.4528567605,44232774.97217425,45051059.42503101,-818284.4528566779,27108203.91652004,18053124.5643047,11.418520297345427,1.2551164946960633,401.44575524624435,564.1779465635418,0.0
16.0,demand,0.8,45.0,0.0,3,optimal,True,36236316.63722583,0.2784733614403831,0.4885218282692932,36236602.33187208,28151100.409316648,-631159.6534904073,69555636.75133857,70186796.40482898,-630761.8026387924,38148036.394621655,28925400.66436021,14.57418471606201,1.105108200099299,603.5975242252272,699.8667275972057,0.0
