vol_multiplier,shock_type,correlated,subsidy,deviation,run,termination_condition,feasible,objective,avg_h2_production,std_h2_production,avg_scenario_obj,std_scenario_obj,worst_scenario_obj,best_scenario_obj,obj_range,cvar_5pct,avg_revenue,std_revenue,avg_demand_met,min_demand_met,total_entry_booking,total_exit_booking,n_quality_deviations
1.0,demand,0.2,0.0,0.0,2,optimal,True,21766901.138094395,0.0,0.0,21766901.13809439,1193060.0771595538,19476417.49420689,24192532.43671442,4716114.942507528,19744025.299117923,24240316.064084835,1192138.1993238651,5.582796300732969,4.638171787899946,75.6504794571821,1134.9366516467721,0.0
2.0,demand,0.2,0.0,0.0,2,optimal,True,24058285.1022902,0.0,0.0,24058285.1022902,2511027.8693832126,19545733.25960591,28581331.604918912,9035598.345313001,19633941.79990692,26527474.772191904,2506780.2266990417,6.060743088553675,4.079377487808488,81.00587654732115,597.1740539069837,0.0
4.0,demand,0.2,0.0,0.0,2,optimal,True,28338964.234262712,0.0019310184511114117,0.010190557512174982,28338964.234262712,5012395.916527026,18036420.747753896,37633348.05597877,19596927.30822487,18555716.018961325,30810893.75699163,5009469.415906148,7.425999652689378,3.3282136550755133,92.09146552175933,1128.5276995555964,0.0
8.0,demand,0.2,0.0,0.0,2,optimal,True,37702648.07487583,0.29965753425024166,0.7928193141129593,37702648.07487583,9517089.652258243,20666842.213261228,54555181.9098217,33888339.69656047,20666842.213263907,40228668.905222684,9617560.360485736,11.078054411561801,2.7030001578381757,100.71605528775677,754.8298944276212,0.0
16.0,demand,0.2,0.0,0.0,2,optimal,True,58196530.12016325,1.246752252230983,0.9980328233859276,58196530.12016325,20108584.400655016,22847669.7828161,95648644.85052682,72800975.06771073,22847669.7828161,60910601.789280355,20217615.805327963,19.76148790715952,2.405589572724098,96.60219585485251,622.6667026408929,0.0
