vol_multiplier,shock_type,correlated,subsidy,deviation,run,termination_condition,feasible,objective,avg_h2_production,std_h2_production,avg_scenario_obj,std_scenario_obj,worst_scenario_obj,best_scenario_obj,obj_range,cvar_5pct,avg_revenue,std_revenue,avg_demand_met,min_demand_met,total_entry_booking,total_exit_booking,n_quality_deviations
1.0,demand,0.0,0.0,0.0,1,optimal,True,21255702.668878894,0.0,0.0,21255702.668878894,683997.7181971611,20223313.308532454,22787914.927409578,2564601.618877124,20240344.95717597,23735044.851729874,681717.952572838,5.312839565405263,4.4944683618480585,132.57112498005267,1338.3703022648347,0.0
2.0,demand,0.0,0.0,0.0,1,optimal,True,21290990.32643967,0.0,0.0,21290990.32643967,715996.9089351069,20149173.557172827,22960044.428912003,2810870.871739175,20186518.773581192,23775157.68263466,714379.7300756148,5.63236475360163,3.90841546137758,79.9383609110391,2089.713615418063,0.0
4.0,demand,0.0,0.0,0.0,1,optimal,True,21370172.48225521,0.006665663081666573,0.052907060512302526,21370172.482255213,768140.747731746,20084332.563074563,23104867.06171458,3020534.4986400157,20101067.978040904,23855686.21998749,765027.6744481937,6.783105930968788,3.2470064969784658,74.73972602739752,2603.9658945547167,0.0
8.0,demand,0.0,0.0,0.0,1,optimal,True,21819555.739977922,0.03971057425815098,0.1942060472533698,21819555.739977922,1224899.954256304,19349887.835788727,24276501.710708376,4926613.874919649,19786494.06902067,24313534.6628609,1220522.339325769,9.993998402129787,2.9177232438569813,79.54584561652841,3060.1152688321686,0.0
16.0,demand,0.0,0.0,0.0,1,optimal,True,22865996.204575237,0.00999999999998057,0.07937253933178348,22865996.204575237,2029776.0807132197,18401352.5047805,27696251.1439776,9294898.6391971,18972642.975391824,25351686.33095502,2031565.487266293,17.34831986757791,3.0116606813748485,100.27897520574814,3318.86047916327,0.0
