vol_multiplier,shock_type,correlated,subsidy,deviation,run,termination_condition,feasible,objective,avg_h2_production,std_h2_production,avg_scenario_obj,std_scenario_obj,worst_scenario_obj,best_scenario_obj,obj_range,cvar_5pct,avg_revenue,std_revenue,avg_demand_met,min_demand_met,total_entry_booking,total_exit_booking,n_quality_deviations
1.0,demand,0.8,30.0,0.0,3,optimal,True,19887779.255804706,0.0033136699385753698,0.02630143975326332,19887779.255804703,2513365.0880292156,15498653.180988204,22914612.15215141,7415958.971163206,15498653.180988235,22364004.53991936,2510356.831242142,5.845231030996161,4.717680872037334,73.73972602739725,973.4321687026628,0.0
2.0,demand,0.8,30.0,0.0,3,optimal,True,19936073.21610674,0.4773913581968629,0.8482034756085536,20043628.31618187,5046380.383576671,11543577.073258176,25555194.054936785,14011616.981678609,11543577.073258186,22574736.17974066,5095767.292707485,6.647481436980556,4.288230218112932,78.77432676546192,945.3707534865445,0.0
4.0,demand,0.8,30.0,0.0,3,optimal,True,20966636.389855016,0.42142090117424114,0.7921627895048003,20966636.389855016,9972320.375539605,4920299.006926795,31587981.58147004,26667682.574543245,4920299.006926795,23457714.436235,10057300.807218157,8.614517986611997,2.647423447294523,93.63322339319127,940.9776478332,0.0
8.0,demand,0.8,30.0,0.0,3,optimal,True,24657142.414378732,0.5021169487881879,0.7331273885262791,24657142.414378732,17330084.161948632,-730927.8738572343,44169882.00702754,44900809.880884774,-729943.6609147377,26851872.30953877,17850173.09242527,11.643445789230586,1.2448233122753565,640.4457174676744,1038.9433736637313,0.0
16.0,demand,0.8,30.0,0.0,3,optimal,True,36360314.540329956,0.35432102648451236,0.6220562882336419,36360314.54032995,28219229.012063574,-515502.50753932004,69543580.82473227,70059083.33227159,-510475.8996741464,38275070.92068708,29032779.297990102,14.515713156412943,1.1190104190987715,525.4840833922028,523.2544051972206,0.0
