vol_multiplier,shock_type,correlated,subsidy,deviation,run,termination_condition,feasible,objective,avg_h2_production,std_h2_production,avg_scenario_obj,std_scenario_obj,worst_scenario_obj,best_scenario_obj,obj_range,cvar_5pct,avg_revenue,std_revenue,avg_demand_met,min_demand_met,total_entry_booking,total_exit_booking,n_quality_deviations
1.0,demand,0.6,45.0,0.0,1,optimal,True,21589361.379850227,1.9227341086942502,0.6276329497501152,21589361.379850227,1105576.930945574,20034739.12368621,23741197.135493144,3706458.011806935,20060342.08958965,24213679.590908475,1124505.250388546,5.375041395330444,4.536295246157082,75.13698630136986,1381.5781015021394,0.0
2.0,demand,0.6,45.0,0.0,1,optimal,True,21712915.933962077,1.9707746515675366,0.5904968924871331,21712915.933962077,1167857.5133569501,20037597.860176105,23796450.819641087,3758852.959464982,20064615.884078305,24340867.385199226,1180877.825604157,5.6844793435629075,3.950525580429094,75.73972602739725,1204.5410187352404,0.0
4.0,demand,0.6,45.0,0.0,1,optimal,True,21852436.78029387,1.9479922245316037,0.5674689195596141,21852436.78029387,1354222.0377637418,19938325.631518677,24006016.399033718,4067690.767515041,19938325.63151876,24478139.75503394,1366013.6583635516,6.837483875462098,3.2821770099676977,75.73972602739725,1000.5267099492503,0.0
8.0,demand,0.6,45.0,0.0,1,optimal,True,22044703.24937557,1.8028685529523805,0.5857726436770334,22044703.249375574,1768676.4647883913,19617272.143329095,25109764.346521694,5492492.203192599,19746040.196849313,24656011.696901396,1789863.3820519156,10.062625230733305,2.947482108468888,83.85159023647299,1295.0925749642756,0.0
16.0,demand,0.6,45.0,0.0,1,optimal,True,23161087.031150494,1.487662355127585,0.822641686243852,23161087.031150494,2703605.008419331,19929132.464771483,27816234.189238764,7887101.724467281,19929132.464771483,25743988.37968341,2735162.3089652797,17.06629981839206,3.024465164789908,101.38623255520415,822.3343697138,0.0
