vol_multiplier,shock_type,correlated,subsidy,deviation,run,termination_condition,feasible,objective,avg_h2_production,std_h2_production,avg_scenario_obj,std_scenario_obj,worst_scenario_obj,best_scenario_obj,obj_range,cvar_5pct,avg_revenue,std_revenue,avg_demand_met,min_demand_met,total_entry_booking,total_exit_booking,n_quality_deviations
1.0,demand,1.0,0.0,0.0,2,optimal,True,20372339.900446337,0.0,0.0,20372339.900446337,2315246.154534334,14926006.398816817,23587328.75023834,8661322.351421524,16683917.440340191,22841998.476961404,2325293.3264981452,5.528157133003205,3.700322973187226,140.86784592437004,235.27463099595437,0.0
2.0,demand,1.0,0.0,0.0,2,optimal,True,20783364.81846164,0.0,0.0,20783364.81846164,4198070.766529072,14989533.415642103,26537107.57761111,11547574.161969008,14989533.415642181,23262487.357446156,4199408.550175323,6.067141601431166,4.0407146488946415,77.83832308053525,196.71581646565588,0.0
4.0,demand,1.0,0.0,0.0,2,optimal,True,21363038.292113826,0.0,0.0,21363038.292113826,8449129.566952253,9849446.127997719,33243910.137457743,23394464.009460025,9849446.127997736,23843883.84180305,8441970.621038584,7.458927715350123,3.3279475187033056,82.73972602739725,775.7929011460666,0.0
8.0,demand,1.0,0.0,0.0,2,optimal,True,22827225.085691325,0.18877982102846172,0.3783971314694557,22827225.08569133,16999450.691263255,416706.41987935797,47547832.18052074,47131125.76064139,416706.41987935797,25204808.343898457,17231355.356367618,10.746072090354058,2.6110075629209164,250.67423383014315,1214.4436636580056,0.0
16.0,demand,1.0,0.0,0.0,2,optimal,True,30329326.312461883,0.3508427911127151,0.45322580411034047,30329326.312461883,30868454.253146853,-379741.26657193794,76217141.4508855,76596882.71745744,-379741.2665719379,32140957.566368066,31688210.232981622,16.91860864687307,1.0759655390222675,393.3701201573776,420.7279909169175,0.0
