vol_multiplier,shock_type,correlated,subsidy,deviation,run,termination_condition,feasible,objective,avg_h2_production,std_h2_production,avg_scenario_obj,std_scenario_obj,worst_scenario_obj,best_scenario_obj,obj_range,cvar_5pct,avg_revenue,std_revenue,avg_demand_met,min_demand_met,total_entry_booking,total_exit_booking,n_quality_deviations
1.0,demand,0.0,70.0,0.0,2,optimal,True,20994938.16643739,2.252236592356648,0.26140574968562696,20994938.16643739,782815.4982133459,18995671.954414565,22303175.607414216,3307503.6529996507,19437481.226279106,23481667.60432753,786103.8149072535,5.626139497987156,4.6291756593935816,120.36225852930735,1679.7059723656296,0.0
2.0,demand,0.0,70.0,0.0,2,optimal,True,22265585.417374987,2.080409455029031,0.45644060948398735,22265585.41737499,1427839.018211272,18861096.935525548,24976991.838277835,6115894.902752288,19202919.162490487,24742860.05658423,1428521.86731584,6.0545201273532765,4.046241201263425,146.38948734664805,1326.83342674937,0.0
4.0,demand,0.0,70.0,0.0,2,optimal,True,25266173.90478717,2.310649670858728,0.14309997999649293,25266173.90478717,2786060.077132957,19880054.84994238,30214827.83604851,10334772.986106131,19967002.097575385,27746395.979317673,2779664.4070078502,7.42517828346571,3.3562024171101847,102.5031316018696,1242.3773799437554,0.0
8.0,demand,0.0,70.0,0.0,2,optimal,True,31255016.139074944,2.1132852289988215,0.41480466703788527,31255016.13907495,5943800.102370196,20564301.26602895,40768056.46693297,20203755.200904015,20643817.861071963,33728071.12795785,5940450.207798972,11.031121856232613,2.68369873324627,133.89972227986317,1328.9602763681187,0.0
16.0,demand,0.0,70.0,0.0,2,optimal,True,45320558.394077316,2.0781478887055576,0.44501119982557885,45353740.26197684,12332972.72451705,24410514.34585559,62835023.59490644,38424509.249050856,24548890.405791163,47827341.045288056,12326337.828201339,19.457806538049567,2.377901075757809,126.02466289280972,1248.3955016609789,0.0
