vol_multiplier,shock_type,correlated,subsidy,deviation,run,termination_condition,feasible,objective,avg_h2_production,std_h2_production,avg_scenario_obj,std_scenario_obj,worst_scenario_obj,best_scenario_obj,obj_range,cvar_5pct,avg_revenue,std_revenue,avg_demand_met,min_demand_met,total_entry_booking,total_exit_booking,n_quality_deviations
1.0,demand,0.8,70.0,0.0,2,optimal,True,21332839.28854317,2.1230005357741852,0.35507955903697525,21332839.288543165,1828693.5936227723,19355740.53325285,24050854.12257343,4695113.589320581,19367556.977182277,23811928.732621744,1828986.2847772278,5.620019147898953,4.662588446857458,100.26534865226445,1040.6369914940205,0.0
2.0,demand,0.8,70.0,0.0,2,optimal,True,21348263.240392257,2.196439943171268,0.2883668867769196,21348263.240392253,1992324.5811223264,19017257.629097536,24325260.95166727,5308003.322569735,19017257.629097622,23831660.15246606,1989559.1604113749,6.131200711762039,4.108391870076933,76.73972602739725,1090.9041581775589,0.0
4.0,demand,0.8,70.0,0.0,2,optimal,True,21297829.988925662,2.150510827385154,0.30471846512967904,21297829.988925666,2367578.8717560717,18302966.344390277,24847355.885692917,6544389.54130264,18315273.62814689,23785469.39854133,2369262.5193579136,7.529383066339273,3.3605127763068254,78.73972602740452,1261.4235967650256,0.0
8.0,demand,0.8,70.0,0.0,2,optimal,True,21346604.416846942,2.1506503890628537,0.32339374061589504,21346604.416846946,3111460.65938184,17346273.4330009,26018512.149934914,8672238.716934014,17346273.433000904,23834124.45183079,3116873.0865725623,11.284298159680269,2.7288325210409816,78.73972602739727,1272.9393550463606,0.0
16.0,demand,0.8,70.0,0.0,2,optimal,True,21864593.35777259,2.2370560843797236,0.2547170258638349,21864593.35777259,4463153.8294184245,16106412.954507742,28435881.915569022,12329468.96106128,16106412.954507755,24351793.830019247,4467413.309781976,20.00906056475005,2.4110163605353554,75.73972602739777,916.8784066415798,0.0
