vol_multiplier,shock_type,correlated,subsidy,deviation,run,termination_condition,feasible,objective,avg_h2_production,std_h2_production,avg_scenario_obj,std_scenario_obj,worst_scenario_obj,best_scenario_obj,obj_range,cvar_5pct,avg_revenue,std_revenue,avg_demand_met,min_demand_met,total_entry_booking,total_exit_booking,n_quality_deviations
1.0,demand,1.0,45.0,0.0,0,optimal,True,20382764.144767404,1.238614685005428,0.5836881055118597,20382764.1447674,3410100.645652226,15546498.112934206,25508948.38621606,9962450.273281854,15546498.112934215,22939716.722430695,3455061.1943066088,4.887496980952635,3.577983644312504,142.3721585371434,278.4594512025529,0.0
2.0,demand,1.0,45.0,0.0,0,optimal,True,20522873.19704063,1.440681644010688,0.5360270989950598,20522873.197040632,3529847.017564445,15953181.440474778,26017717.23864332,10064535.79816854,15953181.440474795,23104092.49322771,3543981.4898668025,4.815804519314788,2.607676108309656,162.29214181679086,661.5297105479937,0.0
4.0,demand,1.0,45.0,0.0,0,optimal,True,20717016.954342674,1.7020298300575207,0.40109289325805564,20717016.95434268,4024910.106464514,15318348.193872802,27073203.712773193,11754855.51890039,15318348.193872845,23324931.258249626,4018969.7450371264,5.030651215345539,1.759248486027621,79.7397260273976,1002.1999394060205,0.0
8.0,demand,1.0,45.0,0.0,0,optimal,True,20877933.544258,1.3746675758579836,0.6863340394522306,20877933.544258,5289603.130263919,14018231.922553027,29191556.26333679,15173324.340783762,14018231.922553107,23458724.593807593,5310824.930369512,6.057213802708972,1.2873447359937307,102.67406096692763,515.6135749493428,0.0
16.0,demand,1.0,45.0,0.0,0,optimal,True,17767402.019458592,1.533681093805379,0.9066448040390465,21337708.694884814,7610786.944555002,11440899.153065158,33426799.530031595,21985900.37696644,11440899.153065199,23934432.998691984,7662327.777951823,8.668241754470422,1.1015049323437514,84.99894002316131,537.3228193644314,0.0
