vol_multiplier,shock_type,correlated,subsidy,deviation,run,termination_condition,feasible,objective,avg_h2_production,std_h2_production,avg_scenario_obj,std_scenario_obj,worst_scenario_obj,best_scenario_obj,obj_range,cvar_5pct,avg_revenue,std_revenue,avg_demand_met,min_demand_met,total_entry_booking,total_exit_booking,n_quality_deviations
1.0,demand,0.0,0.0,0.0,1,optimal,True,21268896.14171376,0.0,0.0,21268896.14171376,641127.8011941145,20223646.363348395,22738405.710737612,2514759.3473892175,20240678.01199178,23749424.490451515,637508.8366674721,5.325002364840474,4.494468361848034,80.52389218139531,1513.3769079744327,0.0
2.0,demand,0.0,0.0,0.0,1,optimal,True,22863774.592713643,0.0,0.0,22863774.592713647,1298231.1580614469,20588948.12089196,25880816.07892654,5291867.958034582,20607571.998309653,25342754.4457391,1294569.4195875917,5.635037319544331,3.9085569109095673,76.26872526923006,1210.6239732428105,0.0
4.0,demand,0.0,0.0,0.0,1,optimal,True,25874257.101914294,0.0,0.0,25874257.101914294,2694360.2637752327,21457373.58219882,31798690.89320942,10341317.3110106,21489003.524597045,28350998.306773923,2694588.3519255817,6.75947115404768,3.2476041429928393,96.85323768430476,1044.6254261833346,0.0
8.0,demand,0.0,0.0,0.0,1,optimal,True,32845474.264718216,0.02820132044508251,0.12716679724626753,32845474.264718216,5865414.244484178,23212875.36781683,45723518.36610898,22510642.998292148,23573497.97039466,35313481.66062139,5889674.819708792,9.896099728873203,2.918113449829511,83.25342339278923,880.7223697964131,0.0
16.0,demand,0.0,0.0,0.0,1,optimal,True,47516932.57580832,0.5406366869912695,0.7961652176163737,47516932.57580832,12122602.5554705,30309163.477559198,76466154.616296,46156991.1387368,30383586.394473735,50098083.240988545,12204283.195257159,17.342098445800644,3.0248272704574775,92.91363612902796,1096.0198149956575,0.0
