vol_multiplier,shock_type,correlated,subsidy,deviation,run,termination_condition,feasible,objective,avg_h2_production,std_h2_production,avg_scenario_obj,std_scenario_obj,worst_scenario_obj,best_scenario_obj,obj_range,cvar_5pct,avg_revenue,std_revenue,avg_demand_met,min_demand_met,total_entry_booking,total_exit_booking,n_quality_deviations
1.0,demand,0.8,70.0,0.0,3,optimal,True,19866505.19182091,2.160632689424964,0.331836069744029,20090992.196279697,2531806.0253523765,15639734.15035394,23178712.334318638,7538978.183964698,15639734.150355438,22578953.255746253,2528939.6129047982,5.907052508499454,4.7682636462872034,75.7397260273977,1053.5146207384364,0.0
2.0,demand,0.8,70.0,0.0,3,optimal,True,20002226.260083053,2.176599757629803,0.37600776274084635,20002226.26008305,2830804.2848691675,14763568.833293956,23701109.428582393,8937540.595288437,14763568.833293954,22484523.29345534,2828278.4866202907,6.693678064567942,4.343588742150922,76.44532054584359,1288.96658319648,0.0
4.0,demand,0.8,70.0,0.0,3,optimal,True,20164738.56873073,2.1867851726307155,0.30033465666230996,20164738.56873073,3263214.394764361,14910733.935251836,24742188.661244012,9831454.725992177,14933977.53779625,22653384.491646744,3259765.4165468314,8.720057629160571,3.8092172740191517,80.65730784188874,1049.6695698176097,0.0
8.0,demand,0.8,70.0,0.0,3,optimal,True,20393365.749342494,2.22839251206524,0.25776671717018673,20393365.749342494,4240788.780700008,13542743.192525407,26824481.148917273,13281737.956391865,13561301.354489008,22879612.81225995,4238343.781837346,13.718984105718635,3.7632736420389694,82.5070550291046,1176.6995827607166,0.0
16.0,demand,0.8,70.0,0.0,3,optimal,True,21010294.563195996,2.046428389447403,0.4504741133841622,21010294.56319599,6012144.432561629,12033970.380646063,30988720.472005837,18954750.09135977,12034021.392706914,23493802.64955946,6011488.5913996175,24.48581538651952,4.048334337551243,104.21154995479897,754.9051852326273,0.0
