vol_multiplier,shock_type,correlated,subsidy,deviation,run,termination_condition,feasible,objective,avg_h2_production,std_h2_production,avg_scenario_obj,std_scenario_obj,worst_scenario_obj,best_scenario_obj,obj_range,cvar_5pct,avg_revenue,std_revenue,avg_demand_met,min_demand_met,total_entry_booking,total_exit_booking,n_quality_deviations
1.0,demand,1.0,30.0,0.0,1,optimal,True,21048995.836881977,0.08835637200591148,0.233768987075551,21048995.836881977,2087460.5818829983,18173373.765826497,24681153.074611872,6507779.308785375,18173373.765826497,23532630.68643359,2110103.2361521684,5.297940089780443,4.517218037040864,100.44338706083506,152.28170147875952,0.0
2.0,demand,1.0,30.0,0.0,1,optimal,True,21279877.534582395,0.07835101721060804,0.27681308731932674,21279877.53458239,2189705.0201999913,17995686.08916986,25110468.44012796,7114782.350958101,17995686.089170363,23767622.6453379,2205949.386529504,5.639348491944069,3.9088616919895927,76.73972602739725,111.23513329648712,0.0
4.0,demand,1.0,30.0,0.0,1,optimal,True,21375312.33877571,0.14486342894328982,0.25887015010802483,21375312.33877571,2607137.0118483715,17636317.600239184,25980821.063431703,8344503.463192519,17636317.600239184,23869197.524892274,2632851.624905784,6.774317252376617,3.2575412870954503,85.8674925635801,158.7436906215348,0.0
8.0,demand,1.0,30.0,0.0,1,optimal,True,21743124.51728036,0.27370753542179493,0.5544429363949271,21743124.517280355,3358872.788919248,16920016.586503513,27723365.677259114,10803349.0907556,16920016.58650367,24255041.346879456,3410943.6018592166,10.014495376271908,2.921792869552263,84.73972602746002,247.95359646852603,0.0
16.0,demand,1.0,30.0,0.0,1,optimal,True,22445286.78196154,0.38786107638394446,0.6748082388371269,22445286.781961538,4883408.6778444,15486398.031522606,31223643.622767672,15737245.591245066,15486398.031522615,24971204.25160248,4952471.200863523,17.372877434415138,3.0309150894247328,76.73972602739725,302.32245859099413,0.0
