vol_multiplier,shock_type,correlated,subsidy,deviation,run,termination_condition,feasible,objective,avg_h2_production,std_h2_production,avg_scenario_obj,std_scenario_obj,worst_scenario_obj,best_scenario_obj,obj_range,cvar_5pct,avg_revenue,std_revenue,avg_demand_met,min_demand_met,total_entry_booking,total_exit_booking,n_quality_deviations
1.0,demand,1.0,70.0,0.0,2,optimal,True,20696765.120836172,2.0480504397898938,0.5379449063397865,20696765.120836172,2277580.9648311418,17110062.425451748,23808150.69050055,6698088.265048802,17305368.4632204,23186134.88667214,2282328.69047765,5.615881705802125,4.21052898294211,164.69936514046486,481.9694024491896,0.0
2.0,demand,1.0,70.0,0.0,2,optimal,True,20805743.43768256,2.0982769131502863,0.2953089652335719,20805743.437682558,2403385.070892383,17450056.352815814,24104545.426929995,6654489.074114181,17465398.99044841,23297874.994881622,2403241.2843842204,6.128078395670648,4.0554874204821525,86.739726027429,284.61271818168086,0.0
4.0,demand,1.0,70.0,0.0,2,optimal,True,20725616.937547803,1.6362483196926498,0.6133204101180133,20725616.937547803,2825199.3841437693,17002118.85748642,24756952.184489425,7754833.327003006,17002118.85750163,23211182.889896724,2827312.6932522114,7.494469150418059,3.2731359639744078,104.07398509442015,357.4066417200338,0.0
8.0,demand,1.0,70.0,0.0,2,optimal,True,20953886.202582024,1.984369858931921,0.28130307511319624,20953886.202582024,3606340.29087669,16105226.894984398,26023193.386089135,9917966.491104737,16105226.89498441,23444254.589134775,3606872.667253142,11.268993992423072,2.730231422637323,80.73972602739765,451.1654297074512,0.0
16.0,demand,1.0,70.0,0.0,2,optimal,True,21200692.12258055,2.130194395692933,0.22865183806572473,21200692.12258055,5214323.118292883,14310054.718090061,28551007.129397176,14240952.411307115,14328084.994785072,23697298.02899516,5214299.068550472,19.992053741869444,2.3990797409068687,82.73972602739725,959.1908062316264,0.0
