vol_multiplier,shock_type,correlated,subsidy,deviation,run,termination_condition,feasible,objective,avg_h2_production,std_h2_production,avg_scenario_obj,std_scenario_obj,worst_scenario_obj,best_scenario_obj,obj_range,cvar_5pct,avg_revenue,std_revenue,avg_demand_met,min_demand_met,total_entry_booking,total_exit_booking,n_quality_deviations
1.0,demand,0.8,70.0,0.0,1,optimal,True,21690846.896504063,2.174819166576154,0.2826999290850842,21690846.89650406,1480911.7956635389,19476230.21264911,24032709.22490499,4556479.012255881,19478127.19631103,24181574.212752968,1471641.8048105016,5.382409853478373,4.565645828787015,75.73972602739772,1150.6462178777406,0.0
2.0,demand,0.8,70.0,0.0,1,optimal,True,21725540.021989025,1.9503195536682938,0.3969916880350916,21725540.021989025,1598764.5765572742,19339281.56283734,24173805.70163233,4834524.138794988,19339281.562838376,24216522.650600724,1593582.8223775716,5.685165703106637,3.9505255804290944,75.73972602756469,1058.6532636586994,0.0
4.0,demand,0.8,70.0,0.0,1,optimal,True,21928040.750038475,2.1612692310553347,0.3290370493940275,21928040.75003848,1897873.3763094707,19107798.309822824,24959319.477043286,5851521.167220462,19112605.567889284,24418087.969647087,1887380.823225922,6.850097199637952,3.2821770099676977,75.73972602739725,877.690868501288,0.0
8.0,demand,0.8,70.0,0.0,1,optimal,True,22188892.87060784,1.9516644833436971,0.34274159927320197,22188892.87106013,2519014.719676777,18589912.90857106,26581737.801607575,7991824.8930365145,18611323.676433418,24677530.377531163,2510718.683316542,10.0869758213132,2.939457897394869,79.73972602739725,1502.4639664591787,0.0
16.0,demand,0.8,70.0,0.0,1,optimal,True,23157221.53278319,1.867947355026415,0.6316798555772783,23157221.53278319,3825693.093482741,17888168.324889082,29837264.89310908,11949096.568219997,17962977.090738695,25642324.281252302,3821595.3412360684,17.467791843315318,3.024465164789908,78.7739840482497,966.8208914549941,0.0
