vol_multiplier,shock_type,correlated,subsidy,deviation,run,termination_condition,feasible,objective,avg_h2_production,std_h2_production,avg_scenario_obj,std_scenario_obj,worst_scenario_obj,best_scenario_obj,obj_range,cvar_5pct,avg_revenue,std_revenue,avg_demand_met,min_demand_met,total_entry_booking,total_exit_booking,n_quality_deviations
1.0,demand,0.0,70.0,0.0,3,optimal,True,21527783.606548674,2.0664727800026914,0.4129734282765956,21527783.606548674,1043625.0476734948,18989593.817537203,23239496.66547752,4249902.847940318,19042609.39850953,24013565.274783112,1050210.3993399753,5.876820792829779,4.767161987590897,144.90529990770094,1143.237485676326,0.0
2.0,demand,0.0,70.0,0.0,3,optimal,True,23055658.1193909,1.8751009693395018,0.5446069428166099,23055658.119390905,1869432.7758428194,19141469.081310645,26344332.155375812,7202863.074065167,19257980.73602343,25537632.32774988,1871223.8127144966,6.6351535630452645,4.33437943440331,111.76135271728539,1156.3794472872364,0.0
4.0,demand,0.0,70.0,0.0,3,optimal,True,26342429.7491485,1.9438612379053697,0.6309956897932696,26342429.749148495,3822195.5161080547,18586561.761337817,32447374.18639138,13860812.425053563,19150673.343616124,28826033.902457684,3818858.636505883,8.685201248531353,3.9430148344156173,91.27544104671122,1006.1990964749693,0.0
8.0,demand,0.0,70.0,0.0,3,optimal,True,33771632.27950219,1.6864725583044617,0.8268547075853534,33771632.27950218,6662455.593987875,20874185.271432113,44527036.12235241,23652850.850920293,20963359.861355204,36247268.05975601,6661139.3789444035,13.484744604049048,3.901100089693466,110.51678770988934,982.5927266656972,0.0
16.0,demand,0.0,70.0,0.0,3,optimal,True,49990683.22364023,1.3699838162378424,1.0525494910017543,49990683.22364023,13411505.906530851,23704691.823232405,69032246.73437971,45327554.911147304,23832540.54370891,52430614.79869868,13407508.28794286,23.36838437384568,3.8032156950013625,180.08134544441157,791.8976235807978,0.0
