vol_multiplier,shock_type,correlated,subsidy,deviation,run,termination_condition,feasible,objective,avg_h2_production,std_h2_production,avg_scenario_obj,std_scenario_obj,worst_scenario_obj,best_scenario_obj,obj_range,cvar_5pct,avg_revenue,std_revenue,avg_demand_met,min_demand_met,total_entry_booking,total_exit_booking,n_quality_deviations
1.0,demand,0.2,45.0,0.0,1,optimal,True,21599526.711821336,1.9383475711812153,0.5058993427309378,21599526.711821336,503486.17161842657,20931558.510827582,22827861.451204453,1896302.9403768703,20991658.187682565,24224067.529833835,502404.5051145308,5.376888244206322,4.56126009489339,76.73972602739725,1106.128432316059,0.0
2.0,demand,0.2,45.0,0.0,1,optimal,True,23137039.908822406,1.8764228356156503,0.618081845418129,23137039.90882241,1395576.3948235887,17956304.264134564,26030691.476783685,8074387.212649122,19849294.345560614,25737583.64306235,1473837.028307161,5.655050104315898,3.3770174108358755,94.04008117708594,782.3031806594149,0.0
4.0,demand,0.2,45.0,0.0,1,optimal,True,26658816.49686872,1.8261464750815515,0.7361876427045209,26658816.496868715,1991126.3396645717,23731056.82204421,31275758.939288642,7544702.117244434,24316375.141799275,29272554.225947082,1995479.8853975537,6.813460256144615,3.28217700997075,83.57722079843222,916.2190215991818,0.0
8.0,demand,0.2,45.0,0.0,1,optimal,True,33567077.64854557,1.4149813306896757,0.9557962403134573,33567077.64854557,3652594.4358753413,26824574.068752512,41952178.6173428,15127604.548590288,27595648.202246085,36145707.573879674,3670798.2838591784,9.874074315737513,2.949174506658249,92.2413292461768,1116.7374483304993,0.0
16.0,demand,0.2,45.0,0.0,1,optimal,True,49120764.11408785,1.608010143644962,0.9230554483448367,49120764.11408785,8289288.100398763,38576739.64402394,68409468.54917663,29832728.905152693,38718847.700483784,51700090.6250415,8302215.320938146,16.844194168598825,3.044074015575006,110.80110947855607,589.2131171804141,0.0
