vol_multiplier,shock_type,correlated,subsidy,deviation,run,termination_condition,feasible,objective,avg_h2_production,std_h2_production,avg_scenario_obj,std_scenario_obj,worst_scenario_obj,best_scenario_obj,obj_range,cvar_5pct,avg_revenue,std_revenue,avg_demand_met,min_demand_met,total_entry_booking,total_exit_booking,n_quality_deviations
1.0,demand,0.6,70.0,0.0,1,optimal,True,21792708.59516667,2.1495082221914763,0.2837856171511455,21792708.59516667,1097456.9857159706,20202687.024819523,23898974.127725534,3696287.102906011,20222447.42062051,24284421.274036936,1088342.870961788,5.3819232548911184,4.553387518025101,75.73972602739744,1338.5265786729265,0.0
2.0,demand,0.6,70.0,0.0,1,optimal,True,23399868.91172435,1.9353579352978065,0.522445633880875,23399868.91172435,2206384.3701932295,20486282.243114598,27572750.01083387,7086467.7677192725,20486282.2431146,25891898.983309537,2201720.270947071,5.684719176104838,3.950591944348138,75.73972602739757,1071.7491728922805,0.0
4.0,demand,0.6,70.0,0.0,1,optimal,True,26832141.071187165,2.1891403538532264,0.21864703877709105,26832141.07118716,4324339.855743789,21546880.941903494,35132302.23919887,13585421.297295377,21546880.9419035,29322349.39988932,4316224.923247276,6.844800765522287,3.2821770099676977,76.41771918031537,789.3622455619338,0.0
8.0,demand,0.6,70.0,0.0,1,optimal,True,34086099.811881,1.9665215046026472,0.729488729156103,34086099.811881,8169540.929726066,24266325.411083136,49366006.67225509,25099681.261171956,24266552.399865065,36572218.8797932,8167370.269593657,9.905245150101148,2.949174506662294,93.24132924369802,612.1235348627594,0.0
16.0,demand,0.6,70.0,0.0,1,optimal,True,48320160.62679437,1.6080875588094807,0.9550941558439393,48320160.62679437,16196315.25447739,27834998.82154166,79284672.69269702,51449673.87115536,28886612.202756133,50791577.352805644,16208356.699359793,16.506677409395238,3.044074015575006,129.62924400251953,1079.1594677880462,0.0
