vol_multiplier,shock_type,correlated,subsidy,deviation,run,termination_condition,feasible,objective,avg_h2_production,std_h2_production,avg_scenario_obj,std_scenario_obj,worst_scenario_obj,best_scenario_obj,obj_range,cvar_5pct,avg_revenue,std_revenue,avg_demand_met,min_demand_met,total_entry_booking,total_exit_booking,n_quality_deviations
1.0,demand,0.4,30.0,0.0,2,optimal,True,21493166.488768414,0.003857215726198165,0.03061570069394309,21640661.78807485,1560164.0543893552,15455450.17755742,23982851.46104769,8527401.28349027,18388180.756655067,24110315.28299328,1571437.5462806944,5.567537595252763,3.664410956740502,76.10741430724467,968.5845495727959,0.0
2.0,demand,0.4,30.0,0.0,2,optimal,True,23652681.491992734,0.6440718784212868,0.8770109912196202,23652681.491992734,2735755.358973696,19167044.484564163,28156978.4777402,8989933.993176036,19212125.845025282,26197954.25413304,2818510.6334690875,6.072927883973088,4.079055478481832,88.24446719465453,1258.6229994767014,0.0
4.0,demand,0.4,30.0,0.0,2,optimal,True,28301793.340296626,1.4210017120910798,0.942949014595308,28301793.340296626,5771810.277245758,19145554.137635443,36843172.14531855,17697618.00768311,19165412.76572298,30934513.2993325,5784057.675055816,7.460733774198169,3.347240707892435,97.91960200661231,691.247729513558,0.0
8.0,demand,0.4,30.0,0.0,2,optimal,True,37347541.14762022,1.7141317223473278,0.7509990865177135,37347541.14762022,10756789.78070576,20165507.203369327,52742542.5627982,32577035.359428875,20165507.203369327,40011775.449724086,10758326.767044531,11.151754604889707,2.7229760653435666,96.4508105420195,643.4001704039384,0.0
16.0,demand,0.4,30.0,0.0,2,optimal,True,56243128.93737696,1.728165096448307,0.829767568172295,56243128.93737696,22106212.382862963,21592405.440310262,91568602.52738547,69976197.0870752,21592405.440310407,58910426.665870644,22110673.337593272,19.798977661582455,2.4056930900679867,100.87849919467624,748.3756252318619,0.0
