vol_multiplier,shock_type,correlated,subsidy,deviation,run,termination_condition,feasible,objective,avg_h2_production,std_h2_production,avg_scenario_obj,std_scenario_obj,worst_scenario_obj,best_scenario_obj,obj_range,cvar_5pct,avg_revenue,std_revenue,avg_demand_met,min_demand_met,total_entry_booking,total_exit_booking,n_quality_deviations
1.0,demand,0.8,30.0,0.0,1,optimal,True,21510560.470645018,0.40012276305498773,0.8307455472191785,21510560.470645018,1450259.111927633,19371854.053672932,23786319.601600133,4414465.547927201,19371854.053672932,24037579.680156536,1515792.7753244408,5.3394147538894705,4.565472674493452,76.73972602739725,871.9358299993735,0.0
2.0,demand,0.8,30.0,0.0,1,optimal,True,22913958.902558934,0.6352151983025535,0.9418431616757278,22913958.902558934,2953931.8489220324,18537667.68429227,27727009.599536184,9189341.915243912,18537667.68429235,25466657.142187484,3029064.2603727877,5.651811040049461,3.950883371422079,76.73972602739725,853.0912998035197,0.0
4.0,demand,0.8,30.0,0.0,1,optimal,True,25973816.428354144,0.8776634344509892,1.017478077428479,25973816.428354144,5842568.239909325,17554760.66304807,35687051.32083738,18132290.65778931,17580316.850154996,28553777.93997531,5921389.810810462,6.779617071664598,3.28217700997075,92.92885789024005,994.1423590395084,0.0
8.0,demand,0.8,30.0,0.0,1,optimal,True,31938382.812554404,0.6728512625956052,0.9860718841567752,32310440.32526163,11204801.33857191,16912009.35372231,50753924.23570362,33841914.881981306,16915376.12503798,34855174.72335829,11304047.668089695,9.83767535906334,2.9474821084680576,109.44036102948375,680.559465884271,0.0
16.0,demand,0.8,30.0,0.0,1,optimal,True,45071062.53698337,1.2944319798924493,1.1069417206640584,45071062.53698337,21960206.66159817,16515836.965468561,82326409.37706643,65810572.41159787,16515836.965468563,47680653.57698586,22060488.867089566,16.377250347602335,3.0415584039877683,130.46199318629164,1205.0060793397402,0.0
