vol_multiplier,shock_type,correlated,subsidy,deviation,run,termination_condition,feasible,objective,avg_h2_production,std_h2_production,avg_scenario_obj,std_scenario_obj,worst_scenario_obj,best_scenario_obj,obj_range,cvar_5pct,avg_revenue,std_revenue,avg_demand_met,min_demand_met,total_entry_booking,total_exit_booking,n_quality_deviations
1.0,demand,0.8,45.0,0.0,1,optimal,True,21530241.28551618,1.8688964401596018,0.5585970676089322,21530241.28551618,1428715.574933932,19385071.132037126,23906878.66080446,4521807.528767336,19385071.13203713,24151878.905903146,1446742.7572842299,5.374725837827326,4.54785956592316,76.73972602739725,1144.5854884648543,0.0
2.0,demand,0.8,45.0,0.0,1,optimal,True,22961839.801961824,1.9136768152437007,0.6316508476276097,22961839.801961824,2971583.4664582084,18600345.771417644,27838556.24270027,9238210.471282627,18684468.31107721,25582613.100765906,2986905.668900912,5.6827253638291335,3.9508306865948506,76.73972602739725,1042.1583100597202,0.0
4.0,demand,0.8,45.0,0.0,1,optimal,True,25698880.913019296,1.6326721448161954,0.8804772380994909,25698880.913022183,5702885.239487494,16781975.309946798,35784451.59464866,19002476.28470186,17059893.749625523,28292411.252564244,5726691.237993406,6.780338565058239,3.2672134227649856,116.32565055501047,1603.1304035672927,0.0
8.0,demand,0.8,45.0,0.0,1,optimal,True,32001265.17354476,0.9879325807319044,1.0433468436199185,32233801.119229876,11262027.487013392,16922422.3372257,50848253.118804924,33925830.781579226,16922422.33722576,34773995.88615925,11324804.397106161,9.860395338361345,2.9474821084686824,108.46356791412434,641.3350801426732,0.0
16.0,demand,0.8,45.0,0.0,1,optimal,True,45469101.727144964,1.721167749289037,0.8888948114564253,45469101.72714496,22045112.964592226,16515901.917028034,82426730.47932072,65910828.56229269,16515901.917028034,48059801.76272114,22104843.780148376,16.423390030135714,3.044074015575006,123.09110881760873,926.1228379993778,0.0
