vol_multiplier,shock_type,correlated,subsidy,deviation,run,termination_condition,feasible,objective,avg_h2_production,std_h2_production,avg_scenario_obj,std_scenario_obj,worst_scenario_obj,best_scenario_obj,obj_range,cvar_5pct,avg_revenue,std_revenue,avg_demand_met,min_demand_met,total_entry_booking,total_exit_booking,n_quality_deviations
1.0,demand,0.2,45.0,0.0,0,optimal,True,21615680.597319003,2.0184136267637163,0.5533352792742686,21615680.597319007,1321364.6216827768,19489602.680556096,24070391.114987146,4580788.43443105,19587650.152724396,24245357.746070158,1305029.664565172,4.981579087079174,3.5739001640309978,78.39520081074937,938.6892650372994,0.0
2.0,demand,0.2,45.0,0.0,0,optimal,True,21502170.536587473,1.6358769893882341,0.8307661106937602,21502170.53658747,1298983.761196837,19596146.890686497,24004419.007514108,4408272.116827611,19596146.890686497,24099157.819400426,1286093.9826589215,4.83596940892893,2.6269069940359104,75.73972602739725,1360.6857703773878,0.0
4.0,demand,0.2,45.0,0.0,0,optimal,True,21760100.40205487,1.9007285929077065,0.7074779801210858,21760100.40205487,1461718.2515012824,19286956.32000618,24090049.343541004,4803093.023534823,19286956.32000627,24381419.81687265,1451518.6998683824,5.033031297731779,1.7676955592675672,77.93302598690148,1113.689282783709,0.0
8.0,demand,0.2,45.0,0.0,0,optimal,True,22171311.097984068,1.6359943639470487,0.8774309808575428,22171311.097984064,1887033.7708983272,18656044.684600465,24160333.026776567,5504288.342176102,18656044.684600465,24773997.633044142,1866854.1602626338,6.0727970105579265,1.2986142251881874,78.18770508595509,779.6062948176177,0.0
16.0,demand,0.2,45.0,0.0,0,optimal,True,19491724.54250112,1.395487743654687,0.7331065880660387,23062030.335927498,2993988.513800008,17278258.111238986,26596030.075961556,9317771.96472257,17278258.111665297,25644161.10174961,3008333.744853378,8.644212919981145,1.114217416093084,81.04544350781396,705.8591560905679,0.0
