vol_multiplier,shock_type,correlated,subsidy,deviation,run,termination_condition,feasible,objective,avg_h2_production,std_h2_production,avg_scenario_obj,std_scenario_obj,worst_scenario_obj,best_scenario_obj,obj_range,cvar_5pct,avg_revenue,std_revenue,avg_demand_met,min_demand_met,total_entry_booking,total_exit_booking,n_quality_deviations
1.0,demand,0.0,0.0,0.0,3,optimal,True,21358572.253341537,0.0,0.0,21358572.253341537,958844.1034201295,18625408.693748407,22964784.77150263,4339376.077754222,19298078.20091683,23835355.990504432,962193.604686578,5.835815773692632,4.716581499010071,87.18584721296801,1130.3090330919495,0.0
2.0,demand,0.0,0.0,0.0,3,optimal,True,22792364.532267686,0.025896423961419515,0.20554649294343044,22897191.564091694,1693583.2909708407,19064573.16870533,25193663.43949058,6129090.27078525,19204000.30901968,25376997.946118087,1694937.460024944,6.586239344400746,4.288230218112934,125.63978495888844,975.3149295537773,0.0
4.0,demand,0.0,0.0,0.0,3,optimal,True,26141338.274544198,0.00548233658064807,0.030524358238771726,26264809.82650408,3456519.8259523553,19334231.837795053,32043759.297304086,12709527.459509034,19555725.314287383,28739909.138414636,3456427.3888591644,8.592643763785173,3.7773335805083588,108.22263010597902,1109.6921550692857,0.0
8.0,demand,0.0,0.0,0.0,3,optimal,True,33453061.806911495,0.5993150684931507,1.0380441483717588,33453061.8069115,6727675.299811871,19529050.594898134,44186718.12553263,24657667.530634493,20065440.081109896,36041375.81948258,6829625.038532978,13.378729062387231,3.901100089693466,140.51788817418193,1002.166027611808,0.0
16.0,demand,0.0,0.0,0.0,3,optimal,True,49575973.860131875,0.8181862643644939,0.9815724618562257,49575973.86013186,13753352.275336446,22572647.953421656,68692458.6874439,46119810.734022245,23137967.023026988,52175276.31632757,13878751.868993385,23.29113814302505,3.8010395513780932,152.00803161544394,936.150894363561,0.0
