vol_multiplier,shock_type,correlated,subsidy,deviation,run,termination_condition,feasible,objective,avg_h2_production,std_h2_production,avg_scenario_obj,std_scenario_obj,worst_scenario_obj,best_scenario_obj,obj_range,cvar_5pct,avg_revenue,std_revenue,avg_demand_met,min_demand_met,total_entry_booking,total_exit_booking,n_quality_deviations
1.0,demand,0.6,45.0,0.0,2,optimal,True,21615283.087210923,1.8400158379885458,0.6273857701042839,21615283.087210923,1577196.6819777905,19865081.11664445,23826166.3624603,3961085.245815851,19865081.116644453,24223829.087140355,1574015.420166054,5.628772549640724,4.680589003489876,76.73972602739725,657.5348000167264,0.0
2.0,demand,0.6,45.0,0.0,2,optimal,True,23427853.996900614,1.713680072838462,0.727554485312193,23427853.996900614,3293382.394397019,18308300.045934223,28094406.50264338,9786106.456709158,18921652.81160583,26025291.851731434,3302452.0438876343,6.100257513209069,4.097784364954157,85.85980406790142,1399.6265773512398,0.0
4.0,demand,0.6,45.0,0.0,2,optimal,True,27438372.072806735,1.5780683171143357,0.7979224436714256,27438372.07280674,6673135.667372758,18601919.10657008,36647058.63847847,18045139.531908393,18618390.79994167,30020402.255134862,6708377.351031631,7.438747220132808,3.3472406845729203,105.42762090082128,797.6689723709385,0.0
8.0,demand,0.6,45.0,0.0,2,optimal,True,35396900.473786585,1.8109696477433033,0.7522046811084163,35396900.47378659,12425550.416458676,18220666.913141288,53738984.303971626,35518317.39083034,18886851.54710423,37997714.30880629,12437732.323996456,11.17074110176084,2.722976065343567,100.13363199664191,804.684337406363,0.0
16.0,demand,0.6,45.0,0.0,2,optimal,True,53260312.69500406,1.9530780756892336,0.5985972592228863,53260312.69500406,25477324.359996233,19909339.154111017,87922692.41722982,68013353.2631188,19909339.15411115,55854911.933233134,25481948.629433833,19.729507916916344,2.4056602211285285,96.23089493701939,875.9739058956798,0.0
