vol_multiplier,shock_type,correlated,subsidy,deviation,run,termination_condition,feasible,objective,avg_h2_production,std_h2_production,avg_scenario_obj,std_scenario_obj,worst_scenario_obj,best_scenario_obj,obj_range,cvar_5pct,avg_revenue,std_revenue,avg_demand_met,min_demand_met,total_entry_booking,total_exit_booking,n_quality_deviations
1.0,demand,0.8,70.0,0.0,0,optimal,True,21194175.366503865,2.148762902816733,0.2617235599507214,21194175.366503865,2894030.9440168524,17115618.970752057,26199945.677151855,9084326.706399798,17119558.62520981,23685252.270986237,2894283.679295212,4.983598832746724,3.5860279899231333,83.67489894805193,1225.9878574974157,0.0
2.0,demand,0.8,70.0,0.0,0,optimal,True,22368093.15270252,2.122570050679788,0.39973361213596303,22368093.152702525,5705375.980967224,14568404.9296942,32370256.759478472,17801851.829784274,14576856.071097502,24856245.61870136,5704418.453349781,4.855579126216958,2.626796542448981,77.16183042417542,1455.4172224606273,0.0
4.0,demand,0.8,70.0,0.0,0,optimal,True,24831682.74325829,2.0572504943468743,0.4493649857872849,24831682.74325829,10913667.162179984,9289167.997174742,43697263.42639369,34408095.42921895,9289167.997174893,27316752.326316282,10917660.059947317,5.026165950168009,1.767668436008047,86.21003430554259,852.9439244388392,0.0
8.0,demand,0.8,70.0,0.0,0,optimal,True,30190236.35757055,1.8909622992561819,0.7544344223936263,30190236.357570555,20763769.497990802,158736.55590021686,63742660.798787475,63583924.24288726,158736.55590021686,32595585.541003637,20855670.30758633,5.9679838874448246,1.187506851313803,182.46830292321704,562.9816994154745,0.0
16.0,demand,0.8,70.0,0.0,0,optimal,True,39822767.75295092,1.8071984694607885,0.7669836889850407,43393074.42837417,36253419.32933892,-2371422.525218601,101242093.03710103,103613515.56231964,-2371422.5252186,45757019.916721895,36358327.87817177,8.397074171572767,1.0773605127691914,251.04614830263824,543.6421831948155,0.0
