vol_multiplier,shock_type,correlated,subsidy,deviation,run,termination_condition,feasible,objective,avg_h2_production,std_h2_production,avg_scenario_obj,std_scenario_obj,worst_scenario_obj,best_scenario_obj,obj_range,cvar_5pct,avg_revenue,std_revenue,avg_demand_met,min_demand_met,total_entry_booking,total_exit_booking,n_quality_deviations
1.0,demand,0.8,45.0,0.0,1,optimal,True,21530241.28551618,1.8688964401596018,0.5585970676089322,21530241.28551618,1428715.574933932,19385071.132037126,23906878.66080446,4521807.528767336,19385071.13203713,24151878.905903146,1446742.7572842299,5.374725837827326,4.54785956592316,76.73972602739725,1144.5854884648543,0.0
2.0,demand,0.8,45.0,0.0,1,optimal,True,21591034.380275916,1.7988033559672703,0.6937456300656525,21591034.380275916,1585905.5672929545,19245505.93212698,24067176.302467223,4821670.370340243,19245505.932126995,24205823.022894964,1610711.5641405992,5.679459432686535,3.95049855685216,75.73972602739725,1209.2265313944606,0.0
4.0,demand,0.8,45.0,0.0,1,optimal,True,21752840.476724267,1.782563199024839,0.7754074484737399,21752840.476724263,1908488.8248512147,18862322.346611798,24792686.338385023,5930363.991773225,18862322.346611843,24362867.872004174,1937912.0550395588,6.827443834667381,3.2821770099676977,75.73972602739725,880.2506153566536,0.0
8.0,demand,0.8,45.0,0.0,1,optimal,True,22147747.522433948,1.964098145469259,0.48252813563439606,22147747.52243395,2499592.8236714033,18620860.304838736,26416985.679028537,7796125.3741898015,18620860.304838736,24775556.915445924,2506720.7153513725,10.086109708747552,2.9404912031529227,78.73972602739725,760.1924101761805,0.0
16.0,demand,0.8,45.0,0.0,1,optimal,True,22873881.374548808,1.6211527451620777,0.7056125758864495,22873881.374548815,3631556.710340352,17683961.433359962,29668426.330783814,11984464.897423852,17844603.505751267,25465018.673143644,3645481.082510036,17.392493770319767,3.024465164789908,109.34903840456762,807.2675659696682,0.0
