vol_multiplier,shock_type,correlated,subsidy,deviation,run,termination_condition,feasible,objective,avg_h2_production,std_h2_production,avg_scenario_obj,std_scenario_obj,worst_scenario_obj,best_scenario_obj,obj_range,cvar_5pct,avg_revenue,std_revenue,avg_demand_met,min_demand_met,total_entry_booking,total_exit_booking,n_quality_deviations
1.0,demand,1.0,0.0,0.0,1,optimal,True,21048797.85570411,0.0,0.0,21048797.855704106,2087116.1342280123,18173373.76582643,24679569.225185547,6506195.459359117,18173373.765826475,23522265.406892546,2091983.2084078875,5.29581475968665,4.517218037040865,99.44338706083505,151.5748505027119,0.0
2.0,demand,1.0,0.0,0.0,1,optimal,True,21948937.271981034,0.0,0.0,21948937.271981034,3862376.6390693174,16152162.829629619,28739372.757193275,12587209.927563656,16152162.829629665,24431143.668506384,3861954.9136458803,5.6374498720385935,3.9088617939746944,74.73972602739725,407.4265697289825,0.0
4.0,demand,1.0,0.0,0.0,1,optimal,True,23650255.982623037,0.0,0.0,23650255.98262304,7927639.663290339,11996521.797977582,38075599.67268282,26079077.87470524,12071045.835227668,26130809.872255217,7919662.048747015,6.784009223997211,3.24740267959427,75.73972602739725,1025.1441651613359,0.0
8.0,demand,1.0,0.0,0.0,1,optimal,True,27290631.74654935,0.2662979165091952,0.46916756925244196,27290631.74654935,16296246.332273046,4109300.8393239803,57346347.79095856,53237046.95163458,4134274.702320309,29822525.83849042,16369756.214897161,10.016516566086061,2.931061750546034,75.73972602739725,832.9572046997047,0.0
16.0,demand,1.0,0.0,0.0,1,optimal,True,35910029.50913878,0.2942224317802593,0.539871251847642,35910029.50913878,30441458.85245425,-230671.74969865938,95809308.63149877,96039980.38119742,-211813.24638931997,38169036.71370715,30876956.511328906,8.950607226381754,1.1804627027370285,509.40287885866155,1047.2018675714187,0.0
