vol_multiplier,shock_type,correlated,subsidy,deviation,run,termination_condition,feasible,objective,avg_h2_production,std_h2_production,avg_scenario_obj,std_scenario_obj,worst_scenario_obj,best_scenario_obj,obj_range,cvar_5pct,avg_revenue,std_revenue,avg_demand_met,min_demand_met,total_entry_booking,total_exit_booking,n_quality_deviations
1.0,demand,0.2,45.0,0.0,1,optimal,True,21568451.600168746,1.8749482694065447,0.4774177266404279,21568451.600168746,450945.0587163461,20945930.370064665,22583833.71934785,1637903.3492831849,20975440.468212113,24186626.99058491,455665.05431486625,5.3732264159616765,4.563030502601927,75.73972602739725,1093.2732204729045,0.0
2.0,demand,0.2,45.0,0.0,1,optimal,True,21635517.095405363,1.8686248368480598,0.4793313707835131,21635517.095405363,535258.9762964179,20672783.65347661,22755634.3402197,2082850.686743088,20672783.653476734,24250525.798661888,549636.9903116337,5.677521942936754,3.9505255804290833,96.96687588674631,804.4282109335442,0.0
4.0,demand,0.2,45.0,0.0,1,optimal,True,21705702.89128709,1.937518118961062,0.4570178725778471,21705702.89128709,511121.83492156095,20380681.38525042,22582849.34228854,2202167.9570381194,20720912.688886162,24327633.73490505,511882.0381103092,6.839445798335818,3.2821770099676977,76.73972602739725,1023.9736964201168,0.0
8.0,demand,0.2,45.0,0.0,1,optimal,True,21940399.780713648,1.7156865109596509,0.6212415175314019,21940399.780713648,555756.4331169317,21015352.45727864,22622801.95365279,1607449.4963741526,21015352.457278676,24543986.46613064,580685.9897254853,10.060403204665066,2.9474821084688494,86.45066333596169,820.2222475982416,0.0
16.0,demand,0.2,45.0,0.0,1,optimal,True,22696723.386007253,1.5443989988060023,0.8435728526090326,22696723.386007253,962234.3910904871,20765140.19331178,23926169.986007787,3161029.7926960066,20887700.256882682,25282780.184217148,974812.8106900449,17.005360756714204,3.02430633836481,141.60326879495207,1070.610633690429,0.0
