vol_multiplier,shock_type,correlated,subsidy,deviation,run,termination_condition,feasible,objective,avg_h2_production,std_h2_production,avg_scenario_obj,std_scenario_obj,worst_scenario_obj,best_scenario_obj,obj_range,cvar_5pct,avg_revenue,std_revenue,avg_demand_met,min_demand_met,total_entry_booking,total_exit_booking,n_quality_deviations
1.0,demand,0.4,0.0,0.0,2,optimal,True,21700904.282947313,0.0,0.0,21700904.282947317,1355403.8471220292,19599778.9363576,23982367.946851492,4382589.010493893,19747044.82291798,24173936.030783724,1354015.4973192203,5.58239931544275,4.638216748508445,75.9816625225585,956.7251336423681,0.0
2.0,demand,0.4,0.0,0.0,2,optimal,True,21650348.707717594,0.021265704833251277,0.09589237426294293,21650348.707717594,1366230.7464542356,19904276.381515086,23723047.137533,3818770.756017916,19904276.381515086,24125021.33111928,1360353.1924386222,6.071069980621778,4.079399080523031,75.63884080951215,625.4314463734929,0.0
4.0,demand,0.4,0.0,0.0,2,optimal,True,21484418.670085676,-4.758734037107783e-11,1.7709662482904487e-10,21484418.670085676,1577053.8339797317,19842498.87980747,23950848.686170697,4108349.8063632287,19848712.120051146,23956910.913503267,1577226.9301356226,7.458361438882681,3.3281132698599536,72.73972602739725,1186.106813109372,0.0
8.0,demand,0.4,0.0,0.0,2,optimal,True,21355550.811235644,0.030771941489235347,0.24424471361744185,21403663.4553058,2082628.1454727366,18622225.548310444,24723358.503501073,6101132.955190629,18687540.37208605,23889422.558625408,2076667.0860240748,11.172694033386207,2.702915434447592,78.73972602739725,1211.9124571304317,0.0
16.0,demand,0.4,0.0,0.0,2,optimal,True,21989951.421924736,0.0,0.0,22023133.28982458,2937616.3909060946,16765638.801367199,26463759.81116099,9698121.00979379,16952266.36804708,24499254.347430483,2939890.684759037,19.802712075610696,2.3860518406789852,81.16568110353808,806.8131356376133,0.0
