vol_multiplier,shock_type,correlated,subsidy,deviation,run,termination_condition,feasible,objective,avg_h2_production,std_h2_production,avg_scenario_obj,std_scenario_obj,worst_scenario_obj,best_scenario_obj,obj_range,cvar_5pct,avg_revenue,std_revenue,avg_demand_met,min_demand_met,total_entry_booking,total_exit_booking,n_quality_deviations
1.0,demand,0.0,0.0,0.0,0,optimal,True,20655484.30591884,0.004939978353039068,0.02750463542720266,20655484.309589922,1430963.8952297769,14135444.475302922,23541476.062410194,9406031.587107273,17398254.609758023,23122927.152733065,1504776.16274212,4.894777681685778,3.5427408863649585,116.03392956031594,1697.2920375002984,0.0
2.0,demand,0.0,0.0,0.0,0,optimal,True,21591420.12638091,0.0,0.0,21591420.12638091,2527956.9954115665,17881695.96665944,26967267.527096264,9085571.560436822,17946187.39084244,24068615.64951652,2530336.328332734,4.787766695502221,2.598792249017254,120.40260307172548,1359.641140762553,0.0
4.0,demand,0.0,0.0,0.0,0,optimal,True,23451623.2894377,0.0,0.0,23451623.2894377,5010393.844742421,16968503.42706078,33899576.7585596,16931073.33149882,17007484.438898217,25924471.862042643,5013929.543266967,4.919370707285481,1.7488027418551149,111.4796873499511,892.7104089942115,0.0
8.0,demand,0.0,0.0,0.0,0,optimal,True,27625043.373972625,0.21927636641654805,0.6033288423130408,27625043.373972625,9865277.626702758,14854487.69854649,47802811.772651866,32948324.074105375,14867000.70063587,30138665.211063758,9961148.085727597,5.917524466655465,1.2848390283636106,110.70603316627319,1094.8764123783837,0.0
16.0,demand,0.0,0.0,0.0,0,optimal,True,33981122.25637004,0.7649587785702607,1.0262905639606135,37551428.49153349,19056378.231325794,13393690.295875618,77018461.15922219,63624770.86334657,13432281.65391402,40145792.32171643,19235487.441762365,8.28560592842495,1.101504932343749,147.0155836974889,944.0582004262658,0.0
