vol_multiplier,shock_type,correlated,subsidy,deviation,run,termination_condition,feasible,objective,avg_h2_production,std_h2_production,avg_scenario_obj,std_scenario_obj,worst_scenario_obj,best_scenario_obj,obj_range,cvar_5pct,avg_revenue,std_revenue,avg_demand_met,min_demand_met,total_entry_booking,total_exit_booking,n_quality_deviations
1.0,demand,0.4,45.0,0.0,2,optimal,True,21493484.124510717,1.6656739062805195,0.7101868298116457,21493484.124510717,1582057.6501089802,17773720.70617689,24080191.535590965,6306470.829414077,17876651.022114724,24084687.36842897,1606018.2170860253,5.5925671105500685,4.213357985246965,182.18250804236223,1303.9645707136526,0.0
2.0,demand,0.4,45.0,0.0,2,optimal,True,21697355.43359631,1.7626987888892118,0.6694279720789498,21697355.433596313,1385950.7122434215,19971486.701363306,23821297.735256743,3849811.033893436,19984278.272055537,24300403.68853593,1395271.0994679406,6.1192111332990144,4.010941310803986,75.73972602739791,806.725299438828,0.0
4.0,demand,0.4,45.0,0.0,2,optimal,True,21596118.184125636,1.753937398781698,0.5876282111673863,21596118.184125632,1612368.4335023535,19863947.776201375,24009277.765161015,4145329.9889596403,19865265.768974613,24199617.970131073,1622950.9005304014,7.516103834741544,3.347125443409924,75.73972602739725,870.9654560638655,0.0
8.0,demand,0.4,45.0,0.0,2,optimal,True,21567378.90725327,1.9384895708097603,0.5117474639488605,21567378.907253273,1955773.1567147623,19016147.299155876,24780051.900512446,5763904.60135657,19160261.076553144,24186500.021236505,1957905.0462708708,11.272921955403168,2.7226903865554766,81.77160676274362,1047.0628406843675,0.0
16.0,demand,0.4,45.0,0.0,2,optimal,True,22173786.7230298,2.069470232850717,0.4691210194578491,22173786.7230298,2787910.5309023196,18079456.883026503,26528205.771118537,8448748.888092034,18396926.24897116,24802866.281589694,2792888.43462892,20.001669809087772,2.4019095696695745,76.83997708758419,928.1762150993999,0.0
