vol_multiplier,shock_type,correlated,subsidy,deviation,run,termination_condition,feasible,objective,avg_h2_production,std_h2_production,avg_scenario_obj,std_scenario_obj,worst_scenario_obj,best_scenario_obj,obj_range,cvar_5pct,avg_revenue,std_revenue,avg_demand_met,min_demand_met,total_entry_booking,total_exit_booking,n_quality_deviations
1.0,demand,0.0,30.0,0.0,3,optimal,True,21384414.94565889,0.5613026669935501,0.9905461669056626,21384414.945658892,929421.3621783273,19579323.358870547,22972968.77460949,3393645.415738944,19632272.130717117,23925757.704762768,1000215.1109026946,5.848803443141666,4.767161987588789,112.32924263333165,1035.9105922147294,0.0
2.0,demand,0.0,30.0,0.0,3,optimal,True,21379250.438723076,0.5356036271178928,0.986507495101992,21379250.438723072,958203.9838072078,19361914.239987947,23376905.712358274,4014991.4723703265,19467811.7840847,23920183.144767836,1023745.6740499464,6.643731595446437,4.334379434403334,79.42997580798811,1581.52904166277,0.0
4.0,demand,0.0,30.0,0.0,3,optimal,True,21357754.661786426,0.49635618663534575,0.9448792099002243,21407143.282570407,1116394.6711101457,19016401.882522065,24047729.20078685,5031327.318264786,19210955.547665063,23944825.89739245,1175798.3403842705,8.653503526129889,3.7773335805083987,85.69417331520758,2107.149461216681,0.0
8.0,demand,0.0,30.0,0.0,3,optimal,True,21596533.123885226,0.5640035453499406,1.0103031855554179,21596533.12388523,1712314.4281832944,16437867.314865615,25781036.543634128,9343169.228768513,17514597.807965178,24139807.91066687,1788261.963853809,13.483226640176229,3.8594547713862446,111.12045588568189,3005.117690383232,0.0
16.0,demand,0.0,30.0,0.0,3,optimal,True,22517777.170757502,0.6152173937148451,1.012690437459191,22517777.170757502,2498349.1847694926,17583265.684348222,29175999.409088183,11592733.724739961,17808316.94193501,25072187.097314265,2570817.1546905776,24.336650310628283,3.954486391702021,118.54905939284676,3436.4722158873915,0.0
