vol_multiplier,shock_type,correlated,subsidy,deviation,run,termination_condition,feasible,objective,avg_h2_production,std_h2_production,avg_scenario_obj,std_scenario_obj,worst_scenario_obj,best_scenario_obj,obj_range,cvar_5pct,avg_revenue,std_revenue,avg_demand_met,min_demand_met,total_entry_booking,total_exit_booking,n_quality_deviations
1.0,demand,1.0,45.0,0.0,3,optimal,True,19730824.505733974,1.3341770481013877,0.6971261108077033,19730824.505733974,3034512.5073411763,14667453.224387398,23954750.509322874,9287297.284935476,14667453.224387676,22302764.84959726,3059651.062587092,5.834772819233348,4.747815103802524,139.39612061921542,737.1303309477918,0.0
2.0,demand,1.0,45.0,0.0,3,optimal,True,19585041.010543358,1.145122704258525,0.7519942952013594,19585041.010543358,5982560.595392318,9429280.136293419,27231019.263446733,17801739.127153315,9457704.828149585,22149704.172169775,6035780.014384629,6.6676824630178775,4.318058932581825,80.73972602739725,183.88445613231895,0.0
4.0,demand,1.0,45.0,0.0,3,optimal,True,19053799.937972438,1.1764696742323122,0.9745522121825646,19053799.937972438,11583177.56684242,125068.87642980376,34734266.56787728,34609197.691447474,126097.61123886243,21430983.487031568,11976092.461921114,8.365822108074534,2.4515438912751804,318.05016721512067,993.3659054704091,0.0
8.0,demand,1.0,45.0,0.0,3,optimal,True,21989098.33189836,0.8901762455120893,0.8159308835971759,21989098.33189836,18257997.981739663,-819884.5756840652,50440080.47251134,51259965.04819541,-791614.815697668,24031141.844603695,18920737.87216871,9.3682873631818,1.295085247763304,532.1196576439905,1211.8512342083832,0.0
16.0,demand,1.0,45.0,0.0,3,optimal,True,31397944.063421816,0.6971753730283924,0.5927821967483689,31397944.063421816,29811975.161980093,-570943.9717485807,81888641.67765068,82459585.64939925,-570943.9717485807,33144688.34384737,30673635.518432356,14.239055419160142,1.0312816749520468,404.1746942295547,431.7438617864638,0.0
