vol_multiplier,shock_type,correlated,subsidy,deviation,run,termination_condition,feasible,objective,avg_h2_production,std_h2_production,avg_scenario_obj,std_scenario_obj,worst_scenario_obj,best_scenario_obj,obj_range,cvar_5pct,avg_revenue,std_revenue,avg_demand_met,min_demand_met,total_entry_booking,total_exit_booking,n_quality_deviations
1.0,demand,0.4,0.0,0.0,3,optimal,True,20220701.896113317,0.0,0.0,20220701.896113317,1479974.8351831387,17816029.978017084,22007616.370963637,4191586.3929465525,17816029.978017118,22695343.064580146,1478544.1503035536,5.841423869717939,4.586978745758789,111.00651742554997,1267.9954941180556,0.0
2.0,demand,0.4,0.0,0.0,3,optimal,True,21185328.308028918,0.0,0.0,21185328.308028918,3011622.9061697796,16514975.90795672,25235637.107796855,8720661.199840136,16748065.587055603,23662299.88179764,3005857.54740978,6.625302293067298,4.297439525860535,91.21763263078843,880.1682535077507,0.0
4.0,demand,0.4,0.0,0.0,3,optimal,True,22916116.279877502,0.0,0.0,22916116.2798775,6159663.785351466,11946061.845361572,32037507.487170715,20091445.641809143,13485026.33210083,25389007.368329946,6156899.800016459,8.597352381160212,3.7569175790080185,108.18353994096047,1093.1899034267442,0.0
8.0,demand,0.4,0.0,0.0,3,optimal,True,27768052.19915403,0.0,0.0,27768052.199154027,11912317.477719735,8379356.022961193,45741079.70835558,37361723.68539439,11001954.649976984,30191140.51417694,11964431.648376742,13.147920480781853,2.679159795932292,317.89269532558956,934.42746625189,0.0
16.0,demand,0.4,0.0,0.0,3,optimal,True,38945840.86084041,0.5362901691386358,0.916798790743816,39173635.17333622,21163315.49645758,13660607.737988025,73273370.1291045,59612762.39111647,13660607.737988183,41670523.92595686,21307522.840200853,22.55789512037515,3.141777168370117,215.4733584008495,684.9304936722081,0.0
