vol_multiplier,shock_type,correlated,subsidy,deviation,run,termination_condition,feasible,objective,avg_h2_production,std_h2_production,avg_scenario_obj,std_scenario_obj,worst_scenario_obj,best_scenario_obj,obj_range,cvar_5pct,avg_revenue,std_revenue,avg_demand_met,min_demand_met,total_entry_booking,total_exit_booking,n_quality_deviations
1.0,demand,0.6,45.0,0.0,3,optimal,True,20074209.21431963,1.8668047897366935,0.6132595120347794,20074209.21431963,2104036.8543417333,15679848.958018154,22427058.100751374,6747209.14273322,15865780.703506177,22687025.000237986,2094487.0306978624,5.893373203707957,4.637652137474183,107.39873793613951,1159.8381163272143,0.0
2.0,demand,0.6,45.0,0.0,3,optimal,True,20215822.60307238,1.909861173273864,0.6654847453345647,20215822.603072383,2194239.4213939174,16160331.335531417,22949585.86594277,6789254.5304113515,16394131.836506376,22833130.846411243,2187520.039700895,6.6899779377884405,4.343588742150931,76.56291963225146,1009.0364523515595,0.0
4.0,demand,0.6,45.0,0.0,3,optimal,True,20366126.684794616,1.8238997730367112,0.6930819404193284,20366126.684794616,2551108.4796105945,15857247.389067505,23995163.794017676,8137916.404950172,16111953.488310197,22978984.08266997,2569217.3163796184,8.717584814236115,3.907949711553103,80.09207912283321,1028.3946864099546,0.0
8.0,demand,0.6,45.0,0.0,3,optimal,True,20768135.936975926,1.5847184734353985,0.7747115667141267,20768135.936975926,3194950.8377848673,16224069.887745041,26087599.76289372,9863529.87514868,16231153.714083456,23362909.496465985,3234974.283883221,13.68636043869973,3.8719725887507095,75.73972602739767,723.84591175029,0.0
16.0,demand,0.6,45.0,0.0,3,optimal,True,21442379.34855806,1.7526436992278924,0.85421273214075,21578871.34826451,4666493.768014245,15005974.077741157,30281923.85124554,15275949.773504384,15345066.591840774,24185065.17742737,4710283.608815718,24.541100263666895,4.025348833754247,78.738510227528,977.1928466473156,0.0
