run,subsidy,deviation,branches_s2,branches_s3,RP,EV,EEV,EV_PI,EVPI,VSS,VSS_pct,rp_avg_h2,rp_worst_scenario,rp_stage1_entry,eev_avg_h2,eev_worst_scenario
9,30.0,0.05,4,8,21577431.448490933,20390479.467201658,21511394.50239696,21587518.31977874,10086.871287807822,66036.94609397277,0.30604637188450534,0.002421767076136126,20017214.617295664,75.50521119212263,0.002421767078017589,19985698.647483032
