run,subsidy,deviation,branches_s2,branches_s3,RP,EV,EEV,EV_PI,EVPI,VSS,VSS_pct,rp_avg_h2,rp_worst_scenario,rp_stage1_entry,eev_avg_h2,eev_worst_scenario
9,45.0,0.2,4,2,21540107.96230351,20424633.937798895,21472834.33638336,21525409.22674631,-14698.73555720225,67273.62592015043,0.3123179606986341,2.51538090192126,20061652.28837001,75.73972602739725,2.2365610295650127,20033452.68081057
