run,subsidy,deviation,branches_s2,branches_s3,RP,EV,EEV,EV_PI,EVPI,VSS,VSS_pct,rp_avg_h2,rp_worst_scenario,rp_stage1_entry,eev_avg_h2,eev_worst_scenario
2,0.0,0.05,2,4,20421642.219006266,20390479.467201658,20319624.067211106,20437392.78530875,15750.566302482039,102018.15179516003,0.49955900069688086,0.0,19750871.058223132,73.73972602739725,0.0,19642775.470593132
9,0.0,0.05,2,4,22475850.738538224,20390479.467201658,22381400.079389542,22480934.578031823,5083.839493598789,94450.65914868191,0.42023174227052534,0.0,21906138.48939742,73.73972602739725,0.0,21782000.336156927
