run,subsidy,deviation,branches_s2,branches_s3,RP,EV,EEV,EV_PI,EVPI,VSS,VSS_pct,rp_avg_h2,rp_worst_scenario,rp_stage1_entry,eev_avg_h2,eev_worst_scenario
9,70.0,0.05,4,4,21797495.29347962,20565692.625499967,21718418.13704232,21797739.484140214,244.19066059216857,79077.15643730015,0.3627809313529469,2.332743704158635,20250914.219971023,75.73972602739725,2.276241174420024,20195525.670064293
