run,subsidy,deviation,branches_s2,branches_s3,RP,EV,EEV,EV_PI,EVPI,VSS,VSS_pct,rp_avg_h2,rp_worst_scenario,rp_stage1_entry,eev_avg_h2,eev_worst_scenario
9,70.0,1.0,4,4,22195993.383484095,20565692.625499967,22124236.260525785,22205950.210612927,9956.827128831297,71757.12295830995,0.3232886301529716,8.380234285133273,20744268.241601225,80.90487293233168,8.143550918597946,20697426.8816328
