run,subsidy,deviation,branches_s2,branches_s3,RP,EV,EEV,EV_PI,EVPI,VSS,VSS_pct,rp_avg_h2,rp_worst_scenario,rp_stage1_entry,eev_avg_h2,eev_worst_scenario
9,70.0,0.2,8,2,21277067.776456412,20565692.625499967,21209526.14357366,21191587.900869243,-85479.87558716908,67541.63288275152,0.31743863201624034,3.323797675955917,19860676.310408458,75.73972602739725,3.33448717812037,19752615.990542132
