run,subsidy,deviation,branches_s2,branches_s3,RP,EV,EEV,EV_PI,EVPI,VSS,VSS_pct,rp_avg_h2,rp_worst_scenario,rp_stage1_entry,eev_avg_h2,eev_worst_scenario
9,30.0,1.0,2,4,22475961.986005552,20390479.467201658,22399023.024157885,22486618.782625474,10656.796619921923,76938.96184766665,0.3423166576610691,0.0,21904245.03037106,73.73972602739725,0.013713550516578748,21809356.1698899
