run,subsidy,deviation,branches_s2,branches_s3,RP,EV,EEV,EV_PI,EVPI,VSS,VSS_pct,rp_avg_h2,rp_worst_scenario,rp_stage1_entry,eev_avg_h2,eev_worst_scenario
9,0.0,1.0,8,4,21056948.659678247,20390479.467201658,20994234.27845981,21072047.77854233,15099.1188640818,62714.381218437105,0.29783223691155347,3.3306690738754696e-14,19606383.370149266,73.53139278691586,0.0,19517364.23942367
