run,subsidy,deviation,branches_s2,branches_s3,RP,EV,EEV,EV_PI,EVPI,VSS,VSS_pct,rp_avg_h2,rp_worst_scenario,rp_stage1_entry,eev_avg_h2,eev_worst_scenario
9,70.0,0.0,8,8,21222693.07105191,20565692.625499967,21157012.475201923,21229581.561339736,6888.490287825465,65680.59584998712,0.30948285229444555,2.1487493958285704,19717318.248122707,75.73972602739725,2.1568248947059767,19671035.092755012
