run,subsidy,deviation,branches_s2,branches_s3,RP,EV,EEV,EV_PI,EVPI,VSS,VSS_pct,rp_avg_h2,rp_worst_scenario,rp_stage1_entry,eev_avg_h2,eev_worst_scenario
9,30.0,0.1,4,4,21596286.749025967,20390479.467201658,21522390.1642497,21609847.092926633,13560.34390066564,73896.58477626741,0.3421726412277809,0.0003443600769727196,20018097.062228464,72.69008994527235,0.006856775258289479,19985698.6474826
