run,subsidy,deviation,branches_s2,branches_s3,RP,EV,EEV,EV_PI,EVPI,VSS,VSS_pct,rp_avg_h2,rp_worst_scenario,rp_stage1_entry,eev_avg_h2,eev_worst_scenario
9,70.0,1.0,2,8,23013812.379296593,20565692.625499967,22939738.84722221,23016903.49568563,3091.1163890361786,74073.53207438439,0.3218655425427102,8.432967419010861,22429639.9087477,82.58076129497204,8.466536641076631,22362680.145703785
