run,subsidy,deviation,branches_s2,branches_s3,RP,EV,EEV,EV_PI,EVPI,VSS,VSS_pct,rp_avg_h2,rp_worst_scenario,rp_stage1_entry,eev_avg_h2,eev_worst_scenario
9,30.0,1.0,8,8,21028655.93939727,20390479.467201658,20967104.247716133,21039072.59915629,10416.65975901857,61551.69168113917,0.292703879213801,0.2686613364553072,19535704.998978876,76.53139278691586,0.2964764468327221,19472000.284907028
