run,subsidy,deviation,branches_s2,branches_s3,RP,EV,EEV,EV_PI,EVPI,VSS,VSS_pct,rp_avg_h2,rp_worst_scenario,rp_stage1_entry,eev_avg_h2,eev_worst_scenario
9,30.0,1.0,2,8,22492628.550182335,20390479.467201658,22400840.189964946,22489473.295927666,-3155.254254668951,91788.36021738872,0.4080819634423948,0.06791943247361931,21821584.89685253,74.73972602739725,0.12944978519296219,21723970.344959315
