run,subsidy,deviation,branches_s2,branches_s3,RP,EV,EEV,EV_PI,EVPI,VSS,VSS_pct,rp_avg_h2,rp_worst_scenario,rp_stage1_entry,eev_avg_h2,eev_worst_scenario
9,45.0,0.1,2,2,22558015.531439662,20424633.937798895,22473009.568929397,22568109.556591824,10094.025152161717,85005.96251026541,0.3768326269293968,2.3249033651690247,22215038.67630636,75.73972602739725,2.32490336516861,22125952.593801014
