run,subsidy,deviation,branches_s2,branches_s3,RP,EV,EEV,EV_PI,EVPI,VSS,VSS_pct,rp_avg_h2,rp_worst_scenario,rp_stage1_entry,eev_avg_h2,eev_worst_scenario
9,45.0,0.2,4,8,21651782.123027492,20424633.937798895,21580129.549727947,21630448.27655719,-21333.846470303833,71652.5732995458,0.3309315274484522,2.3760763654097166,20084835.364233833,78.62181491500513,2.4758509363168293,20033452.68081121
