run,subsidy,deviation,branches_s2,branches_s3,RP,EV,EEV,EV_PI,EVPI,VSS,VSS_pct,rp_avg_h2,rp_worst_scenario,rp_stage1_entry,eev_avg_h2,eev_worst_scenario
9,70.0,0.1,4,2,21675747.587440345,20565692.625499967,21589420.20020674,21670577.52756807,-5170.059872277081,86327.38723360375,0.3982671734174683,2.260218001214392,20252754.87141354,75.28758724394193,2.292264347625656,20195525.67006426
