run,subsidy,deviation,branches_s2,branches_s3,RP,EV,EEV,EV_PI,EVPI,VSS,VSS_pct,rp_avg_h2,rp_worst_scenario,rp_stage1_entry,eev_avg_h2,eev_worst_scenario
9,45.0,1.0,4,8,21682359.362413727,20424633.937798895,21606669.41047444,21700240.217089735,17880.854676008224,75689.95193928853,0.3490854047484183,5.837411236805079,20164956.097705163,75.73972602737926,5.353496690685523,20115193.2225015
