run,subsidy,deviation,branches_s2,branches_s3,RP,EV,EEV,EV_PI,EVPI,VSS,VSS_pct,rp_avg_h2,rp_worst_scenario,rp_stage1_entry,eev_avg_h2,eev_worst_scenario
9,45.0,1.0,2,2,22584738.010349385,20424633.937798895,22482510.03814841,22592072.85382043,7334.843471042812,102227.97220097482,0.4526418334103728,2.9840010224151503,22229654.88299031,75.79035080412615,2.635527887047839,22114284.980540052
