run,subsidy,deviation,branches_s2,branches_s3,RP,EV,EEV,EV_PI,EVPI,VSS,VSS_pct,rp_avg_h2,rp_worst_scenario,rp_stage1_entry,eev_avg_h2,eev_worst_scenario
9,0.0,0.1,8,8,21029369.78377919,20390479.467201658,20964405.291608576,21036774.390127376,7404.606348186731,64964.49217061326,0.3089226773724956,0.0,19535697.505656168,73.53139278691586,0.0,19472000.284907296
