run,subsidy,deviation,branches_s2,branches_s3,RP,EV,EEV,EV_PI,EVPI,VSS,VSS_pct,rp_avg_h2,rp_worst_scenario,rp_stage1_entry,eev_avg_h2,eev_worst_scenario
9,70.0,0.1,8,2,21219891.94741321,20565692.625499967,21149067.541120306,21191587.900869243,-28304.04654396698,70824.40629290417,0.33376421740704454,2.553411632678189,19860676.3104085,75.73972602739768,2.556900955230157,19752615.990542237
