run,subsidy,deviation,branches_s2,branches_s3,RP,EV,EEV,EV_PI,EVPI,VSS,VSS_pct,rp_avg_h2,rp_worst_scenario,rp_stage1_entry,eev_avg_h2,eev_worst_scenario
9,70.0,0.05,8,4,21273027.46896141,20565692.625499967,21202168.36495625,21261346.914979383,-11680.553982026875,70859.10400516167,0.3330936516137595,2.3502576170045293,19757978.950308923,75.14715555138065,2.360728595489234,19671035.092755005
