run,subsidy,deviation,branches_s2,branches_s3,RP,EV,EEV,EV_PI,EVPI,VSS,VSS_pct,rp_avg_h2,rp_worst_scenario,rp_stage1_entry,eev_avg_h2,eev_worst_scenario
9,45.0,0.2,2,4,22519531.882317908,20424633.937798895,22425002.334083058,22518088.20882063,-1443.6734972782433,94529.54823485017,0.41976693267355947,1.909441931925076,21949409.93934266,75.73972602739725,2.1638738085338294,21847425.26576536
