run,subsidy,deviation,branches_s2,branches_s3,RP,EV,EEV,EV_PI,EVPI,VSS,VSS_pct,rp_avg_h2,rp_worst_scenario,rp_stage1_entry,eev_avg_h2,eev_worst_scenario
9,45.0,0.05,4,8,21630032.821840145,20424633.937798895,21560040.878340863,21630448.27655719,415.45471704378724,69991.943499282,0.32358685756875116,1.5567715185474584,20084843.529369388,78.73972602739767,1.5485658535120013,20033452.68081265
