run,subsidy,deviation,branches_s2,branches_s3,RP,EV,EEV,EV_PI,EVPI,VSS,VSS_pct,rp_avg_h2,rp_worst_scenario,rp_stage1_entry,eev_avg_h2,eev_worst_scenario
9,30.0,0.2,4,2,21483312.461933054,20390479.467201658,21402089.898325056,21487912.549286712,4600.087353657931,81222.56360799819,0.37807281233710566,0.013713550516579206,20014984.41322033,74.49713272757577,0.009687068304544627,19985698.64748283
