run,subsidy,deviation,branches_s2,branches_s3,RP,EV,EEV,EV_PI,EVPI,VSS,VSS_pct,rp_avg_h2,rp_worst_scenario,rp_stage1_entry,eev_avg_h2,eev_worst_scenario
9,30.0,0.05,8,8,21028674.608862072,20390479.467201658,20966086.274508715,21037812.974131677,9138.36526960507,62588.33435335755,0.2976332817807789,0.2686613364553042,19519158.428833306,76.53139278691586,0.2919084847987574,19472000.284907296
