run,subsidy,deviation,branches_s2,branches_s3,RP,EV,EEV,EV_PI,EVPI,VSS,VSS_pct,rp_avg_h2,rp_worst_scenario,rp_stage1_entry,eev_avg_h2,eev_worst_scenario
9,30.0,0.05,8,4,21055175.771331217,20390479.467201658,20992534.60875229,21072368.665524572,17192.894193354994,62641.16257892549,0.2975095684749299,0.2531632391687862,19606054.315230276,76.53139278691722,0.3053493336933967,19516898.964664128
