run,subsidy,deviation,branches_s2,branches_s3,RP,EV,EEV,EV_PI,EVPI,VSS,VSS_pct,rp_avg_h2,rp_worst_scenario,rp_stage1_entry,eev_avg_h2,eev_worst_scenario
9,0.0,0.2,8,8,21023194.133753117,20390479.467201658,20963548.55351402,21036774.390127376,13580.256374258548,59645.58023909852,0.2837132162678195,0.011235199223244171,19535697.505655862,73.2504455372035,0.0,19472000.284907043
