run,subsidy,deviation,branches_s2,branches_s3,RP,EV,EEV,EV_PI,EVPI,VSS,VSS_pct,rp_avg_h2,rp_worst_scenario,rp_stage1_entry,eev_avg_h2,eev_worst_scenario
9,30.0,1.0,8,2,20993513.93888887,20390479.467201658,20919945.038450275,21003972.065110598,10458.12622172758,73568.90043859556,0.3504363331110321,0.26866133643535195,19613500.847952865,76.53139278175644,0.30322685957429085,19534870.012655444
