run,subsidy,deviation,branches_s2,branches_s3,RP,EV,EEV,EV_PI,EVPI,VSS,VSS_pct,rp_avg_h2,rp_worst_scenario,rp_stage1_entry,eev_avg_h2,eev_worst_scenario
9,0.0,0.05,8,8,21030309.318472706,20390479.467201658,20963942.550818115,21036774.390127376,6465.0716546699405,66366.76765459031,0.31557675471893676,0.0,19535697.5058659,73.53139278690992,0.0,19472000.284907296
