run,subsidy,deviation,branches_s2,branches_s3,RP,EV,EEV,EV_PI,EVPI,VSS,VSS_pct,rp_avg_h2,rp_worst_scenario,rp_stage1_entry,eev_avg_h2,eev_worst_scenario
9,70.0,0.2,8,4,21349164.03895387,20565692.625499967,21280564.353393503,21261346.914979383,-87817.12397448719,68599.685560368,0.32132258403748465,3.3205777765349036,19906982.43840437,75.13698630136986,3.318173384444356,19859232.31935187
