run,subsidy,deviation,branches_s2,branches_s3,RP,EV,EEV,EV_PI,EVPI,VSS,VSS_pct,rp_avg_h2,rp_worst_scenario,rp_stage1_entry,eev_avg_h2,eev_worst_scenario
9,30.0,0.2,2,8,22486453.591611736,20390479.467201658,22403093.37746618,22487805.965003055,1352.3733913190663,83360.21414555609,0.37071303309763565,0.03175372788204281,21820131.10334947,74.73972602739768,0.16604988458851683,21723970.344959058
