run,subsidy,deviation,branches_s2,branches_s3,RP,EV,EEV,EV_PI,EVPI,VSS,VSS_pct,rp_avg_h2,rp_worst_scenario,rp_stage1_entry,eev_avg_h2,eev_worst_scenario
9,30.0,1.0,2,2,22522137.15840362,20390479.467201658,22448151.545182448,22529306.848384455,7169.6899808347225,73985.61322117224,0.32850174342165483,0.1913730546183886,22155971.22375118,74.73972602739725,0.20263425109749056,22066649.02687322
