run,subsidy,deviation,branches_s2,branches_s3,RP,EV,EEV,EV_PI,EVPI,VSS,VSS_pct,rp_avg_h2,rp_worst_scenario,rp_stage1_entry,eev_avg_h2,eev_worst_scenario
9,30.0,0.1,8,8,21024522.12488071,20390479.467201658,20966549.015298564,21037812.974131677,13290.849250968546,57973.10958214477,0.27574043889225236,0.2686613364553031,19535697.50565603,74.92865306088848,0.2919084847987574,19472000.284907296
