run,subsidy,deviation,branches_s2,branches_s3,RP,EV,EEV,EV_PI,EVPI,VSS,VSS_pct,rp_avg_h2,rp_worst_scenario,rp_stage1_entry,eev_avg_h2,eev_worst_scenario
9,30.0,0.2,4,8,21579734.340675145,20390479.467201658,21504548.48661318,21587518.31977874,7783.979103595018,75185.8540619649,0.34840954422802517,0.016543843562834233,20017214.617295854,75.50521119212235,0.01771026405564444,19985789.11085779
