run,subsidy,deviation,branches_s2,branches_s3,RP,EV,EEV,EV_PI,EVPI,VSS,VSS_pct,rp_avg_h2,rp_worst_scenario,rp_stage1_entry,eev_avg_h2,eev_worst_scenario
9,0.0,0.2,2,8,22483135.50630527,20390479.467201658,22403674.34652965,22490544.27387663,7408.767571359873,79461.15977561846,0.35342561429358477,0.0,21819500.23996942,73.73972602739725,0.0,21723970.344959315
