run,subsidy,deviation,branches_s2,branches_s3,RP,EV,EEV,EV_PI,EVPI,VSS,VSS_pct,rp_avg_h2,rp_worst_scenario,rp_stage1_entry,eev_avg_h2,eev_worst_scenario
9,70.0,0.05,4,8,21790843.075667284,20565692.625499967,21718688.3806166,21776316.498819955,-14526.576847329736,72154.69505068287,0.3311239257707028,2.459659502208056,20251640.57934981,79.73972602739725,2.444854527346317,20195525.67006432
