run,subsidy,deviation,branches_s2,branches_s3,RP,EV,EEV,EV_PI,EVPI,VSS,VSS_pct,rp_avg_h2,rp_worst_scenario,rp_stage1_entry,eev_avg_h2,eev_worst_scenario
9,45.0,0.2,8,2,21053789.161462955,20424633.937798895,20979425.438790686,21042063.67115398,-11725.490308973938,74363.72267226875,0.35320826147715384,2.8043875366582176,19726089.09855077,75.73972602739767,2.937682804219801,19618110.290720012
