run,subsidy,deviation,branches_s2,branches_s3,RP,EV,EEV,EV_PI,EVPI,VSS,VSS_pct,rp_avg_h2,rp_worst_scenario,rp_stage1_entry,eev_avg_h2,eev_worst_scenario
9,0.0,0.1,8,4,21059697.85971574,20390479.467201658,20993163.48529161,21069138.29079538,9440.43107963726,66534.37442412972,0.31593223638502754,0.0,19606115.489251632,73.73972602739889,0.0,19516898.964664824
