run,subsidy,deviation,branches_s2,branches_s3,RP,EV,EEV,EV_PI,EVPI,VSS,VSS_pct,rp_avg_h2,rp_worst_scenario,rp_stage1_entry,eev_avg_h2,eev_worst_scenario
9,0.0,0.2,4,2,21484568.857257135,20390479.467201658,21410980.03805949,21493262.85044797,8693.993190836161,73588.81919764355,0.34251941328944313,0.0,20019994.58749455,73.60838814963297,0.0,19985698.64748644
