run,subsidy,deviation,branches_s2,branches_s3,RP,EV,EEV,EV_PI,EVPI,VSS,VSS_pct,rp_avg_h2,rp_worst_scenario,rp_stage1_entry,eev_avg_h2,eev_worst_scenario
9,45.0,0.2,8,4,21120471.709657714,20424633.937798895,21051077.24952649,21118834.95513866,-1636.7545190528035,69394.46013122424,0.32856491599802856,2.855072027125943,19613265.52960986,75.73972602739725,2.9002659759155547,19601555.063210007
