run,subsidy,deviation,branches_s2,branches_s3,RP,EV,EEV,EV_PI,EVPI,VSS,VSS_pct,rp_avg_h2,rp_worst_scenario,rp_stage1_entry,eev_avg_h2,eev_worst_scenario
9,30.0,0.1,8,2,20993994.379405927,20390479.467201658,20916523.43159254,21001118.783243023,7124.403837095946,77470.94781338796,0.3690148068696405,0.2686613364553032,19614763.46531827,76.53139278691587,0.2996575342465754,19534870.012655437
