run,subsidy,deviation,branches_s2,branches_s3,RP,EV,EEV,EV_PI,EVPI,VSS,VSS_pct,rp_avg_h2,rp_worst_scenario,rp_stage1_entry,eev_avg_h2,eev_worst_scenario
9,70.0,1.0,8,4,21603677.709580056,20565692.625499967,21539502.184765942,21620311.869383615,16634.15980355814,64175.524814113975,0.2970583327377432,7.3376854595194185,20191083.54758641,75.73972602739725,7.467370082426426,20082908.34276364
