run,subsidy,deviation,branches_s2,branches_s3,RP,EV,EEV,EV_PI,EVPI,VSS,VSS_pct,rp_avg_h2,rp_worst_scenario,rp_stage1_entry,eev_avg_h2,eev_worst_scenario
9,0.0,1.0,8,2,20987015.7162424,20390479.467201658,20914608.965380143,21002480.94848951,15465.232247110456,72406.75086225569,0.34500736951475297,0.0,19613500.84784346,73.53139278691587,0.0,19534870.01265553
