run,subsidy,deviation,branches_s2,branches_s3,RP,EV,EEV,EV_PI,EVPI,VSS,VSS_pct,rp_avg_h2,rp_worst_scenario,rp_stage1_entry,eev_avg_h2,eev_worst_scenario
9,70.0,1.0,8,2,21535390.982174456,20565692.625499967,21462412.60892361,21543641.41543086,8250.433256402612,72978.37325084582,0.33887647227418527,7.502491106625184,19896490.850893546,75.73972602739765,7.481643828576827,19788299.089728363
