run,subsidy,deviation,branches_s2,branches_s3,RP,EV,EEV,EV_PI,EVPI,VSS,VSS_pct,rp_avg_h2,rp_worst_scenario,rp_stage1_entry,eev_avg_h2,eev_worst_scenario
9,45.0,0.1,2,8,22529208.31029643,20424633.937798895,22442791.94225042,22527146.52642037,-2061.7838760614395,86416.36804601178,0.3835748103341796,2.042719121093972,21874219.22641417,75.73972602739725,2.197349259147276,21783658.09157207
