run,subsidy,deviation,branches_s2,branches_s3,RP,EV,EEV,EV_PI,EVPI,VSS,VSS_pct,rp_avg_h2,rp_worst_scenario,rp_stage1_entry,eev_avg_h2,eev_worst_scenario
9,30.0,0.1,4,8,21580558.691445075,20390479.467201658,21511776.96448711,21587518.31977874,6959.628333665431,68781.72695796564,0.31872078912040386,0.008271921781417071,20017570.04195935,76.20195369165563,0.008271921781417231,19985698.647482734
