run,subsidy,deviation,branches_s2,branches_s3,RP,EV,EEV,EV_PI,EVPI,VSS,VSS_pct,rp_avg_h2,rp_worst_scenario,rp_stage1_entry,eev_avg_h2,eev_worst_scenario
9,45.0,1.0,8,8,21102497.199522976,20424633.937798895,21040455.338979993,21114871.611004785,12374.411481808871,62041.86054298282,0.2940024583649052,4.470019226167483,19594744.94382316,75.73972602739727,4.592207951307908,19548120.487601135
