run,subsidy,deviation,branches_s2,branches_s3,RP,EV,EEV,EV_PI,EVPI,VSS,VSS_pct,rp_avg_h2,rp_worst_scenario,rp_stage1_entry,eev_avg_h2,eev_worst_scenario
9,0.0,0.2,8,4,21060140.48504583,20390479.467201658,20993910.66881018,21069138.29079538,8997.805749546736,66229.81623565033,0.31447946077414873,3.941291737419306e-15,19606342.9000483,73.53139278694279,0.0,19516898.964664828
