run,subsidy,deviation,branches_s2,branches_s3,RP,EV,EEV,EV_PI,EVPI,VSS,VSS_pct,rp_avg_h2,rp_worst_scenario,rp_stage1_entry,eev_avg_h2,eev_worst_scenario
9,0.0,1.0,4,8,21584542.204864167,20390479.467201658,21504089.785707045,21592680.756862085,8138.551997918636,80452.41915712133,0.37273164468130826,0.0,20017830.06153773,76.6485492700073,0.0,19985789.110857893
