run,subsidy,deviation,branches_s2,branches_s3,RP,EV,EEV,EV_PI,EVPI,VSS,VSS_pct,rp_avg_h2,rp_worst_scenario,rp_stage1_entry,eev_avg_h2,eev_worst_scenario
9,0.0,0.2,2,4,22472594.48720684,20390479.467201658,22391959.587651744,22480934.578031823,8340.090824984014,80634.89955509454,0.3588143754429345,0.0,21910513.014982313,73.73972602739725,0.0,21809356.169889905
