run,subsidy,deviation,branches_s2,branches_s3,RP,EV,EEV,EV_PI,EVPI,VSS,VSS_pct,rp_avg_h2,rp_worst_scenario,rp_stage1_entry,eev_avg_h2,eev_worst_scenario
9,70.0,0.05,2,8,22682918.47092756,20565692.625499967,22584763.526124742,22692514.227902927,9595.756975367665,98154.94480281696,0.43272626019716576,2.3822477205846337,22039141.681486048,75.73972602739725,2.302419303456281,21869301.13947574
