run,subsidy,deviation,branches_s2,branches_s3,RP,EV,EEV,EV_PI,EVPI,VSS,VSS_pct,rp_avg_h2,rp_worst_scenario,rp_stage1_entry,eev_avg_h2,eev_worst_scenario
9,30.0,0.2,8,2,20988196.63567314,20390479.467201658,20900783.92352212,21001118.783243023,12922.147569883615,87412.71215102077,0.4164851019284213,0.2686613364553083,19613493.354520578,76.53139278691586,0.26866133645530316,19524672.74403134
