run,subsidy,deviation,branches_s2,branches_s3,RP,EV,EEV,EV_PI,EVPI,VSS,VSS_pct,rp_avg_h2,rp_worst_scenario,rp_stage1_entry,eev_avg_h2,eev_worst_scenario
9,0.0,1.0,4,4,21597873.738533333,20390479.467201658,21523487.521554515,21610477.572555374,12603.83402204141,74386.21697881818,0.3444145376500825,0.0,20018699.978453558,73.49326011534082,0.0,19985789.110857986
