run,subsidy,deviation,branches_s2,branches_s3,RP,EV,EEV,EV_PI,EVPI,VSS,VSS_pct,rp_avg_h2,rp_worst_scenario,rp_stage1_entry,eev_avg_h2,eev_worst_scenario
9,45.0,0.05,4,4,21644578.366697613,20424633.937798895,21572603.2190668,21650510.55538677,5932.188689157367,71975.14763081446,0.3325319921295189,1.3260734007682715,20084223.163003597,75.135315227023,1.4435952902219833,20033452.680810817
