run,subsidy,deviation,branches_s2,branches_s3,RP,EV,EEV,EV_PI,EVPI,VSS,VSS_pct,rp_avg_h2,rp_worst_scenario,rp_stage1_entry,eev_avg_h2,eev_worst_scenario
9,0.0,1.0,2,8,22487511.21526777,20390479.467201658,22406427.409024563,22491289.558615457,3778.343347687274,81083.8062432073,0.3605726105793153,0.0,21819312.718738053,73.73972602739725,0.0,21723970.344959058
