run,subsidy,deviation,branches_s2,branches_s3,RP,EV,EEV,EV_PI,EVPI,VSS,VSS_pct,rp_avg_h2,rp_worst_scenario,rp_stage1_entry,eev_avg_h2,eev_worst_scenario
9,45.0,1.0,4,2,21603617.702350352,20424633.937798895,21534135.83563918,21620648.396336026,17030.69398567453,69481.8667111732,0.32162144168850926,5.345716430586776,20168934.686427675,75.65312144167335,5.694031074931349,20124865.341490254
