run,subsidy,deviation,branches_s2,branches_s3,RP,EV,EEV,EV_PI,EVPI,VSS,VSS_pct,rp_avg_h2,rp_worst_scenario,rp_stage1_entry,eev_avg_h2,eev_worst_scenario
9,70.0,0.2,2,8,22754006.099176712,20565692.625499967,22677477.07513827,22692514.227902927,-61491.87127378583,76529.02403844148,0.3363320889731609,3.4821962028717843,22092024.865452413,75.73972602739725,3.522651882182153,22003719.367930893
