run,subsidy,deviation,branches_s2,branches_s3,RP,EV,EEV,EV_PI,EVPI,VSS,VSS_pct,rp_avg_h2,rp_worst_scenario,rp_stage1_entry,eev_avg_h2,eev_worst_scenario
9,30.0,1.0,4,2,21486708.01630788,20390479.467201658,21389716.763716154,21489626.7706422,2918.754334319383,96991.25259172544,0.4514011756389647,0.046801237642247265,20019938.785331417,74.65442430396169,0.04680123764224668,19985789.11085799
