run,subsidy,deviation,branches_s2,branches_s3,RP,EV,EEV,EV_PI,EVPI,VSS,VSS_pct,rp_avg_h2,rp_worst_scenario,rp_stage1_entry,eev_avg_h2,eev_worst_scenario
9,45.0,0.2,4,4,21663991.34098525,20424633.937798895,21594897.660116043,21650510.55538677,-13480.785598479211,69093.68086920679,0.318933292493019,2.4034580678630966,20085023.57987393,75.37765576316016,2.419991445177968,20033452.680811144
