run,subsidy,deviation,branches_s2,branches_s3,RP,EV,EEV,EV_PI,EVPI,VSS,VSS_pct,rp_avg_h2,rp_worst_scenario,rp_stage1_entry,eev_avg_h2,eev_worst_scenario
9,0.0,0.0,8,4,21057371.38254259,20390479.467201658,20983928.39066444,21069138.29079538,11766.908252786845,73442.9918781519,0.3487756878289143,0.0,19606435.813652195,73.73972602739725,0.0,19516898.964664336
