run,subsidy,deviation,branches_s2,branches_s3,RP,EV,EEV,EV_PI,EVPI,VSS,VSS_pct,rp_avg_h2,rp_worst_scenario,rp_stage1_entry,eev_avg_h2,eev_worst_scenario
9,0.0,0.2,8,2,20977592.28553016,20390479.467201658,20915580.193845328,20998076.23244952,20483.946919359267,62012.09168483317,0.2956111017926858,0.0,19613493.354520548,73.53139278691584,0.0,19534870.012655534
