run,subsidy,deviation,branches_s2,branches_s3,RP,EV,EEV,EV_PI,EVPI,VSS,VSS_pct,rp_avg_h2,rp_worst_scenario,rp_stage1_entry,eev_avg_h2,eev_worst_scenario
9,30.0,0.1,2,8,22485645.291170444,20390479.467201658,22399741.089574903,22487805.965003055,2160.6738326102495,85904.20159554109,0.3820401882318829,0.15296512958337027,21818846.442988757,74.73972602739725,0.029563001262860072,21723970.34496197
