run,subsidy,deviation,branches_s2,branches_s3,RP,EV,EEV,EV_PI,EVPI,VSS,VSS_pct,rp_avg_h2,rp_worst_scenario,rp_stage1_entry,eev_avg_h2,eev_worst_scenario
9,70.0,0.1,4,8,21824300.818612397,20565692.625499967,21753749.78778138,21776316.498819955,-47984.319792442024,70551.0308310166,0.3232682293805657,2.83985068755099,20251640.579365183,79.73972602739725,2.8267038424149598,20195525.67006787
