run,subsidy,deviation,branches_s2,branches_s3,RP,EV,EEV,EV_PI,EVPI,VSS,VSS_pct,rp_avg_h2,rp_worst_scenario,rp_stage1_entry,eev_avg_h2,eev_worst_scenario
9,30.0,0.2,4,4,21601173.06215047,20390479.467201658,21519927.25557129,21609847.092926633,8674.0307761617,81245.80657918006,0.3761175670664793,0.014530602456816965,20017995.759720027,73.38639630354261,0.020570325774868257,19985698.64748273
