run,subsidy,deviation,branches_s2,branches_s3,RP,EV,EEV,EV_PI,EVPI,VSS,VSS_pct,rp_avg_h2,rp_worst_scenario,rp_stage1_entry,eev_avg_h2,eev_worst_scenario
9,70.0,0.1,4,4,21829400.47317673,20565692.625499967,21750145.722910352,21797739.484140214,-31660.989036515355,79254.75026637688,0.3630642553090846,2.639256317234053,20251435.515311763,75.73972602739725,2.6425725739185735,20195525.6700642
