run,subsidy,deviation,branches_s2,branches_s3,RP,EV,EEV,EV_PI,EVPI,VSS,VSS_pct,rp_avg_h2,rp_worst_scenario,rp_stage1_entry,eev_avg_h2,eev_worst_scenario
9,70.0,0.05,2,4,22670420.878720712,20565692.625499967,22580675.717155475,22681629.511283286,11208.632562574,89745.16156523675,0.39586896972642815,2.2718723019759093,22112255.224506147,75.73972602739725,2.337816962984553,22025296.975724954
