run,subsidy,deviation,branches_s2,branches_s3,RP,EV,EEV,EV_PI,EVPI,VSS,VSS_pct,rp_avg_h2,rp_worst_scenario,rp_stage1_entry,eev_avg_h2,eev_worst_scenario
9,70.0,0.2,4,4,21899804.288950916,20565692.625499967,21824041.104124356,21797739.484140214,-102064.8048107028,75763.18482656032,0.34595370728853975,3.423838705830916,20250914.221378405,75.73972602735024,3.4406232962051293,20195525.670064796
