run,subsidy,deviation,branches_s2,branches_s3,RP,EV,EEV,EV_PI,EVPI,VSS,VSS_pct,rp_avg_h2,rp_worst_scenario,rp_stage1_entry,eev_avg_h2,eev_worst_scenario
9,30.0,0.1,8,4,21058440.488587342,20390479.467201658,20992239.75180032,21072368.665524572,13928.176937229931,66200.73678702116,0.314366758653846,0.268661336455303,19605711.98580263,76.53139278691586,0.30112125318726907,19477248.078692332
