run,subsidy,deviation,branches_s2,branches_s3,RP,EV,EEV,EV_PI,EVPI,VSS,VSS_pct,rp_avg_h2,rp_worst_scenario,rp_stage1_entry,eev_avg_h2,eev_worst_scenario
9,45.0,0.1,8,2,21046316.924039368,20424633.937798895,20973631.248641584,21042063.67115398,-4253.252885386348,72685.67539778352,0.3453605476916535,2.0611933287529,19726089.098550666,75.73972602739725,2.032936661798756,19596655.259853847
