run,subsidy,deviation,branches_s2,branches_s3,RP,EV,EEV,EV_PI,EVPI,VSS,VSS_pct,rp_avg_h2,rp_worst_scenario,rp_stage1_entry,eev_avg_h2,eev_worst_scenario
9,0.0,1.0,2,2,22521208.690208256,20390479.467201658,22440850.18118479,22538882.003162455,17673.31295419857,80358.50902346522,0.35681259442528673,0.0,22088767.020931836,73.73972602739725,0.0,22066649.026873212
