run,subsidy,deviation,branches_s2,branches_s3,RP,EV,EEV,EV_PI,EVPI,VSS,VSS_pct,rp_avg_h2,rp_worst_scenario,rp_stage1_entry,eev_avg_h2,eev_worst_scenario
9,70.0,0.05,8,2,21177317.125666797,20565692.625499967,21118776.401672103,21191587.900869243,14270.775202445686,58540.72399469465,0.2764312573085266,2.1879955908966844,19843192.93223931,75.73972602739725,2.168364227020828,19752615.990542103
