run,subsidy,deviation,branches_s2,branches_s3,RP,EV,EEV,EV_PI,EVPI,VSS,VSS_pct,rp_avg_h2,rp_worst_scenario,rp_stage1_entry,eev_avg_h2,eev_worst_scenario
9,45.0,1.0,2,4,22524747.321917973,20424633.937798895,22447814.71909175,22535856.00884539,11108.68692741543,76932.60282622278,0.3415470181606104,2.4192381233575775,21958656.606304068,75.73972602739725,3.0080127320620975,21863261.367531203
