run,subsidy,deviation,branches_s2,branches_s3,RP,EV,EEV,EV_PI,EVPI,VSS,VSS_pct,rp_avg_h2,rp_worst_scenario,rp_stage1_entry,eev_avg_h2,eev_worst_scenario
9,70.0,1.0,2,2,23045230.12782371,20565692.625499967,22980380.062499654,23060386.27312793,15156.145304217935,64850.06532405689,0.2814034182533939,8.34559861910185,22744521.418042846,81.58076129497204,8.426223967084766,22661669.318347506
