run,subsidy,deviation,branches_s2,branches_s3,RP,EV,EEV,EV_PI,EVPI,VSS,VSS_pct,rp_avg_h2,rp_worst_scenario,rp_stage1_entry,eev_avg_h2,eev_worst_scenario
9,0.0,1.0,2,4,22481760.183564782,20390479.467201658,22385854.366439402,22486486.63888135,4726.455316569656,95905.81712538004,0.4265938980858433,0.0,21909854.263553623,73.73972602739725,0.0,21809356.169889893
