run,subsidy,deviation,branches_s2,branches_s3,RP,EV,EEV,EV_PI,EVPI,VSS,VSS_pct,rp_avg_h2,rp_worst_scenario,rp_stage1_entry,eev_avg_h2,eev_worst_scenario
9,30.0,1.0,4,4,21601245.934962794,20390479.467201658,21529205.12902061,21611377.591415543,10131.656452748924,72040.80594218522,0.33350301255347153,0.04680123764224676,20018024.318743736,73.38639630354113,0.060681296054874385,19985789.110857982
