run,subsidy,deviation,branches_s2,branches_s3,RP,EV,EEV,EV_PI,EVPI,VSS,VSS_pct,rp_avg_h2,rp_worst_scenario,rp_stage1_entry,eev_avg_h2,eev_worst_scenario
9,45.0,0.05,2,4,22511223.70245211,20424633.937798895,22418675.30746867,22518088.20882063,6864.506368521601,92548.39498343691,0.411121119876552,1.5809148549475687,21947613.331949957,75.73972602739725,1.9572734599291601,21858687.386683855
