run,subsidy,deviation,branches_s2,branches_s3,RP,EV,EEV,EV_PI,EVPI,VSS,VSS_pct,rp_avg_h2,rp_worst_scenario,rp_stage1_entry,eev_avg_h2,eev_worst_scenario
9,70.0,1.0,4,8,22171594.40948089,20565692.625499967,22104935.41865482,22180689.97911655,9095.569635663182,66658.99082606658,0.3006504160005843,8.404686670109164,20745193.44900316,83.5650073865828,7.980774586231504,20697426.881633025
