run,subsidy,deviation,branches_s2,branches_s3,RP,EV,EEV,EV_PI,EVPI,VSS,VSS_pct,rp_avg_h2,rp_worst_scenario,rp_stage1_entry,eev_avg_h2,eev_worst_scenario
3,0.0,0.2,4,4,20083745.35544781,20390479.467201658,19992645.320892558,20096699.2503505,12953.894902691245,91100.03455525264,0.4536008246616278,0.0,18900097.47862489,73.73972602739725,0.0,18899201.302674916
9,0.0,0.2,4,4,21605810.536099948,20390479.467201658,21529083.570209064,21608266.735688694,2456.1995887458324,76726.9658908844,0.35512190465007354,0.0,20018607.150123022,73.37243273481342,0.0,19985698.64748273
