run,subsidy,deviation,branches_s2,branches_s3,RP,EV,EEV,EV_PI,EVPI,VSS,VSS_pct,rp_avg_h2,rp_worst_scenario,rp_stage1_entry,eev_avg_h2,eev_worst_scenario
9,70.0,0.2,4,8,21876536.869896013,20565692.625499967,21805729.327961203,21776316.498819955,-100220.3710760586,70807.54193481058,0.32366888029817836,3.4042323547308952,20251640.964646578,79.73972602739725,3.4008833167048707,20195525.670064855
