run,subsidy,deviation,branches_s2,branches_s3,RP,EV,EEV,EV_PI,EVPI,VSS,VSS_pct,rp_avg_h2,rp_worst_scenario,rp_stage1_entry,eev_avg_h2,eev_worst_scenario
9,0.0,1.0,4,2,21489188.43711554,20390479.467201658,21401717.89004566,21488615.092257947,-573.3448575921357,87470.54706987739,0.4070444415611371,0.0,19995891.142442584,73.73972602739725,0.0,19985789.110857807
