run,subsidy,deviation,branches_s2,branches_s3,RP,EV,EEV,EV_PI,EVPI,VSS,VSS_pct,rp_avg_h2,rp_worst_scenario,rp_stage1_entry,eev_avg_h2,eev_worst_scenario
9,45.0,1.0,8,2,21063345.462437414,20424633.937798895,20998375.121379573,21076779.717347898,13434.254910483956,64970.341057840735,0.3084521458080025,5.181938188473067,19730752.373544358,75.53139278702692,4.88023790273438,19622702.646707047
