run,subsidy,deviation,branches_s2,branches_s3,RP,EV,EEV,EV_PI,EVPI,VSS,VSS_pct,rp_avg_h2,rp_worst_scenario,rp_stage1_entry,eev_avg_h2,eev_worst_scenario
9,70.0,1.0,2,4,22991420.424704,20565692.625499967,22912494.507450126,22997884.11305658,6463.688352581114,78925.91725387424,0.34328421557229805,8.426223967084772,22443193.0091987,81.58076129497204,8.473280093378353,22359072.483432677
