run,subsidy,deviation,branches_s2,branches_s3,RP,EV,EEV,EV_PI,EVPI,VSS,VSS_pct,rp_avg_h2,rp_worst_scenario,rp_stage1_entry,eev_avg_h2,eev_worst_scenario
9,30.0,0.05,2,2,22528251.739551753,20390479.467201658,22441407.056039743,22533211.27850265,4959.538950897753,86844.68351200968,0.38549233431878205,0.0,22164422.720655553,73.73972602739725,0.0,22066649.026873216
