run,subsidy,deviation,branches_s2,branches_s3,RP,EV,EEV,EV_PI,EVPI,VSS,VSS_pct,rp_avg_h2,rp_worst_scenario,rp_stage1_entry,eev_avg_h2,eev_worst_scenario
9,45.0,0.1,4,8,21635419.486704387,20424633.937798895,21558030.88162782,21630448.27655719,-4971.21014719829,77388.60507656634,0.35769403557959184,1.912671763298874,20084972.121665232,78.37765576334135,1.9152517637913558,20033452.68081121
