run,subsidy,deviation,branches_s2,branches_s3,RP,EV,EEV,EV_PI,EVPI,VSS,VSS_pct,rp_avg_h2,rp_worst_scenario,rp_stage1_entry,eev_avg_h2,eev_worst_scenario
9,45.0,0.2,2,8,22526829.383160513,20424633.937798895,22448386.220163986,22527146.52642037,317.1432598568499,78443.16299652681,0.34822105526828134,2.1448901954894093,21872971.595288083,75.73972602739725,2.429212863451158,21783658.091572076
