run,subsidy,deviation,branches_s2,branches_s3,RP,EV,EEV,EV_PI,EVPI,VSS,VSS_pct,rp_avg_h2,rp_worst_scenario,rp_stage1_entry,eev_avg_h2,eev_worst_scenario
9,45.0,0.05,8,4,21104947.382972393,20424633.937798895,21042341.884170607,21118834.95513866,13887.572166267782,62605.49880178645,0.2966389712598714,2.0019215004219952,19581830.1713089,75.53139278691587,2.0066788647169695,19524943.401610546
