run,subsidy,deviation,branches_s2,branches_s3,RP,EV,EEV,EV_PI,EVPI,VSS,VSS_pct,rp_avg_h2,rp_worst_scenario,rp_stage1_entry,eev_avg_h2,eev_worst_scenario
2,0.0,0.05,4,2,21213250.610147905,20390479.467201658,21116872.411983356,21241514.819097746,28264.20894984156,96378.19816454872,0.45433017285169736,0.0,18909978.379388202,73.7397260273973,0.0,18827607.434487466
9,0.0,0.05,4,2,21473753.53404268,20390479.467201658,21402551.13311885,21493262.85044797,19509.3164052926,71202.40092382953,0.33157873778774277,0.0,20019291.21067201,72.46217506062617,0.0,19985698.647482596
