run,subsidy,deviation,branches_s2,branches_s3,RP,EV,EEV,EV_PI,EVPI,VSS,VSS_pct,rp_avg_h2,rp_worst_scenario,rp_stage1_entry,eev_avg_h2,eev_worst_scenario
9,45.0,1.0,4,4,21716120.180846624,20424633.937798895,21637421.594308466,21724308.570746712,8188.38990008831,78698.58653815836,0.3623970851274328,5.449597664556039,20166030.58484334,75.73972602739725,5.592846482704449,20124865.341495242
