run,subsidy,deviation,branches_s2,branches_s3,RP,EV,EEV,EV_PI,EVPI,VSS,VSS_pct,rp_avg_h2,rp_worst_scenario,rp_stage1_entry,eev_avg_h2,eev_worst_scenario
9,30.0,1.0,8,4,21062706.39112426,20390479.467201658,20996391.20441917,21073340.477023944,10634.085899684578,66315.1867050901,0.3148464659462521,0.2686613364551824,19606188.03943526,76.53139278691583,0.30522413298686885,19517364.239423323
