run,subsidy,deviation,branches_s2,branches_s3,RP,EV,EEV,EV_PI,EVPI,VSS,VSS_pct,rp_avg_h2,rp_worst_scenario,rp_stage1_entry,eev_avg_h2,eev_worst_scenario
9,45.0,1.0,8,4,21138767.895273205,20424633.937798895,21071331.046512544,21152981.46895618,14213.573682975024,67436.84876066074,0.3190197701907695,4.703660952887262,19669569.220418815,75.73972602739725,4.926569521277953,19601555.063210163
