run,subsidy,deviation,branches_s2,branches_s3,RP,EV,EEV,EV_PI,EVPI,VSS,VSS_pct,rp_avg_h2,rp_worst_scenario,rp_stage1_entry,eev_avg_h2,eev_worst_scenario
9,30.0,0.2,8,8,21029201.00953208,20390479.467201658,20966585.36966144,21037812.974131677,8611.9645995982,62615.63987063989,0.2977556771760258,0.2764103859031295,19519158.428833455,76.53139278691586,0.2919084847987574,19472000.284907293
