run,subsidy,deviation,branches_s2,branches_s3,RP,EV,EEV,EV_PI,EVPI,VSS,VSS_pct,rp_avg_h2,rp_worst_scenario,rp_stage1_entry,eev_avg_h2,eev_worst_scenario
9,70.0,0.1,2,8,22707985.41904198,20565692.625499967,22628459.189748526,22692514.227902927,-15471.191139053553,79526.22929345444,0.3502126138709206,2.693857691168073,22091823.962578923,75.73972602739725,2.755557144821382,22003719.36793102
