run,subsidy,deviation,branches_s2,branches_s3,RP,EV,EEV,EV_PI,EVPI,VSS,VSS_pct,rp_avg_h2,rp_worst_scenario,rp_stage1_entry,eev_avg_h2,eev_worst_scenario
9,45.0,0.1,4,4,21646213.948209204,20424633.937798895,21578530.48045679,21650510.55538677,4296.607177566737,67683.46775241196,0.31268039720179996,1.6217511068311536,20084767.05761178,75.37765576334165,1.8207477342265233,20028916.08102321
