run,subsidy,deviation,branches_s2,branches_s3,RP,EV,EEV,EV_PI,EVPI,VSS,VSS_pct,rp_avg_h2,rp_worst_scenario,rp_stage1_entry,eev_avg_h2,eev_worst_scenario
9,45.0,0.1,8,4,21118671.620774455,20424633.937798895,21047864.60860264,21118834.95513866,163.33436420559883,70807.01217181608,0.3352815624168481,2.3616882418207514,19613579.42937556,75.73972602739725,2.369040340655196,19524943.401612893
