run,subsidy,deviation,branches_s2,branches_s3,RP,EV,EEV,EV_PI,EVPI,VSS,VSS_pct,rp_avg_h2,rp_worst_scenario,rp_stage1_entry,eev_avg_h2,eev_worst_scenario
1,0.0,0.05,8,4,21354343.549277138,20390479.467201658,21269456.923451122,21376971.80282734,22628.253550201654,84886.62582601607,0.39751456480098424,0.0,20239060.243907556,73.73972602739725,0.0,20162457.1176689
9,0.0,0.05,8,4,21060179.122236095,20390479.467201658,20991004.44484275,21069138.29079538,8959.168559283018,69174.67739334702,0.32846196127700505,0.0,19606115.48925153,74.73972602739725,0.0,19516898.964664537
