run,subsidy,deviation,branches_s2,branches_s3,RP,EV,EEV,EV_PI,EVPI,VSS,VSS_pct,rp_avg_h2,rp_worst_scenario,rp_stage1_entry,eev_avg_h2,eev_worst_scenario
9,30.0,1.0,4,8,21590335.888303615,20390479.467201658,21505608.926994685,21593940.216362596,3604.3280589804053,84726.96130893007,0.3924300286353126,0.046801237639500434,20017598.444233686,76.2218599915264,0.05715727437905187,19985789.110857777
