run,subsidy,deviation,branches_s2,branches_s3,RP,EV,EEV,EV_PI,EVPI,VSS,VSS_pct,rp_avg_h2,rp_worst_scenario,rp_stage1_entry,eev_avg_h2,eev_worst_scenario
9,30.0,0.1,2,4,22478819.2580081,20390479.467201658,22390901.60372123,22478068.733710103,-750.5242979973555,87917.65428686887,0.3911133110585785,0.06753370365915595,21904392.405310877,74.73972602739725,0.06315225042079263,21809356.169889905
