run,subsidy,deviation,branches_s2,branches_s3,RP,EV,EEV,EV_PI,EVPI,VSS,VSS_pct,rp_avg_h2,rp_worst_scenario,rp_stage1_entry,eev_avg_h2,eev_worst_scenario
9,70.0,0.2,4,2,21743736.917206258,20565692.625499967,21669919.507752474,21670577.52756807,-73159.38963818923,73817.40945378318,0.3394881465631144,2.9913579249320197,20252719.626085483,75.23737762849217,3.0239166313512893,20187419.522855107
