run,subsidy,deviation,branches_s2,branches_s3,RP,EV,EEV,EV_PI,EVPI,VSS,VSS_pct,rp_avg_h2,rp_worst_scenario,rp_stage1_entry,eev_avg_h2,eev_worst_scenario
9,70.0,0.1,8,4,21304360.459535107,20565692.625499967,21234132.05894975,21261346.914979383,-43013.54455572367,70228.4005853571,0.32964331747365483,2.7145735275599945,19757975.547276035,75.73972602739725,2.7599490837751874,19671035.092755
