run,subsidy,deviation,branches_s2,branches_s3,RP,EV,EEV,EV_PI,EVPI,VSS,VSS_pct,rp_avg_h2,rp_worst_scenario,rp_stage1_entry,eev_avg_h2,eev_worst_scenario
9,0.0,0.1,8,2,20982721.863248955,20390479.467201658,20908029.88785393,20998076.23244952,15354.36920056492,74691.97539502382,0.355968953321762,0.0,19613493.35452045,73.53139278691586,0.0,19534870.012655735
