run,subsidy,deviation,branches_s2,branches_s3,RP,EV,EEV,EV_PI,EVPI,VSS,VSS_pct,rp_avg_h2,rp_worst_scenario,rp_stage1_entry,eev_avg_h2,eev_worst_scenario
9,70.0,0.2,2,4,22722188.218699798,20565692.625499967,22630859.636756293,22681629.511283286,-40558.70741651207,91328.58194350451,0.4019356809497042,3.160958904109578,22102406.14137879,75.73972602739725,3.0958747542245355,22025296.9757253
