run,subsidy,deviation,branches_s2,branches_s3,RP,EV,EEV,EV_PI,EVPI,VSS,VSS_pct,rp_avg_h2,rp_worst_scenario,rp_stage1_entry,eev_avg_h2,eev_worst_scenario
9,30.0,0.2,2,4,22476426.930906292,20390479.467201658,22395040.058240183,22478068.733710103,1641.8028038106859,81386.87266610935,0.3620988020751556,0.05912600252572098,21908419.980170973,74.73972602739725,0.07283955304229948,21793900.406147413
