run,subsidy,deviation,branches_s2,branches_s3,RP,EV,EEV,EV_PI,EVPI,VSS,VSS_pct,rp_avg_h2,rp_worst_scenario,rp_stage1_entry,eev_avg_h2,eev_worst_scenario
9,45.0,1.0,2,8,22537935.44466182,20424633.937798895,22461274.024715956,22550125.925790798,12190.481128979474,76661.41994586214,0.3401439325890857,3.154691929627502,21860028.657055058,75.73972602739725,3.1919734536271953,21799695.727674205
