run,subsidy,deviation,branches_s2,branches_s3,RP,EV,EEV,EV_PI,EVPI,VSS,VSS_pct,rp_avg_h2,rp_worst_scenario,rp_stage1_entry,eev_avg_h2,eev_worst_scenario
9,30.0,0.05,4,4,21588282.65623504,20390479.467201658,21515529.626455717,21609847.092926633,21564.43669159338,72753.02977932245,0.3370023958728844,1.491862189340054e-16,20018629.87491873,73.39091043079351,0.012341113288012469,19985698.6474826
