subsidy,deviation,run,solve_time,avg_h2_production,objective_value
0.0,0.1,0,5.715304613113403,0.0,21193281.6492381
0.0,0.1,0,13.005420446395874,0.11266172674794908,21182300.07752482
0.0,0.1,0,82.15760040283203,0.2872059547932013,21167563.165891025
0.0,0.1,0,495.70371103286743,0.024377620046531157,21193066.675436005
0.0,0.1,0,5.008908748626709,0.0,21677690.8763247
0.0,0.1,0,22.848769187927246,0.0,21701869.16966898
0.0,0.1,0,506.4021861553192,0.043829106938242546,21713107.56770345
0.0,0.1,0,1126.7659225463867,0.017575942770324576,21730011.77169434
