subsidy,deviation,run,solve_time,avg_h2_production,objective_value
30.0,0.1,2,5.858139276504517,0.04572264435753895,20728081.518358197
30.0,0.1,2,23.24967074394226,0.11868785389068198,20745374.78565772
30.0,0.1,2,122.62425255775452,0.1646368584607988,20742685.99435438
30.0,0.1,2,727.6917994022369,0.526268684691473,20742878.246427573
30.0,0.1,2,5.384575128555298,0.01687285067243528,21145651.712972417
30.0,0.1,2,18.408681631088257,0.04572264435753898,21143930.27277236
30.0,0.1,2,383.03802967071533,0.2401011317773497,21162869.442875244
