subsidy,deviation,run,solve_time,avg_h2_production,objective_value
70.0,0.0,2,4.712197780609131,2.0425578160467555,20919802.118663244
70.0,0.0,2,20.44071340560913,2.104603868726625,20908151.35699742
70.0,0.0,2,106.20343828201294,2.056050807677707,20940999.418875184
70.0,0.0,2,402.84003472328186,2.0779886780200973,20933836.19646884
70.0,0.0,2,7.1739137172698975,2.0408091515681113,21361702.79445594
70.0,0.0,2,16.703441858291626,2.15304678026568,21362208.36031518
70.0,0.0,2,211.99375915527344,2.152935773936549,21372481.066684432
