subsidy,deviation,run,solve_time,avg_h2_production,objective_value
0.0,0.2,2,6.091163873672485,0.0,20732969.41384364
0.0,0.2,2,13.352758884429932,0.0804164944785993,20723115.08046246
0.0,0.2,2,114.74984908103943,0.13007801779289369,20735949.4426724
0.0,0.2,2,570.4486989974976,0.027140061744667543,20738302.45223458
0.0,0.2,2,6.887255668640137,0.0,21158268.527304616
0.0,0.2,2,35.55936884880066,0.0,21146370.18829896
0.0,0.2,2,327.9106934070587,0.09554663239245192,21151928.104501106
