subsidy,deviation,run,solve_time,avg_h2_production,objective_value
30.0,0.2,0,4.713283538818359,0.0,21189464.109047916
30.0,0.2,0,13.353240251541138,0.40345082041767977,21164903.521059193
30.0,0.2,0,132.17563819885254,0.34351053579428037,21191747.40234689
30.0,0.2,0,353.6746687889099,0.6066815563086498,21188120.721274447
30.0,0.2,0,6.322488784790039,0.0,21702703.944603194
30.0,0.2,0,45.860097885131836,0.2870354290451471,21695020.587921526
30.0,0.2,0,561.3931019306183,0.5019837822480021,21723907.486065075
