subsidy,deviation,run,solve_time,avg_h2_production,objective_value
70.0,1.0,3,5.670972585678101,8.506849315068493,20340945.498701487
70.0,1.0,3,23.77383303642273,8.307370344514013,20338229.400514558
70.0,1.0,3,195.58742785453796,8.506849315068486,20367117.916551314
70.0,1.0,3,20.658743619918823,8.203097967451157,20628433.57900643
70.0,1.0,3,77.53329133987427,8.506849315067122,20700321.79992286
70.0,1.0,3,1788.4949672222137,8.506849315068486,20380876.147758853
