vol_multiplier,shock_type,correlated,subsidy,deviation,run,termination_condition,feasible,objective,avg_h2_production,std_h2_production,avg_scenario_obj,std_scenario_obj,worst_scenario_obj,best_scenario_obj,obj_range,cvar_5pct,avg_revenue,std_revenue,avg_demand_met,min_demand_met,total_entry_booking,total_exit_booking,n_quality_deviations
1.0,demand,0,0,0.0,0,optimal,True,21696859.929188147,0.0,0.0,21696859.929188147,1295146.2393193506,20150222.20007079,23742311.19739498,3592088.9973241873,20150222.20007079,24176116.328127593,1297985.762399639,4.512543146764127,3.5667065632985384,72.73972602739725,229.52683818188424,0.0
2.0,demand,0,0,0.0,0,optimal,True,21655120.569316346,0.0,0.0,21655120.569316346,1288415.7307730725,20150829.812070675,23710654.171007194,3559824.3589365184,20150829.812070675,24132829.511071783,1291025.6036568293,4.15445584093672,2.5990626226278515,72.73972602739725,229.4737882549178,0.0
3.0,demand,0,0,0.0,0,optimal,True,21603559.784586716,0.034535194257552936,0.05981671110334262,21603559.784586716,1216270.6058244605,20159845.31617358,23531110.07331985,3371264.757146269,20159845.31617358,24086394.28312372,1227377.9051812,4.045021189519313,2.0620626090774814,73.73972602739725,231.75935618575255,0.0
5.0,demand,0,0,0.0,0,optimal,True,21340308.82964639,0.0,0.0,21340308.829646394,1033252.859452499,20107744.183604598,22946036.011027522,2838291.8274229243,20107744.183604598,23818434.063209772,1028716.5886595513,4.1763722139342025,1.5568688608904848,73.73972602739725,225.48676805752632,0.0
7.0,demand,0,0,0.0,0,optimal,True,21372080.77578309,0.0,0.0,21372080.77578309,868564.8929221119,20210581.60386169,22656541.599440943,2445959.995579254,20210581.60386169,23851635.15101064,865223.7229008175,4.482582544765244,1.3458176485585582,73.73972602739725,239.42459955448587,0.0
20.0,demand,0,0,0.0,0,optimal,True,20822075.452750873,0.43732031845200925,0.7574610107410812,21158987.712240696,525447.9755798222,20261368.225874428,21537620.113489863,1276251.8876154348,20261368.225874428,23728291.68813511,597979.4259181259,6.799109410005448,1.098939589157037,76.22924334576217,253.72362340397692,0.0
