subsidy,deviation,run,solve_time,avg_h2_production,objective_value
30.0,0.0,0,4.230390548706055,0.0,21165238.090468634
30.0,0.0,0,9.787700176239014,0.02747588590923896,21192917.85731218
30.0,0.0,0,81.71055364608765,0.38787903468380525,21191933.214005865
30.0,0.0,0,342.8900640010834,0.12760075714405492,21194926.907393184
30.0,0.0,0,3.7057511806488037,0.0,21706772.493754618
30.0,0.0,0,14.07070541381836,0.0,21702127.023196697
30.0,0.0,0,196.3928382396698,0.11092419708131676,21715395.159463994
30.0,0.0,0,1082.3662571907043,0.48298583376993565,21731667.95975331
