subsidy,deviation,run,solve_time,avg_h2_production,objective_value
0.0,0.1,1,5.597011566162109,0.0,20711652.26463511
0.0,0.1,1,17.888447999954224,0.0,20700239.223023243
0.0,0.1,1,128.41719031333923,0.017749078963051834,20709009.573556982
0.0,0.1,1,1305.6054437160492,0.06888788738037646,20707939.744234897
0.0,0.1,1,7.123916149139404,0.0,21039101.51962264
0.0,0.1,1,54.76623225212097,0.0,21040668.331213817
0.0,0.1,1,2657.944053173065,0.03361378218287505,21055695.074237335
0.0,0.1,1,26419.52755355835,0.0,21089376.401040096
