subsidy,deviation,run,solve_time,avg_h2_production,objective_value
45.0,0.0,2,4.531897068023682,1.8318055465193317,20788422.59104123
45.0,0.0,2,14.53230905532837,1.9307377257417513,20795468.18805692
45.0,0.0,2,93.87987160682678,1.8477969452505343,20794703.005748965
45.0,0.0,2,788.3412325382233,1.913326413605183,20787413.918648027
45.0,0.0,2,5.622223138809204,1.9560937649634949,21205684.406419102
45.0,0.0,2,15.563746929168701,2.149672698243221,21223827.201147124
45.0,0.0,2,226.82779145240784,2.082326133670667,21214204.772386257
45.0,0.0,2,531.7128322124481,2.042711946707463,21229221.929178048
