subsidy,deviation,run,solve_time,avg_h2_production,objective_value
0.0,0.2,1,5.36458158493042,0.0,20708164.29072882
0.0,0.2,1,16.723084449768066,0.0,20709371.65302449
0.0,0.2,1,147.3743760585785,0.1074996635152145,20699413.187126573
0.0,0.2,1,900.3658449649811,0.004013407169953023,20715578.070246648
0.0,0.2,1,7.372417211532593,0.0,21041385.1638001
0.0,0.2,1,20.514811038970947,0.0,21038542.97280276
0.0,0.2,1,7134.37663435936,0.07834119688599507,21060141.33891407
