subsidy,deviation,run,solve_time,avg_h2_production,objective_value
45.0,0.0,3,4.109494686126709,1.4543410175797078,19715117.70568706
45.0,0.0,3,15.200183391571045,1.409774686723148,19699113.684687626
45.0,0.0,3,79.27436661720276,1.3882000059420836,19693141.980896436
45.0,0.0,3,383.3901963233948,1.5341929528081917,19709384.134592082
45.0,0.0,3,5.542928218841553,1.5423373790116814,20082595.263769336
45.0,0.0,3,47.98625159263611,1.8660410039189366,20089119.911349252
45.0,0.0,3,262.63714623451233,1.7435989204820936,20099111.00346089
45.0,0.0,3,2013.0019931793213,1.7195377281710866,20098835.771731656
