subsidy,deviation,run,solve_time,avg_h2_production,objective_value
30.0,0.0,1,4.029712200164795,0.0,20707991.972057987
30.0,0.0,1,23.470359325408936,0.010749932127053571,20711521.637825597
30.0,0.0,1,119.34347367286682,0.1492966931135714,20707994.9992976
30.0,0.0,1,585.4939110279083,0.1141326191581662,20710667.168699227
30.0,0.0,1,3.9870667457580566,0.0,21041565.12897197
30.0,0.0,1,17.904743432998657,0.0,21040168.182117924
30.0,0.0,1,712.3942940235138,0.1299019104140347,21053426.552508224
30.0,0.0,1,2668.0761806964874,0.37142278677548124,21079655.714166373
