subsidy,deviation,run,solve_time,avg_h2_production,objective_value
70.0,0.05,1,4.047734260559082,2.0642808390544607,20911394.18219573
70.0,0.05,1,17.24295473098755,2.0623788407424675,20901438.323791053
70.0,0.05,1,94.46681714057922,2.0652112522185644,20913003.869767636
70.0,0.05,1,705.7981586456299,2.0696243370313656,20903320.605975498
70.0,0.05,1,9.440438032150269,2.181380572050304,21237814.655066207
70.0,0.05,1,62.47964572906494,2.296652759113049,21244864.368608575
70.0,0.05,1,1697.6701347827911,2.254772921588625,21261691.331158135
70.0,0.05,1,33485.159329891205,2.1878110579307153,21289280.4481394
