subsidy,deviation,run,solve_time,avg_h2_production,objective_value
0.0,1.0,0,4.425204038619995,0.0,21193513.410399824
0.0,1.0,0,9.224341630935669,0.160309452357139,21179360.21153173
0.0,1.0,0,84.19231081008911,0.16793480403528305,21176326.038542017
0.0,1.0,0,508.35967659950256,0.12218527596131752,21182563.46049592
0.0,1.0,0,6.0964436531066895,0.0,21703385.223686878
0.0,1.0,0,18.399502992630005,0.0,21708034.810051735
0.0,1.0,0,374.7256717681885,0.014426134341576597,21719194.96574911
