subsidy,deviation,run,solve_time,avg_h2_production,objective_value
70.0,1.0,2,7.62796425819397,8.506849315068493,21446915.366300877
70.0,1.0,2,29.150747299194336,8.443796496721081,21463422.419806346
70.0,1.0,2,448.42147421836853,8.469540456840699,21496913.338732366
70.0,1.0,2,125.83758497238159,8.131939772587696,21783507.926044703
70.0,1.0,2,221.33863711357117,8.436676781344882,21854443.529688984
70.0,1.0,2,10734.532101869583,8.50684931506849,21506943.601983257
