subsidy,deviation,run,solve_time,avg_h2_production,objective_value
45.0,1.0,2,7.19400954246521,6.991359106939756,20856723.45872808
45.0,1.0,2,20.908151865005493,7.230094701726399,20876972.07321543
45.0,1.0,2,560.6189641952515,7.756992235453274,20901191.75842122
45.0,1.0,2,8.929826259613037,4.657340424565911,21275273.512874566
45.0,1.0,2,36.49810314178467,6.69925043449971,21286649.004526857
45.0,1.0,2,5399.2529401779175,8.188656493945388,20913702.652428415
