subsidy,deviation,run,solve_time,avg_h2_production,objective_value
70.0,1.0,0,5.630456924438477,8.011953574996015,21891619.20812952
70.0,1.0,0,26.099448442459106,8.44565127092915,21922022.10320554
70.0,1.0,0,773.8869643211365,8.411388475233501,21953332.9448117
70.0,1.0,0,5421.1530821323395,8.506849315068497,21973326.972261272
70.0,1.0,0,5.789680242538452,7.501753836521467,22279452.095207695
70.0,1.0,0,63.7463002204895,8.391293193067964,22394339.250447653
