m_2,m_3,mean,stderr
2,2,1.8104203343391418,0.09986900152405336
2,4,3.646378815174103,0.3975220842214406
