subsidy,deviation,run,solve_time,avg_h2_production,objective_value
45.0,0.05,0,4.269671201705933,1.771892148752933,21223185.66854208
45.0,0.05,0,20.909914255142212,1.8205892341192675,21221854.856465153
45.0,0.05,0,82.97456502914429,1.8413128751514112,21251872.76432083
45.0,0.05,0,211.9399116039276,1.9404123768818944,21249236.160332546
45.0,0.05,0,4.457408666610718,1.8113565518047978,21733682.37939518
45.0,0.05,0,35.78570508956909,2.1467540839162487,21751861.903859053
45.0,0.05,0,208.68611335754395,1.9093637515614879,21761933.69765289
45.0,0.05,0,1875.6106867790222,2.105120700939154,21791312.831843052
