subsidy,deviation,run,solve_time,avg_h2_production,objective_value
0.0,0.0,0,4.288915157318115,0.0,21193263.516949166
0.0,0.0,0,7.013687610626221,0.05766606966565867,21185730.516844507
0.0,0.0,0,65.84292697906494,0.06708326905646747,21181580.114427276
0.0,0.0,0,300.7816081047058,0.05458899819809019,21189100.201569933
0.0,0.0,0,3.7362122535705566,0.0,21704487.964514032
0.0,0.0,0,15.78761339187622,0.146531693440384,21684448.91404447
0.0,0.0,0,218.4897804260254,0.06021372190033171,21704395.56529555
0.0,0.0,0,700.7900884151459,0.05169081908378635,21726870.123378377
