subsidy,deviation,run,solve_time,avg_h2_production,objective_value
30.0,0.05,0,4.252492427825928,0.0,21165238.090468634
30.0,0.05,0,9.772519588470459,0.02747588590923896,21192917.85731218
30.0,0.05,0,81.75188326835632,0.38787903468380525,21191933.214005865
30.0,0.05,0,342.8275201320648,0.12760075714405492,21194926.907393184
30.0,0.05,0,3.7178795337677,0.0,21706772.493754618
30.0,0.05,0,14.073562860488892,0.0,21702127.023196697
30.0,0.05,0,195.55269622802734,0.11092419708131676,21715395.159463994
30.0,0.05,0,1084.0712027549744,0.48298583376993565,21731667.95975331
