deviation,subsidy,mean,se
0,0,20919665.098787054,716852.415966043
0,40,22400645.20452156,248483.9008070691
0,80,22928588.9501398,517917.59779027634
