deviation,subsidy,mean,se
0,0,0.0217811885472922,0.009074513975709832
0,40,1.937660941275496,0.16024586192924758
0,80,1.949811828984059,0.10286906838531663
