subsidy,deviation,run,solve_time,avg_h2_production,objective_value
30.0,0.0,3,4.117391586303711,0.0,19675391.145647444
30.0,0.0,3,18.50868248939514,0.14700787794889875,19660456.68645645
30.0,0.0,3,85.85451674461365,0.31722063176552473,19673871.834823366
30.0,0.0,3,389.120596408844,0.1679099470133746,19683074.852590792
30.0,0.0,3,4.220412015914917,0.0,20038779.49899656
30.0,0.0,3,13.641077041625977,0.0,20049795.2737911
30.0,0.0,3,265.19202423095703,0.10574561084326635,20063885.170819815
30.0,0.0,3,698.2576463222504,0.12252458721729688,20072995.091217365
