subsidy,deviation,run,solve_time,avg_h2_production,objective_value
0.0,1.0,1,5.207314729690552,0.0,20712798.795718845
0.0,1.0,1,16.506343364715576,0.22462900472679329,20685911.063922737
0.0,1.0,1,138.97062849998474,0.12013163612476564,20690532.500671383
0.0,1.0,1,2046.09219956398,0.06427372647399554,20709949.052491713
0.0,1.0,1,6.388676166534424,0.0,21036271.837765604
0.0,1.0,1,26.645845413208008,0.0,21040767.733750872
0.0,1.0,1,14968.073613882065,0.08981970001997841,21063412.369298264
