subsidy,deviation,run,solve_time,avg_h2_production,objective_value
30.0,1.0,2,5.434771776199341,0.1271443631870176,20728528.291176025
30.0,1.0,2,22.737346172332764,0.4542893001824321,20741869.338641547
30.0,1.0,2,117.8536434173584,0.3030243512342585,20744225.48153302
30.0,1.0,2,1012.751690864563,0.6781985145080619,20740594.191351045
30.0,1.0,2,7.252662897109985,0.12327565184957781,21149317.0399671
30.0,1.0,2,35.340986490249634,0.06834559738159703,21148892.989902545
