subsidy,deviation,run,solve_time,avg_h2_production,objective_value
0.0,0.05,0,4.24492883682251,0.0,21193263.516949166
0.0,0.05,0,7.053983449935913,0.05766606966565867,21185730.516844507
0.0,0.05,0,65.96822476387024,0.06708326905646747,21181580.114427276
0.0,0.05,0,295.8965380191803,0.05458899819809019,21189100.201569933
0.0,0.05,0,3.7328503131866455,0.0,21704487.964514032
0.0,0.05,0,15.591344118118286,0.146531693440384,21684448.91404447
0.0,0.05,0,218.61581945419312,0.06021372190033171,21704395.56529555
0.0,0.05,0,699.1044795513153,0.05169081908378635,21726870.123378377
