subsidy,deviation,run,solve_time,avg_h2_production,objective_value
30.0,0.2,2,6.108150482177734,0.04572264435753897,20727712.46428958
30.0,0.2,2,16.364752292633057,0.15392791150933485,20734833.973155726
30.0,0.2,2,121.96507596969604,0.40554998792853497,20739234.663578562
30.0,0.2,2,651.7722969055176,0.16880778882352293,20754256.51916935
30.0,0.2,2,7.626810073852539,0.011430661089384718,21132570.811999615
30.0,0.2,2,22.128446340560913,0.08382814281909104,21137367.421235994
30.0,0.2,2,548.7424252033234,0.24716504919745375,21164785.66962256
