subsidy,deviation,run,solve_time,avg_h2_production,objective_value
0.0,0.0,3,4.0537190437316895,0.0,19675391.14564744
0.0,0.0,3,11.374799489974976,0.0,19684443.092953242
0.0,0.0,3,68.44305539131165,0.11016189992112692,19673199.260916423
0.0,0.0,3,366.00525975227356,0.017680174369426423,19683087.571590964
0.0,0.0,3,6.59148097038269,0.0,20048801.148865107
0.0,0.0,3,25.182639837265015,0.030741690981489475,20033003.144549802
0.0,0.0,3,216.4347162246704,0.031098827488758866,20063248.74768236
0.0,0.0,3,1083.4670860767365,0.02002170205840356,20070123.407338023
