run,subsidy,deviation,branches_s2,branches_s3,RP,EV,EEV,EV_PI,EVPI,VSS,VSS_pct,rp_avg_h2,rp_worst_scenario,rp_stage1_entry,eev_avg_h2,eev_worst_scenario
0,0,0.0,4,4,21799896.147833433,20390479.467201658,21731825.61343876,21816173.514678445,16277.366845011711,68070.534394674,0.3122516452971229,0.0,20108602.55308119,73.33701475992869,0.0,20080396.409830205
1,0,0.0,4,4,21103202.0945875,20390479.467201658,21019116.414457977,21120984.31298735,17782.21839984879,84085.68012952432,0.39844986439802144,0.0,18902484.56506357,73.73972602739725,0.0,18839613.881512787
2,0,0.0,4,4,21202973.71733288,20390479.467201658,21098610.145944748,21218535.29145251,15561.574119627476,104363.57138813287,0.4922119546977429,0.0,18810823.161778573,73.73972602739725,0.0,18728436.667719115
3,0,0.0,4,4,20089300.0624547,20390479.467201658,19981149.590140786,20098387.609528583,9087.547073882073,108150.47231391445,0.5383486332410309,0.0,18891762.63850902,73.73972602739735,0.0,18899201.302675027
4,0,0.0,4,4,22019831.350322142,20390479.467201658,21916155.714407474,22028851.08158019,9019.731258049607,103675.63591466844,0.4708284739571891,0.0,20065421.878684603,73.73972602739725,0.0,19888584.495310485
5,0,0.0,4,4,21889523.205731943,20390479.467201658,21809209.312424254,21897974.41966517,8451.213933225721,80313.89330768958,0.36690563130520243,0.0,21117210.979965165,73.73972602739725,0.0,21124348.362490762
