run,subsidy,deviation,branches_s2,branches_s3,RP,EV,EEV,EV_PI,EVPI,VSS,VSS_pct,rp_avg_h2,rp_worst_scenario,rp_stage1_entry,eev_avg_h2,eev_worst_scenario
0,70,0.0,8,8,20719327.98754931,20565692.625499967,20965347.698312037,21077736.42163575,358408.434086442,-246019.710762728,-1.1873923271573603,2.0503597630192574,17245328.064006317,73.42565661423623,2.1339013502537143,19536896.204657976
