run,subsidy,deviation,branches_s2,branches_s3,RP,EV,EEV,EV_PI,EVPI,VSS,VSS_pct,rp_avg_h2,rp_worst_scenario,rp_stage1_entry,eev_avg_h2,eev_worst_scenario
0,70,0.0,8,8,20719327.98754931,20565692.625499967,20965347.698312037,21077736.42163575,358408.434086442,-246019.710762728,-1.1873923271573603,2.0503597630192574,17245328.064006317,73.42565661423623,2.1339013502537143,19536896.204657976
0,70,0.0,2,2,21993940.588537723,20565692.625499967,21988939.779518176,22018133.971315246,24193.38277752325,5000.809019546956,0.022737212549138002,1.9701375326940287,21075359.314563744,75.73972602739725,1.970137532694029,21044560.86652171
0,70,0.0,2,2,21993940.588537723,20565692.625499967,21988939.779518176,22018133.971315246,24193.38277752325,5000.809019546956,0.022737212549138002,1.9701375326940287,21075359.314563744,75.73972602739725,1.970137532694029,21044560.86652171
