subsidy,deviation,run,solve_time,avg_h2_production,objective_value
70.0,0.05,3,4.100422382354736,2.088949265497423,19851383.104177587
70.0,0.05,3,14.919328927993774,2.1038829837609843,19841421.216699418
70.0,0.05,3,90.9421443939209,2.0489994828735165,19850641.804505713
70.0,0.05,3,299.9321594238281,2.056055489824058,19846359.577413622
70.0,0.05,3,6.950913429260254,2.0445856420002464,20228244.642245602
70.0,0.05,3,19.165319681167603,2.1747756922117905,20225766.09567644
70.0,0.05,3,360.34344267845154,2.1323688299635792,20238393.485208545
