subsidy,deviation,run,solve_time,avg_h2_production,objective_value
70.0,0.0,3,4.116461515426636,2.088949265497423,19851383.104177587
70.0,0.0,3,15.023247957229614,2.1038829837609843,19841421.216699418
70.0,0.0,3,91.67098665237427,2.0489994828735165,19850641.804505713
70.0,0.0,3,305.7002477645874,2.056055489824058,19846359.577413622
70.0,0.0,3,6.92613959312439,2.0445856420002464,20228244.642245602
70.0,0.0,3,19.28002166748047,2.1747756922117905,20225766.09567644
70.0,0.0,3,360.5532398223877,2.1323688299635792,20238393.485208545
