subsidy,deviation,run,solve_time,avg_h2_production,objective_value
30.0,0.2,3,4.304035663604736,0.012776738340380145,19675433.786002845
30.0,0.2,3,16.53766655921936,0.17055610206215072,19679298.98218211
30.0,0.2,3,131.7329125404358,0.13473685929898266,19684149.044325396
30.0,0.2,3,355.1937470436096,0.3602046367831284,19676167.688639924
30.0,0.2,3,7.443034887313843,0.012776738340380078,20051018.76319212
30.0,0.2,3,29.3457088470459,0.029532042374147235,20039343.93588917
30.0,0.2,3,451.418270111084,0.15704332441998764,20062680.97342162
