subsidy,deviation,run,solve_time,avg_h2_production,objective_value
0.0,0.05,1,4.370701551437378,0.0,20708039.267394826
0.0,0.05,1,14.05468201637268,0.0,20711565.2424139
0.0,0.05,1,82.50631165504456,0.06035634814550542,20703824.036052905
0.0,0.05,1,785.4445176124573,0.15149441144165154,20692870.871195827
0.0,0.05,1,4.24761438369751,0.0,21040799.745595373
0.0,0.05,1,17.420111894607544,0.0,21035231.83537935
0.0,0.05,1,532.9648067951202,0.011726615308257464,21049899.034646794
0.0,0.05,1,2747.9097135066986,0.029438240627379732,21085983.980960168
